[{"Plan": {"Node Type": "Expression", "Description": "Projection", "Header": [{"Name": "C_CITY", "Type": "LowCardinality(String)"}, {"Name": "S_CITY", "Type": "LowCardinality(String)"}, {"Name": "year", "Type": "UInt16"}, {"Name": "revenue", "Type": "UInt64"}], "Expression": {"Inputs": [{"Name": "C_CITY", "Type": "LowCardinality(String)"}, {"Name": "S_CITY", "Type": "LowCardinality(String)"}, {"Name": "toYear(LO_ORDERDATE)", "Type": "UInt16"}, {"Name": "sum(LO_REVENUE)", "Type": "UInt64"}], "Actions": [{"Node Type": "INPUT", "Result Type": "INPUT", "Arguments": [0], "Removed Arguments": [0], "Result": 0}, {"Node Type": "INPUT", "Result Type": "INPUT", "Arguments": [1], "Removed Arguments": [1], "Result": 1}, {"Node Type": "INPUT", "Result Type": "INPUT", "Arguments": [2], "Removed Arguments": [], "Result": 2}, {"Node Type": "INPUT", "Result Type": "INPUT", "Arguments": [3], "Removed Arguments": [], "Result": 3}, {"Node Type": "ALIAS", "Result Type": "ALIAS", "Arguments": [2], "Removed Arguments": [2], "Result": 4}, {"Node Type": "ALIAS", "Result Type": "ALIAS", "Arguments": [3], "Removed Arguments": [3], "Result": 2}], "Outputs": [{"Name": "C_CITY", "Type": "LowCardinality(String)"}, {"Name": "S_CITY", "Type": "LowCardinality(String)"}, {"Name": "year", "Type": "UInt16"}, {"Name": "revenue", "Type": "UInt64"}], "Positions": [0, 1, 4, 2], "Project Input": true}, "Plans": [{"Node Type": "Sorting", "Description": "Sorting for ORDER BY", "Header": [{"Name": "C_CITY", "Type": "LowCardinality(String)"}, {"Name": "S_CITY", "Type": "LowCardinality(String)"}, {"Name": "toYear(LO_ORDERDATE)", "Type": "UInt16"}, {"Name": "sum(LO_REVENUE)", "Type": "UInt64"}], "Sort Description": [{"Column": "toYear(LO_ORDERDATE)", "Ascending": true, "With Fill": false}, {"Column": "sum(LO_REVENUE)", "Ascending": false, "With Fill": false}], "Plans": [{"Node Type": "Expression", "Description": "Before ORDER BY", "Header": [{"Name": "C_CITY", "Type": "LowCardinality(String)"}, {"Name": "S_CITY", "Type": "LowCardinality(String)"}, {"Name": "toYear(LO_ORDERDATE)", "Type": "UInt16"}, {"Name": "sum(LO_REVENUE)", "Type": "UInt64"}], "Expression": {"Inputs": [{"Name": "C_CITY", "Type": "LowCardinality(String)"}, {"Name": "S_CITY", "Type": "LowCardinality(String)"}, {"Name": "toYear(LO_ORDERDATE)", "Type": "UInt16"}, {"Name": "sum(LO_REVENUE)", "Type": "UInt64"}], "Actions": [{"Node Type": "INPUT", "Result Type": "INPUT", "Arguments": [0], "Removed Arguments": [0], "Result": 0}, {"Node Type": "INPUT", "Result Type": "INPUT", "Arguments": [1], "Removed Arguments": [1], "Result": 1}, {"Node Type": "INPUT", "Result Type": "INPUT", "Arguments": [2], "Removed Arguments": [2], "Result": 2}, {"Node Type": "INPUT", "Result Type": "INPUT", "Arguments": [3], "Removed Arguments": [3], "Result": 3}], "Outputs": [{"Name": "C_CITY", "Type": "LowCardinality(String)"}, {"Name": "S_CITY", "Type": "LowCardinality(String)"}, {"Name": "toYear(LO_ORDERDATE)", "Type": "UInt16"}, {"Name": "sum(LO_REVENUE)", "Type": "UInt64"}], "Positions": [0, 1, 2, 3], "Project Input": false}, "Plans": [{"Node Type": "Aggregating", "Header": [{"Name": "C_CITY", "Type": "LowCardinality(String)"}, {"Name": "S_CITY", "Type": "LowCardinality(String)"}, {"Name": "toYear(LO_ORDERDATE)", "Type": "UInt16"}, {"Name": "sum(LO_REVENUE)", "Type": "UInt64"}], "Keys": ["C_CITY", "S_CITY", "toYear(LO_ORDERDATE)"], "Aggregates": [{"Name": "sum(LO_REVENUE)", "Function": {"Name": "sum", "Argument Types": ["UInt32"], "Result Type": "UInt64"}, "Arguments": ["LO_REVENUE"], "Argument Positions": [0]}], "Plans": [{"Node Type": "Expression", "Description": "Before GROUP BY", "Header": [{"Name": "LO_REVENUE", "Type": "UInt32"}, {"Name": "C_CITY", "Type": "LowCardinality(String)"}, {"Name": "S_CITY", "Type": "LowCardinality(String)"}, {"Name": "toYear(LO_ORDERDATE)", "Type": "UInt16"}], "Expression": {"Inputs": [{"Name": "LO_ORDERDATE", "Type": "Date"}, {"Name": "LO_REVENUE", "Type": "UInt32"}, {"Name": "C_CITY", "Type": "LowCardinality(String)"}, {"Name": "S_CITY", "Type": "LowCardinality(String)"}], "Actions": [{"Node Type": "INPUT", "Result Type": "INPUT", "Arguments": [0], "Removed Arguments": [], "Result": 0}, {"Node Type": "INPUT", "Result Type": "INPUT", "Arguments": [1], "Removed Arguments": [1], "Result": 1}, {"Node Type": "INPUT", "Result Type": "INPUT", "Arguments": [2], "Removed Arguments": [2], "Result": 2}, {"Node Type": "INPUT", "Result Type": "INPUT", "Arguments": [3], "Removed Arguments": [3], "Result": 3}, {"Node Type": "FUNCTION", "Result Type": "FUNCTION", "Function": "toYear", "Compiled": false, "Arguments": [0], "Removed Arguments": [0], "Result": 4}], "Outputs": [{"Name": "LO_REVENUE", "Type": "UInt32"}, {"Name": "C_CITY", "Type": "LowCardinality(String)"}, {"Name": "S_CITY", "Type": "LowCardinality(String)"}, {"Name": "toYear(LO_ORDERDATE)", "Type": "UInt16"}], "Positions": [1, 2, 3, 4], "Project Input": true}, "Plans": [{"Node Type": "Filter", "Description": "WHERE", "Header": [{"Name": "LO_ORDERDATE", "Type": "Date"}, {"Name": "LO_REVENUE", "Type": "UInt32"}, {"Name": "C_CITY", "Type": "LowCardinality(String)"}, {"Name": "S_CITY", "Type": "LowCardinality(String)"}], "Filter Column": "and(equals(toYYYYMM(LO_ORDERDATE), 199712), and(or(equals(C_CITY, 'UNITED KI1'), equals(C_CITY, 'UNITED KI5')), or(equals(S_CITY, 'UNITED KI1'), equals(S_CITY, 'UNITED KI5'))))", "Removes Filter": true, "Expression": {"Inputs": [{"Name": "equals(toYYYYMM(LO_ORDERDATE), 199712)", "Type": "UInt8"}, {"Name": "LO_ORDERDATE", "Type": "Date"}, {"Name": "LO_REVENUE", "Type": "UInt32"}, {"Name": "C_CITY", "Type": "LowCardinality(String)"}, {"Name": "S_CITY", "Type": "LowCardinality(String)"}], "Actions": [{"Node Type": "INPUT", "Result Type": "INPUT", "Arguments": [0], "Removed Arguments": [], "Result": 0}, {"Node Type": "INPUT", "Result Type": "INPUT", "Arguments": [1], "Removed Arguments": [1], "Result": 1}, {"Node Type": "INPUT", "Result Type": "INPUT", "Arguments": [2], "Removed Arguments": [2], "Result": 2}, {"Node Type": "INPUT", "Result Type": "INPUT", "Arguments": [3], "Removed Arguments": [], "Result": 3}, {"Node Type": "INPUT", "Result Type": "INPUT", "Arguments": [4], "Removed Arguments": [], "Result": 4}, {"Node Type": "COLUMN", "Result Type": "COLUMN", "Column": "Const(String)", "Arguments": [], "Removed Arguments": [], "Result": 5}, {"Node Type": "COLUMN", "Result Type": "COLUMN", "Column": "Const(String)", "Arguments": [], "Removed Arguments": [], "Result": 6}, {"Node Type": "FUNCTION", "Result Type": "FUNCTION", "Function": "equals", "Compiled": false, "Arguments": [3, 5], "Removed Arguments": [], "Result": 7}, {"Node Type": "FUNCTION", "Result Type": "FUNCTION", "Function": "equals", "Compiled": false, "Arguments": [4, 5], "Removed Arguments": [5], "Result": 8}, {"Node Type": "FUNCTION", "Result Type": "FUNCTION", "Function": "equals", "Compiled": false, "Arguments": [3, 6], "Removed Arguments": [], "Result": 5}, {"Node Type": "FUNCTION", "Result Type": "FUNCTION", "Function": "equals", "Compiled": false, "Arguments": [4, 6], "Removed Arguments": [6], "Result": 9}, {"Node Type": "FUNCTION", "Result Type": "FUNCTION", "Function": "or", "Compiled": false, "Arguments": [7, 5], "Removed Arguments": [7, 5], "Result": 6}, {"Node Type": "FUNCTION", "Result Type": "FUNCTION", "Function": "or", "Compiled": false, "Arguments": [8, 9], "Removed Arguments": [8, 9], "Result": 5}, {"Node Type": "FUNCTION", "Result Type": "FUNCTION", "Function": "and", "Compiled": false, "Arguments": [6, 5], "Removed Arguments": [6, 5], "Result": 9}, {"Node Type": "FUNCTION", "Result Type": "FUNCTION", "Function": "and", "Compiled": false, "Arguments": [0, 9], "Removed Arguments": [0, 9], "Result": 5}], "Outputs": [{"Name": "LO_ORDERDATE", "Type": "Date"}, {"Name": "LO_REVENUE", "Type": "UInt32"}, {"Name": "C_CITY", "Type": "LowCardinality(String)"}, {"Name": "S_CITY", "Type": "LowCardinality(String)"}, {"Name": "and(equals(toYYYYMM(LO_ORDERDATE), 199712), and(or(equals(C_CITY, 'UNITED KI1'), equals(C_CITY, 'UNITED KI5')), or(equals(S_CITY, 'UNITED KI1'), equals(S_CITY, 'UNITED KI5'))))", "Type": "UInt8"}], "Positions": [1, 2, 3, 4, 5], "Project Input": true}, "Plans": [{"Node Type": "SettingQuotaAndLimits", "Description": "Set limits and quota after reading from storage", "Header": [{"Name": "equals(toYYYYMM(LO_ORDERDATE), 199712)", "Type": "UInt8"}, {"Name": "LO_ORDERDATE", "Type": "Date"}, {"Name": "LO_REVENUE", "Type": "UInt32"}, {"Name": "C_CITY", "Type": "LowCardinality(String)"}, {"Name": "S_CITY", "Type": "LowCardinality(String)"}], "Plans": [{"Node Type": "ReadFromMergeTree", "Header": [{"Name": "equals(toYYYYMM(LO_ORDERDATE), 199712)", "Type": "UInt8"}, {"Name": "LO_ORDERDATE", "Type": "Date"}, {"Name": "LO_REVENUE", "Type": "UInt32"}, {"Name": "C_CITY", "Type": "LowCardinality(String)"}, {"Name": "S_CITY", "Type": "LowCardinality(String)"}], "Read Type": "Default", "Parts": 5, "Granules": 451}]}]}]}]}]}]}]}}]