[{"Plan": {"Node Type": "Expression", "Description": "Projection", "Header": [{"Name": "year", "Type": "UInt16"}, {"Name": "C_NATION", "Type": "LowCardinality(String)"}, {"Name": "profit", "Type": "Int64"}], "Expression": {"Inputs": [{"Name": "toYear(LO_ORDERDATE)", "Type": "UInt16"}, {"Name": "C_NATION", "Type": "LowCardinality(String)"}, {"Name": "sum(minus(LO_REVENUE, LO_SUPPLYCOST))", "Type": "Int64"}], "Actions": [{"Node Type": "INPUT", "Result Type": "INPUT", "Arguments": [0], "Removed Arguments": [], "Result": 0}, {"Node Type": "INPUT", "Result Type": "INPUT", "Arguments": [1], "Removed Arguments": [1], "Result": 1}, {"Node Type": "INPUT", "Result Type": "INPUT", "Arguments": [2], "Removed Arguments": [], "Result": 2}, {"Node Type": "ALIAS", "Result Type": "ALIAS", "Arguments": [0], "Removed Arguments": [0], "Result": 3}, {"Node Type": "ALIAS", "Result Type": "ALIAS", "Arguments": [2], "Removed Arguments": [2], "Result": 0}], "Outputs": [{"Name": "year", "Type": "UInt16"}, {"Name": "C_NATION", "Type": "LowCardinality(String)"}, {"Name": "profit", "Type": "Int64"}], "Positions": [3, 1, 0], "Project Input": true}, "Plans": [{"Node Type": "Sorting", "Description": "Sorting for ORDER BY", "Header": [{"Name": "toYear(LO_ORDERDATE)", "Type": "UInt16"}, {"Name": "C_NATION", "Type": "LowCardinality(String)"}, {"Name": "sum(minus(LO_REVENUE, LO_SUPPLYCOST))", "Type": "Int64"}], "Sort Description": [{"Column": "toYear(LO_ORDERDATE)", "Ascending": true, "With Fill": false}, {"Column": "C_NATION", "Ascending": true, "With Fill": false}], "Plans": [{"Node Type": "Expression", "Description": "Before ORDER BY", "Header": [{"Name": "toYear(LO_ORDERDATE)", "Type": "UInt16"}, {"Name": "C_NATION", "Type": "LowCardinality(String)"}, {"Name": "sum(minus(LO_REVENUE, LO_SUPPLYCOST))", "Type": "Int64"}], "Expression": {"Inputs": [{"Name": "toYear(LO_ORDERDATE)", "Type": "UInt16"}, {"Name": "C_NATION", "Type": "LowCardinality(String)"}, {"Name": "sum(minus(LO_REVENUE, LO_SUPPLYCOST))", "Type": "Int64"}], "Actions": [{"Node Type": "INPUT", "Result Type": "INPUT", "Arguments": [0], "Removed Arguments": [0], "Result": 0}, {"Node Type": "INPUT", "Result Type": "INPUT", "Arguments": [1], "Removed Arguments": [1], "Result": 1}, {"Node Type": "INPUT", "Result Type": "INPUT", "Arguments": [2], "Removed Arguments": [2], "Result": 2}], "Outputs": [{"Name": "toYear(LO_ORDERDATE)", "Type": "UInt16"}, {"Name": "C_NATION", "Type": "LowCardinality(String)"}, {"Name": "sum(minus(LO_REVENUE, LO_SUPPLYCOST))", "Type": "Int64"}], "Positions": [0, 1, 2], "Project Input": false}, "Plans": [{"Node Type": "Aggregating", "Header": [{"Name": "toYear(LO_ORDERDATE)", "Type": "UInt16"}, {"Name": "C_NATION", "Type": "LowCardinality(String)"}, {"Name": "sum(minus(LO_REVENUE, LO_SUPPLYCOST))", "Type": "Int64"}], "Keys": ["toYear(LO_ORDERDATE)", "C_NATION"], "Aggregates": [{"Name": "sum(minus(LO_REVENUE, LO_SUPPLYCOST))", "Function": {"Name": "sum", "Argument Types": ["Int64"], "Result Type": "Int64"}, "Arguments": ["minus(LO_REVENUE, LO_SUPPLYCOST)"], "Argument Positions": [2]}], "Plans": [{"Node Type": "Expression", "Description": "Before GROUP BY", "Header": [{"Name": "C_NATION", "Type": "LowCardinality(String)"}, {"Name": "toYear(LO_ORDERDATE)", "Type": "UInt16"}, {"Name": "minus(LO_REVENUE, LO_SUPPLYCOST)", "Type": "Int64"}], "Expression": {"Inputs": [{"Name": "LO_ORDERDATE", "Type": "Date"}, {"Name": "LO_REVENUE", "Type": "UInt32"}, {"Name": "LO_SUPPLYCOST", "Type": "UInt32"}, {"Name": "C_NATION", "Type": "LowCardinality(String)"}], "Actions": [{"Node Type": "INPUT", "Result Type": "INPUT", "Arguments": [0], "Removed Arguments": [], "Result": 0}, {"Node Type": "INPUT", "Result Type": "INPUT", "Arguments": [1], "Removed Arguments": [], "Result": 1}, {"Node Type": "INPUT", "Result Type": "INPUT", "Arguments": [2], "Removed Arguments": [], "Result": 2}, {"Node Type": "INPUT", "Result Type": "INPUT", "Arguments": [3], "Removed Arguments": [3], "Result": 3}, {"Node Type": "FUNCTION", "Result Type": "FUNCTION", "Function": "toYear", "Compiled": false, "Arguments": [0], "Removed Arguments": [0], "Result": 4}, {"Node Type": "FUNCTION", "Result Type": "FUNCTION", "Function": "minus", "Compiled": false, "Arguments": [1, 2], "Removed Arguments": [1, 2], "Result": 0}], "Outputs": [{"Name": "C_NATION", "Type": "LowCardinality(String)"}, {"Name": "toYear(LO_ORDERDATE)", "Type": "UInt16"}, {"Name": "minus(LO_REVENUE, LO_SUPPLYCOST)", "Type": "Int64"}], "Positions": [3, 4, 0], "Project Input": true}, "Plans": [{"Node Type": "Filter", "Description": "WHERE", "Header": [{"Name": "LO_ORDERDATE", "Type": "Date"}, {"Name": "LO_REVENUE", "Type": "UInt32"}, {"Name": "LO_SUPPLYCOST", "Type": "UInt32"}, {"Name": "C_NATION", "Type": "LowCardinality(String)"}], "Filter Column": "and(equals(C_REGION, 'AMERICA'), and(equals(S_REGION, 'AMERICA'), or(equals(P_MFGR, 'MFGR#1'), equals(P_MFGR, 'MFGR#2'))))", "Removes Filter": true, "Expression": {"Inputs": [{"Name": "equals(C_REGION, 'AMERICA')", "Type": "LowCardinality(UInt8)"}, {"Name": "LO_ORDERDATE", "Type": "Date"}, {"Name": "LO_REVENUE", "Type": "UInt32"}, {"Name": "LO_SUPPLYCOST", "Type": "UInt32"}, {"Name": "C_NATION", "Type": "LowCardinality(String)"}, {"Name": "S_REGION", "Type": "LowCardinality(String)"}, {"Name": "P_MFGR", "Type": "LowCardinality(String)"}], "Actions": [{"Node Type": "COLUMN", "Result Type": "COLUMN", "Column": "Const(String)", "Arguments": [], "Removed Arguments": [], "Result": 0}, {"Node Type": "INPUT", "Result Type": "INPUT", "Arguments": [0], "Removed Arguments": [], "Result": 1}, {"Node Type": "INPUT", "Result Type": "INPUT", "Arguments": [1], "Removed Arguments": [1], "Result": 2}, {"Node Type": "INPUT", "Result Type": "INPUT", "Arguments": [2], "Removed Arguments": [2], "Result": 3}, {"Node Type": "INPUT", "Result Type": "INPUT", "Arguments": [3], "Removed Arguments": [3], "Result": 4}, {"Node Type": "INPUT", "Result Type": "INPUT", "Arguments": [4], "Removed Arguments": [4], "Result": 5}, {"Node Type": "INPUT", "Result Type": "INPUT", "Arguments": [5], "Removed Arguments": [], "Result": 6}, {"Node Type": "INPUT", "Result Type": "INPUT", "Arguments": [6], "Removed Arguments": [], "Result": 7}, {"Node Type": "COLUMN", "Result Type": "COLUMN", "Column": "Const(String)", "Arguments": [], "Removed Arguments": [], "Result": 8}, {"Node Type": "COLUMN", "Result Type": "COLUMN", "Column": "Const(String)", "Arguments": [], "Removed Arguments": [], "Result": 9}, {"Node Type": "FUNCTION", "Result Type": "FUNCTION", "Function": "equals", "Compiled": false, "Arguments": [6, 0], "Removed Arguments": [6, 0], "Result": 10}, {"Node Type": "FUNCTION", "Result Type": "FUNCTION", "Function": "equals", "Compiled": false, "Arguments": [7, 8], "Removed Arguments": [8], "Result": 0}, {"Node Type": "FUNCTION", "Result Type": "FUNCTION", "Function": "equals", "Compiled": false, "Arguments": [7, 9], "Removed Arguments": [7, 9], "Result": 8}, {"Node Type": "FUNCTION", "Result Type": "FUNCTION", "Function": "or", "Compiled": false, "Arguments": [0, 8], "Removed Arguments": [0, 8], "Result": 9}, {"Node Type": "FUNCTION", "Result Type": "FUNCTION", "Function": "and", "Compiled": false, "Arguments": [10, 9], "Removed Arguments": [10, 9], "Result": 8}, {"Node Type": "FUNCTION", "Result Type": "FUNCTION", "Function": "and", "Compiled": false, "Arguments": [1, 8], "Removed Arguments": [1, 8], "Result": 9}], "Outputs": [{"Name": "LO_ORDERDATE", "Type": "Date"}, {"Name": "LO_REVENUE", "Type": "UInt32"}, {"Name": "LO_SUPPLYCOST", "Type": "UInt32"}, {"Name": "C_NATION", "Type": "LowCardinality(String)"}, {"Name": "and(equals(C_REGION, 'AMERICA'), and(equals(S_REGION, 'AMERICA'), or(equals(P_MFGR, 'MFGR#1'), equals(P_MFGR, 'MFGR#2'))))", "Type": "UInt8"}], "Positions": [2, 3, 4, 5, 9], "Project Input": true}, "Plans": [{"Node Type": "SettingQuotaAndLimits", "Description": "Set limits and quota after reading from storage", "Header": [{"Name": "equals(C_REGION, 'AMERICA')", "Type": "LowCardinality(UInt8)"}, {"Name": "LO_ORDERDATE", "Type": "Date"}, {"Name": "LO_REVENUE", "Type": "UInt32"}, {"Name": "LO_SUPPLYCOST", "Type": "UInt32"}, {"Name": "C_NATION", "Type": "LowCardinality(String)"}, {"Name": "S_REGION", "Type": "LowCardinality(String)"}, {"Name": "P_MFGR", "Type": "LowCardinality(String)"}], "Plans": [{"Node Type": "ReadFromMergeTree", "Header": [{"Name": "equals(C_REGION, 'AMERICA')", "Type": "LowCardinality(UInt8)"}, {"Name": "LO_ORDERDATE", "Type": "Date"}, {"Name": "LO_REVENUE", "Type": "UInt32"}, {"Name": "LO_SUPPLYCOST", "Type": "UInt32"}, {"Name": "C_NATION", "Type": "LowCardinality(String)"}, {"Name": "S_REGION", "Type": "LowCardinality(String)"}, {"Name": "P_MFGR", "Type": "LowCardinality(String)"}], "Read Type": "Default", "Parts": 5, "Granules": 40549}]}]}]}]}]}]}]}}]