[{"Plan": {"Node Type": "Expression", "Description": "Projection", "Header": [{"Name": "year", "Type": "UInt16"}, {"Name": "S_CITY", "Type": "LowCardinality(String)"}, {"Name": "P_BRAND", "Type": "LowCardinality(String)"}, {"Name": "profit", "Type": "Int64"}], "Expression": {"Inputs": [{"Name": "toYear(LO_ORDERDATE)", "Type": "UInt16"}, {"Name": "S_CITY", "Type": "LowCardinality(String)"}, {"Name": "P_BRAND", "Type": "LowCardinality(String)"}, {"Name": "sum(minus(LO_REVENUE, LO_SUPPLYCOST))", "Type": "Int64"}], "Actions": [{"Node Type": "INPUT", "Result Type": "INPUT", "Arguments": [0], "Removed Arguments": [], "Result": 0}, {"Node Type": "INPUT", "Result Type": "INPUT", "Arguments": [1], "Removed Arguments": [1], "Result": 1}, {"Node Type": "INPUT", "Result Type": "INPUT", "Arguments": [2], "Removed Arguments": [2], "Result": 2}, {"Node Type": "INPUT", "Result Type": "INPUT", "Arguments": [3], "Removed Arguments": [], "Result": 3}, {"Node Type": "ALIAS", "Result Type": "ALIAS", "Arguments": [0], "Removed Arguments": [0], "Result": 4}, {"Node Type": "ALIAS", "Result Type": "ALIAS", "Arguments": [3], "Removed Arguments": [3], "Result": 0}], "Outputs": [{"Name": "year", "Type": "UInt16"}, {"Name": "S_CITY", "Type": "LowCardinality(String)"}, {"Name": "P_BRAND", "Type": "LowCardinality(String)"}, {"Name": "profit", "Type": "Int64"}], "Positions": [4, 1, 2, 0], "Project Input": true}, "Plans": [{"Node Type": "Sorting", "Description": "Sorting for ORDER BY", "Header": [{"Name": "toYear(LO_ORDERDATE)", "Type": "UInt16"}, {"Name": "S_CITY", "Type": "LowCardinality(String)"}, {"Name": "P_BRAND", "Type": "LowCardinality(String)"}, {"Name": "sum(minus(LO_REVENUE, LO_SUPPLYCOST))", "Type": "Int64"}], "Sort Description": [{"Column": "toYear(LO_ORDERDATE)", "Ascending": true, "With Fill": false}, {"Column": "S_CITY", "Ascending": true, "With Fill": false}, {"Column": "P_BRAND", "Ascending": true, "With Fill": false}], "Plans": [{"Node Type": "Expression", "Description": "Before ORDER BY", "Header": [{"Name": "toYear(LO_ORDERDATE)", "Type": "UInt16"}, {"Name": "S_CITY", "Type": "LowCardinality(String)"}, {"Name": "P_BRAND", "Type": "LowCardinality(String)"}, {"Name": "sum(minus(LO_REVENUE, LO_SUPPLYCOST))", "Type": "Int64"}], "Expression": {"Inputs": [{"Name": "toYear(LO_ORDERDATE)", "Type": "UInt16"}, {"Name": "S_CITY", "Type": "LowCardinality(String)"}, {"Name": "P_BRAND", "Type": "LowCardinality(String)"}, {"Name": "sum(minus(LO_REVENUE, LO_SUPPLYCOST))", "Type": "Int64"}], "Actions": [{"Node Type": "INPUT", "Result Type": "INPUT", "Arguments": [0], "Removed Arguments": [0], "Result": 0}, {"Node Type": "INPUT", "Result Type": "INPUT", "Arguments": [1], "Removed Arguments": [1], "Result": 1}, {"Node Type": "INPUT", "Result Type": "INPUT", "Arguments": [2], "Removed Arguments": [2], "Result": 2}, {"Node Type": "INPUT", "Result Type": "INPUT", "Arguments": [3], "Removed Arguments": [3], "Result": 3}], "Outputs": [{"Name": "toYear(LO_ORDERDATE)", "Type": "UInt16"}, {"Name": "S_CITY", "Type": "LowCardinality(String)"}, {"Name": "P_BRAND", "Type": "LowCardinality(String)"}, {"Name": "sum(minus(LO_REVENUE, LO_SUPPLYCOST))", "Type": "Int64"}], "Positions": [0, 1, 2, 3], "Project Input": false}, "Plans": [{"Node Type": "Aggregating", "Header": [{"Name": "toYear(LO_ORDERDATE)", "Type": "UInt16"}, {"Name": "S_CITY", "Type": "LowCardinality(String)"}, {"Name": "P_BRAND", "Type": "LowCardinality(String)"}, {"Name": "sum(minus(LO_REVENUE, LO_SUPPLYCOST))", "Type": "Int64"}], "Keys": ["toYear(LO_ORDERDATE)", "S_CITY", "P_BRAND"], "Aggregates": [{"Name": "sum(minus(LO_REVENUE, LO_SUPPLYCOST))", "Function": {"Name": "sum", "Argument Types": ["Int64"], "Result Type": "Int64"}, "Arguments": ["minus(LO_REVENUE, LO_SUPPLYCOST)"], "Argument Positions": [3]}], "Plans": [{"Node Type": "Expression", "Description": "Before GROUP BY", "Header": [{"Name": "toYear(LO_ORDERDATE)", "Type": "UInt16"}, {"Name": "S_CITY", "Type": "LowCardinality(String)"}, {"Name": "P_BRAND", "Type": "LowCardinality(String)"}, {"Name": "minus(LO_REVENUE, LO_SUPPLYCOST)", "Type": "Int64"}], "Expression": {"Inputs": [{"Name": "toYear(LO_ORDERDATE)", "Type": "UInt16"}, {"Name": "LO_REVENUE", "Type": "UInt32"}, {"Name": "LO_SUPPLYCOST", "Type": "UInt32"}, {"Name": "S_CITY", "Type": "LowCardinality(String)"}, {"Name": "P_BRAND", "Type": "LowCardinality(String)"}], "Actions": [{"Node Type": "INPUT", "Result Type": "INPUT", "Arguments": [0], "Removed Arguments": [0], "Result": 0}, {"Node Type": "INPUT", "Result Type": "INPUT", "Arguments": [1], "Removed Arguments": [], "Result": 1}, {"Node Type": "INPUT", "Result Type": "INPUT", "Arguments": [2], "Removed Arguments": [], "Result": 2}, {"Node Type": "INPUT", "Result Type": "INPUT", "Arguments": [3], "Removed Arguments": [3], "Result": 3}, {"Node Type": "INPUT", "Result Type": "INPUT", "Arguments": [4], "Removed Arguments": [4], "Result": 4}, {"Node Type": "FUNCTION", "Result Type": "FUNCTION", "Function": "minus", "Compiled": false, "Arguments": [1, 2], "Removed Arguments": [1, 2], "Result": 5}], "Outputs": [{"Name": "toYear(LO_ORDERDATE)", "Type": "UInt16"}, {"Name": "S_CITY", "Type": "LowCardinality(String)"}, {"Name": "P_BRAND", "Type": "LowCardinality(String)"}, {"Name": "minus(LO_REVENUE, LO_SUPPLYCOST)", "Type": "Int64"}], "Positions": [0, 3, 4, 5], "Project Input": true}, "Plans": [{"Node Type": "Filter", "Description": "WHERE", "Header": [{"Name": "toYear(LO_ORDERDATE)", "Type": "UInt16"}, {"Name": "LO_REVENUE", "Type": "UInt32"}, {"Name": "LO_SUPPLYCOST", "Type": "UInt32"}, {"Name": "S_CITY", "Type": "LowCardinality(String)"}, {"Name": "P_BRAND", "Type": "LowCardinality(String)"}], "Filter Column": "and(and(or(equals(toYear(LO_ORDERDATE), 1997), equals(toYear(LO_ORDERDATE), 1998)), equals(S_NATION, 'UNITED STATES')), equals(P_CATEGORY, 'MFGR#14'))", "Removes Filter": true, "Expression": {"Inputs": [{"Name": "and(or(equals(toYear(LO_ORDERDATE), 1997), equals(toYear(LO_ORDERDATE), 1998)), equals(S_NATION, 'UNITED STATES'))", "Type": "UInt8"}, {"Name": "toYear(LO_ORDERDATE)", "Type": "UInt16"}, {"Name": "LO_REVENUE", "Type": "UInt32"}, {"Name": "LO_SUPPLYCOST", "Type": "UInt32"}, {"Name": "S_CITY", "Type": "LowCardinality(String)"}, {"Name": "P_CATEGORY", "Type": "LowCardinality(String)"}, {"Name": "P_BRAND", "Type": "LowCardinality(String)"}], "Actions": [{"Node Type": "INPUT", "Result Type": "INPUT", "Arguments": [0], "Removed Arguments": [], "Result": 0}, {"Node Type": "INPUT", "Result Type": "INPUT", "Arguments": [1], "Removed Arguments": [1], "Result": 1}, {"Node Type": "INPUT", "Result Type": "INPUT", "Arguments": [2], "Removed Arguments": [2], "Result": 2}, {"Node Type": "INPUT", "Result Type": "INPUT", "Arguments": [3], "Removed Arguments": [3], "Result": 3}, {"Node Type": "INPUT", "Result Type": "INPUT", "Arguments": [4], "Removed Arguments": [4], "Result": 4}, {"Node Type": "INPUT", "Result Type": "INPUT", "Arguments": [5], "Removed Arguments": [], "Result": 5}, {"Node Type": "INPUT", "Result Type": "INPUT", "Arguments": [6], "Removed Arguments": [6], "Result": 6}, {"Node Type": "COLUMN", "Result Type": "COLUMN", "Column": "Const(String)", "Arguments": [], "Removed Arguments": [], "Result": 7}, {"Node Type": "FUNCTION", "Result Type": "FUNCTION", "Function": "equals", "Compiled": false, "Arguments": [5, 7], "Removed Arguments": [5, 7], "Result": 8}, {"Node Type": "FUNCTION", "Result Type": "FUNCTION", "Function": "and", "Compiled": false, "Arguments": [0, 8], "Removed Arguments": [0, 8], "Result": 7}], "Outputs": [{"Name": "toYear(LO_ORDERDATE)", "Type": "UInt16"}, {"Name": "LO_REVENUE", "Type": "UInt32"}, {"Name": "LO_SUPPLYCOST", "Type": "UInt32"}, {"Name": "S_CITY", "Type": "LowCardinality(String)"}, {"Name": "P_BRAND", "Type": "LowCardinality(String)"}, {"Name": "and(and(or(equals(toYear(LO_ORDERDATE), 1997), equals(toYear(LO_ORDERDATE), 1998)), equals(S_NATION, 'UNITED STATES')), equals(P_CATEGORY, 'MFGR#14'))", "Type": "UInt8"}], "Positions": [1, 2, 3, 4, 6, 7], "Project Input": true}, "Plans": [{"Node Type": "SettingQuotaAndLimits", "Description": "Set limits and quota after reading from storage", "Header": [{"Name": "and(or(equals(toYear(LO_ORDERDATE), 1997), equals(toYear(LO_ORDERDATE), 1998)), equals(S_NATION, 'UNITED STATES'))", "Type": "UInt8"}, {"Name": "toYear(LO_ORDERDATE)", "Type": "UInt16"}, {"Name": "LO_REVENUE", "Type": "UInt32"}, {"Name": "LO_SUPPLYCOST", "Type": "UInt32"}, {"Name": "S_CITY", "Type": "LowCardinality(String)"}, {"Name": "P_CATEGORY", "Type": "LowCardinality(String)"}, {"Name": "P_BRAND", "Type": "LowCardinality(String)"}], "Plans": [{"Node Type": "ReadFromMergeTree", "Header": [{"Name": "and(or(equals(toYear(LO_ORDERDATE), 1997), equals(toYear(LO_ORDERDATE), 1998)), equals(S_NATION, 'UNITED STATES'))", "Type": "UInt8"}, {"Name": "toYear(LO_ORDERDATE)", "Type": "UInt16"}, {"Name": "LO_REVENUE", "Type": "UInt32"}, {"Name": "LO_SUPPLYCOST", "Type": "UInt32"}, {"Name": "S_CITY", "Type": "LowCardinality(String)"}, {"Name": "P_CATEGORY", "Type": "LowCardinality(String)"}, {"Name": "P_BRAND", "Type": "LowCardinality(String)"}], "Read Type": "Default", "Parts": 5, "Granules": 9634}]}]}]}]}]}]}]}}]