{"Plan": {"Node Type": "Expression", "Description": "(Projection + Before ORDER BY)", "Header": [{"Name": "revenue", "Type": "UInt64"}], "Expression": {"Inputs": [{"Name": "sum(multiply(LO_EXTENDEDPRICE, LO_DISCOUNT))", "Type": "UInt64"}], "Actions": [{"Node Type": "INPUT", "Result Type": "INPUT", "Arguments": [0], "Removed Arguments": [], "Result": 0}, {"Node Type": "ALIAS", "Result Type": "ALIAS", "Arguments": [0], "Removed Arguments": [0], "Result": 1}], "Outputs": [{"Name": "revenue", "Type": "UInt64"}], "Positions": [1], "Project Input": true}, "Plans": [{"Node Type": "Aggregating", "Header": [{"Name": "sum(multiply(LO_EXTENDEDPRICE, LO_DISCOUNT))", "Type": "UInt64"}], "Keys": [], "Aggregates": [{"Name": "sum(multiply(LO_EXTENDEDPRICE, LO_DISCOUNT))", "Function": {"Name": "sum", "Argument Types": ["UInt64"], "Result Type": "UInt64"}, "Arguments": ["multiply(LO_EXTENDEDPRICE, LO_DISCOUNT)"], "Argument Positions": [0]}], "Plans": [{"Node Type": "Expression", "Description": "Before GROUP BY", "Header": [{"Name": "multiply(LO_EXTENDEDPRICE, LO_DISCOUNT)", "Type": "UInt64"}], "Expression": {"Inputs": [{"Name": "LO_EXTENDEDPRICE", "Type": "UInt32"}, {"Name": "LO_DISCOUNT", "Type": "UInt8"}], "Actions": [{"Node Type": "INPUT", "Result Type": "INPUT", "Arguments": [0], "Removed Arguments": [], "Result": 0}, {"Node Type": "INPUT", "Result Type": "INPUT", "Arguments": [1], "Removed Arguments": [], "Result": 1}, {"Node Type": "FUNCTION", "Result Type": "FUNCTION", "Function": "multiply", "Compiled": false, "Arguments": [0, 1], "Removed Arguments": [0, 1], "Result": 2}], "Outputs": [{"Name": "multiply(LO_EXTENDEDPRICE, LO_DISCOUNT)", "Type": "UInt64"}], "Positions": [2], "Project Input": true}, "Plans": [{"Node Type": "Filter", "Description": "WHERE", "Header": [{"Name": "LO_EXTENDEDPRICE", "Type": "UInt32"}, {"Name": "LO_DISCOUNT", "Type": "UInt8"}], "Filter Column": "and(equals(toYYYYMM(LO_ORDERDATE), 199401), and(greaterOrEquals(LO_DISCOUNT, 4), lessOrEquals(LO_DISCOUNT, 6), greaterOrEquals(LO_QUANTITY, 26), lessOrEquals(LO_QUANTITY, 35)))", "Removes Filter": true, "Expression": {"Inputs": [{"Name": "equals(toYYYYMM(LO_ORDERDATE), 199401)", "Type": "UInt8"}, {"Name": "LO_QUANTITY", "Type": "UInt8"}, {"Name": "LO_EXTENDEDPRICE", "Type": "UInt32"}, {"Name": "LO_DISCOUNT", "Type": "UInt8"}], "Actions": [{"Node Type": "INPUT", "Result Type": "INPUT", "Arguments": [0], "Removed Arguments": [], "Result": 0}, {"Node Type": "INPUT", "Result Type": "INPUT", "Arguments": [1], "Removed Arguments": [], "Result": 1}, {"Node Type": "INPUT", "Result Type": "INPUT", "Arguments": [2], "Removed Arguments": [2], "Result": 2}, {"Node Type": "INPUT", "Result Type": "INPUT", "Arguments": [3], "Removed Arguments": [], "Result": 3}, {"Node Type": "COLUMN", "Result Type": "COLUMN", "Column": "Const(UInt8)", "Arguments": [], "Removed Arguments": [], "Result": 4}, {"Node Type": "COLUMN", "Result Type": "COLUMN", "Column": "Const(UInt8)", "Arguments": [], "Removed Arguments": [], "Result": 5}, {"Node Type": "COLUMN", "Result Type": "COLUMN", "Column": "Const(UInt8)", "Arguments": [], "Removed Arguments": [], "Result": 6}, {"Node Type": "COLUMN", "Result Type": "COLUMN", "Column": "Const(UInt8)", "Arguments": [], "Removed Arguments": [], "Result": 7}, {"Node Type": "FUNCTION", "Result Type": "FUNCTION", "Function": "greaterOrEquals", "Compiled": false, "Arguments": [3, 4], "Removed Arguments": [4], "Result": 8}, {"Node Type": "FUNCTION", "Result Type": "FUNCTION", "Function": "lessOrEquals", "Compiled": false, "Arguments": [3, 5], "Removed Arguments": [5], "Result": 4}, {"Node Type": "FUNCTION", "Result Type": "FUNCTION", "Function": "greaterOrEquals", "Compiled": false, "Arguments": [1, 6], "Removed Arguments": [6], "Result": 5}, {"Node Type": "FUNCTION", "Result Type": "FUNCTION", "Function": "lessOrEquals", "Compiled": false, "Arguments": [1, 7], "Removed Arguments": [1, 7], "Result": 6}, {"Node Type": "FUNCTION", "Result Type": "FUNCTION", "Function": "and", "Compiled": false, "Arguments": [8, 4, 5, 6], "Removed Arguments": [8, 4, 5, 6], "Result": 7}, {"Node Type": "FUNCTION", "Result Type": "FUNCTION", "Function": "and", "Compiled": false, "Arguments": [0, 7], "Removed Arguments": [0, 7], "Result": 6}], "Outputs": [{"Name": "LO_EXTENDEDPRICE", "Type": "UInt32"}, {"Name": "LO_DISCOUNT", "Type": "UInt8"}, {"Name": "and(equals(toYYYYMM(LO_ORDERDATE), 199401), and(greaterOrEquals(LO_DISCOUNT, 4), lessOrEquals(LO_DISCOUNT, 6), greaterOrEquals(LO_QUANTITY, 26), lessOrEquals(LO_QUANTITY, 35)))", "Type": "UInt8"}], "Positions": [2, 3, 6], "Project Input": true}, "Plans": [{"Node Type": "SettingQuotaAndLimits", "Description": "Set limits and quota after reading from storage", "Header": [{"Name": "equals(toYYYYMM(LO_ORDERDATE), 199401)", "Type": "UInt8"}, {"Name": "LO_QUANTITY", "Type": "UInt8"}, {"Name": "LO_EXTENDEDPRICE", "Type": "UInt32"}, {"Name": "LO_DISCOUNT", "Type": "UInt8"}], "Plans": [{"Node Type": "ReadFromMergeTree", "Header": [{"Name": "equals(toYYYYMM(LO_ORDERDATE), 199401)", "Type": "UInt8"}, {"Name": "LO_QUANTITY", "Type": "UInt8"}, {"Name": "LO_EXTENDEDPRICE", "Type": "UInt32"}, {"Name": "LO_DISCOUNT", "Type": "UInt8"}], "Read Type": "Default", "Parts": 5, "Granules": 607}]}]}]}]}]}}