{"Plan": {"Node Type": "Expression", "Description": "Projection", "Header": [{"Name": "sum(LO_REVENUE)", "Type": "UInt64"}, {"Name": "year", "Type": "UInt16"}, {"Name": "P_BRAND", "Type": "LowCardinality(String)"}], "Expression": {"Inputs": [{"Name": "toYear(LO_ORDERDATE)", "Type": "UInt16"}, {"Name": "P_BRAND", "Type": "LowCardinality(String)"}, {"Name": "sum(LO_REVENUE)", "Type": "UInt64"}], "Actions": [{"Node Type": "INPUT", "Result Type": "INPUT", "Arguments": [0], "Removed Arguments": [], "Result": 0}, {"Node Type": "INPUT", "Result Type": "INPUT", "Arguments": [1], "Removed Arguments": [1], "Result": 1}, {"Node Type": "INPUT", "Result Type": "INPUT", "Arguments": [2], "Removed Arguments": [2], "Result": 2}, {"Node Type": "ALIAS", "Result Type": "ALIAS", "Arguments": [0], "Removed Arguments": [0], "Result": 3}], "Outputs": [{"Name": "sum(LO_REVENUE)", "Type": "UInt64"}, {"Name": "year", "Type": "UInt16"}, {"Name": "P_BRAND", "Type": "LowCardinality(String)"}], "Positions": [2, 3, 1], "Project Input": true}, "Plans": [{"Node Type": "Sorting", "Description": "Sorting for ORDER BY", "Header": [{"Name": "toYear(LO_ORDERDATE)", "Type": "UInt16"}, {"Name": "P_BRAND", "Type": "LowCardinality(String)"}, {"Name": "sum(LO_REVENUE)", "Type": "UInt64"}], "Sort Description": [{"Column": "toYear(LO_ORDERDATE)", "Ascending": true, "With Fill": false}, {"Column": "P_BRAND", "Ascending": true, "With Fill": false}], "Plans": [{"Node Type": "Expression", "Description": "Before ORDER BY", "Header": [{"Name": "toYear(LO_ORDERDATE)", "Type": "UInt16"}, {"Name": "P_BRAND", "Type": "LowCardinality(String)"}, {"Name": "sum(LO_REVENUE)", "Type": "UInt64"}], "Expression": {"Inputs": [{"Name": "toYear(LO_ORDERDATE)", "Type": "UInt16"}, {"Name": "P_BRAND", "Type": "LowCardinality(String)"}, {"Name": "sum(LO_REVENUE)", "Type": "UInt64"}], "Actions": [{"Node Type": "INPUT", "Result Type": "INPUT", "Arguments": [0], "Removed Arguments": [0], "Result": 0}, {"Node Type": "INPUT", "Result Type": "INPUT", "Arguments": [1], "Removed Arguments": [1], "Result": 1}, {"Node Type": "INPUT", "Result Type": "INPUT", "Arguments": [2], "Removed Arguments": [2], "Result": 2}], "Outputs": [{"Name": "toYear(LO_ORDERDATE)", "Type": "UInt16"}, {"Name": "P_BRAND", "Type": "LowCardinality(String)"}, {"Name": "sum(LO_REVENUE)", "Type": "UInt64"}], "Positions": [0, 1, 2], "Project Input": false}, "Plans": [{"Node Type": "Aggregating", "Header": [{"Name": "toYear(LO_ORDERDATE)", "Type": "UInt16"}, {"Name": "P_BRAND", "Type": "LowCardinality(String)"}, {"Name": "sum(LO_REVENUE)", "Type": "UInt64"}], "Keys": ["toYear(LO_ORDERDATE)", "P_BRAND"], "Aggregates": [{"Name": "sum(LO_REVENUE)", "Function": {"Name": "sum", "Argument Types": ["UInt32"], "Result Type": "UInt64"}, "Arguments": ["LO_REVENUE"], "Argument Positions": [0]}], "Plans": [{"Node Type": "Expression", "Description": "Before GROUP BY", "Header": [{"Name": "LO_REVENUE", "Type": "UInt32"}, {"Name": "P_BRAND", "Type": "LowCardinality(String)"}, {"Name": "toYear(LO_ORDERDATE)", "Type": "UInt16"}], "Expression": {"Inputs": [{"Name": "LO_ORDERDATE", "Type": "Date"}, {"Name": "LO_REVENUE", "Type": "UInt32"}, {"Name": "P_BRAND", "Type": "LowCardinality(String)"}], "Actions": [{"Node Type": "INPUT", "Result Type": "INPUT", "Arguments": [0], "Removed Arguments": [], "Result": 0}, {"Node Type": "INPUT", "Result Type": "INPUT", "Arguments": [1], "Removed Arguments": [1], "Result": 1}, {"Node Type": "INPUT", "Result Type": "INPUT", "Arguments": [2], "Removed Arguments": [2], "Result": 2}, {"Node Type": "FUNCTION", "Result Type": "FUNCTION", "Function": "toYear", "Compiled": false, "Arguments": [0], "Removed Arguments": [0], "Result": 3}], "Outputs": [{"Name": "LO_REVENUE", "Type": "UInt32"}, {"Name": "P_BRAND", "Type": "LowCardinality(String)"}, {"Name": "toYear(LO_ORDERDATE)", "Type": "UInt16"}], "Positions": [1, 2, 3], "Project Input": true}, "Plans": [{"Node Type": "Filter", "Description": "WHERE", "Header": [{"Name": "LO_ORDERDATE", "Type": "Date"}, {"Name": "LO_REVENUE", "Type": "UInt32"}, {"Name": "P_BRAND", "Type": "LowCardinality(String)"}], "Filter Column": "and(equals(S_REGION, 'AMERICA'), equals(P_CATEGORY, 'MFGR#12'))", "Removes Filter": true, "Expression": {"Inputs": [{"Name": "equals(S_REGION, 'AMERICA')", "Type": "LowCardinality(UInt8)"}, {"Name": "LO_ORDERDATE", "Type": "Date"}, {"Name": "LO_REVENUE", "Type": "UInt32"}, {"Name": "P_CATEGORY", "Type": "LowCardinality(String)"}, {"Name": "P_BRAND", "Type": "LowCardinality(String)"}], "Actions": [{"Node Type": "INPUT", "Result Type": "INPUT", "Arguments": [0], "Removed Arguments": [], "Result": 0}, {"Node Type": "INPUT", "Result Type": "INPUT", "Arguments": [1], "Removed Arguments": [1], "Result": 1}, {"Node Type": "INPUT", "Result Type": "INPUT", "Arguments": [2], "Removed Arguments": [2], "Result": 2}, {"Node Type": "INPUT", "Result Type": "INPUT", "Arguments": [3], "Removed Arguments": [], "Result": 3}, {"Node Type": "INPUT", "Result Type": "INPUT", "Arguments": [4], "Removed Arguments": [4], "Result": 4}, {"Node Type": "COLUMN", "Result Type": "COLUMN", "Column": "Const(String)", "Arguments": [], "Removed Arguments": [], "Result": 5}, {"Node Type": "FUNCTION", "Result Type": "FUNCTION", "Function": "equals", "Compiled": false, "Arguments": [3, 5], "Removed Arguments": [3, 5], "Result": 6}, {"Node Type": "FUNCTION", "Result Type": "FUNCTION", "Function": "and", "Compiled": false, "Arguments": [0, 6], "Removed Arguments": [0, 6], "Result": 5}], "Outputs": [{"Name": "LO_ORDERDATE", "Type": "Date"}, {"Name": "LO_REVENUE", "Type": "UInt32"}, {"Name": "P_BRAND", "Type": "LowCardinality(String)"}, {"Name": "and(equals(S_REGION, 'AMERICA'), equals(P_CATEGORY, 'MFGR#12'))", "Type": "UInt8"}], "Positions": [1, 2, 4, 5], "Project Input": true}, "Plans": [{"Node Type": "SettingQuotaAndLimits", "Description": "Set limits and quota after reading from storage", "Header": [{"Name": "equals(S_REGION, 'AMERICA')", "Type": "LowCardinality(UInt8)"}, {"Name": "LO_ORDERDATE", "Type": "Date"}, {"Name": "LO_REVENUE", "Type": "UInt32"}, {"Name": "P_CATEGORY", "Type": "LowCardinality(String)"}, {"Name": "P_BRAND", "Type": "LowCardinality(String)"}], "Plans": [{"Node Type": "ReadFromMergeTree", "Header": [{"Name": "equals(S_REGION, 'AMERICA')", "Type": "LowCardinality(UInt8)"}, {"Name": "LO_ORDERDATE", "Type": "Date"}, {"Name": "LO_REVENUE", "Type": "UInt32"}, {"Name": "P_CATEGORY", "Type": "LowCardinality(String)"}, {"Name": "P_BRAND", "Type": "LowCardinality(String)"}], "Read Type": "Default", "Parts": 5, "Granules": 40549}]}]}]}]}]}]}]}}