[{"Plan": {"Node Type": "Expression", "Description": "Projection", "Header": [{"Name": "C_NATION", "Type": "LowCardinality(String)"}, {"Name": "S_NATION", "Type": "LowCardinality(String)"}, {"Name": "year", "Type": "UInt16"}, {"Name": "revenue", "Type": "UInt64"}], "Expression": {"Inputs": [{"Name": "C_NATION", "Type": "LowCardinality(String)"}, {"Name": "S_NATION", "Type": "LowCardinality(String)"}, {"Name": "toYear(LO_ORDERDATE)", "Type": "UInt16"}, {"Name": "sum(LO_REVENUE)", "Type": "UInt64"}], "Actions": [{"Node Type": "INPUT", "Result Type": "INPUT", "Arguments": [0], "Removed Arguments": [0], "Result": 0}, {"Node Type": "INPUT", "Result Type": "INPUT", "Arguments": [1], "Removed Arguments": [1], "Result": 1}, {"Node Type": "INPUT", "Result Type": "INPUT", "Arguments": [2], "Removed Arguments": [], "Result": 2}, {"Node Type": "INPUT", "Result Type": "INPUT", "Arguments": [3], "Removed Arguments": [], "Result": 3}, {"Node Type": "ALIAS", "Result Type": "ALIAS", "Arguments": [2], "Removed Arguments": [2], "Result": 4}, {"Node Type": "ALIAS", "Result Type": "ALIAS", "Arguments": [3], "Removed Arguments": [3], "Result": 2}], "Outputs": [{"Name": "C_NATION", "Type": "LowCardinality(String)"}, {"Name": "S_NATION", "Type": "LowCardinality(String)"}, {"Name": "year", "Type": "UInt16"}, {"Name": "revenue", "Type": "UInt64"}], "Positions": [0, 1, 4, 2], "Project Input": true}, "Plans": [{"Node Type": "Sorting", "Description": "Sorting for ORDER BY", "Header": [{"Name": "C_NATION", "Type": "LowCardinality(String)"}, {"Name": "S_NATION", "Type": "LowCardinality(String)"}, {"Name": "toYear(LO_ORDERDATE)", "Type": "UInt16"}, {"Name": "sum(LO_REVENUE)", "Type": "UInt64"}], "Sort Description": [{"Column": "toYear(LO_ORDERDATE)", "Ascending": true, "With Fill": false}, {"Column": "sum(LO_REVENUE)", "Ascending": false, "With Fill": false}], "Plans": [{"Node Type": "Expression", "Description": "Before ORDER BY", "Header": [{"Name": "C_NATION", "Type": "LowCardinality(String)"}, {"Name": "S_NATION", "Type": "LowCardinality(String)"}, {"Name": "toYear(LO_ORDERDATE)", "Type": "UInt16"}, {"Name": "sum(LO_REVENUE)", "Type": "UInt64"}], "Expression": {"Inputs": [{"Name": "C_NATION", "Type": "LowCardinality(String)"}, {"Name": "S_NATION", "Type": "LowCardinality(String)"}, {"Name": "toYear(LO_ORDERDATE)", "Type": "UInt16"}, {"Name": "sum(LO_REVENUE)", "Type": "UInt64"}], "Actions": [{"Node Type": "INPUT", "Result Type": "INPUT", "Arguments": [0], "Removed Arguments": [0], "Result": 0}, {"Node Type": "INPUT", "Result Type": "INPUT", "Arguments": [1], "Removed Arguments": [1], "Result": 1}, {"Node Type": "INPUT", "Result Type": "INPUT", "Arguments": [2], "Removed Arguments": [2], "Result": 2}, {"Node Type": "INPUT", "Result Type": "INPUT", "Arguments": [3], "Removed Arguments": [3], "Result": 3}], "Outputs": [{"Name": "C_NATION", "Type": "LowCardinality(String)"}, {"Name": "S_NATION", "Type": "LowCardinality(String)"}, {"Name": "toYear(LO_ORDERDATE)", "Type": "UInt16"}, {"Name": "sum(LO_REVENUE)", "Type": "UInt64"}], "Positions": [0, 1, 2, 3], "Project Input": false}, "Plans": [{"Node Type": "Aggregating", "Header": [{"Name": "C_NATION", "Type": "LowCardinality(String)"}, {"Name": "S_NATION", "Type": "LowCardinality(String)"}, {"Name": "toYear(LO_ORDERDATE)", "Type": "UInt16"}, {"Name": "sum(LO_REVENUE)", "Type": "UInt64"}], "Keys": ["C_NATION", "S_NATION", "toYear(LO_ORDERDATE)"], "Aggregates": [{"Name": "sum(LO_REVENUE)", "Function": {"Name": "sum", "Argument Types": ["UInt32"], "Result Type": "UInt64"}, "Arguments": ["LO_REVENUE"], "Argument Positions": [1]}], "Plans": [{"Node Type": "Expression", "Description": "Before GROUP BY", "Header": [{"Name": "toYear(LO_ORDERDATE)", "Type": "UInt16"}, {"Name": "LO_REVENUE", "Type": "UInt32"}, {"Name": "C_NATION", "Type": "LowCardinality(String)"}, {"Name": "S_NATION", "Type": "LowCardinality(String)"}], "Expression": {"Inputs": [{"Name": "toYear(LO_ORDERDATE)", "Type": "UInt16"}, {"Name": "LO_REVENUE", "Type": "UInt32"}, {"Name": "C_NATION", "Type": "LowCardinality(String)"}, {"Name": "S_NATION", "Type": "LowCardinality(String)"}], "Actions": [{"Node Type": "INPUT", "Result Type": "INPUT", "Arguments": [0], "Removed Arguments": [0], "Result": 0}, {"Node Type": "INPUT", "Result Type": "INPUT", "Arguments": [1], "Removed Arguments": [1], "Result": 1}, {"Node Type": "INPUT", "Result Type": "INPUT", "Arguments": [2], "Removed Arguments": [2], "Result": 2}, {"Node Type": "INPUT", "Result Type": "INPUT", "Arguments": [3], "Removed Arguments": [3], "Result": 3}], "Outputs": [{"Name": "toYear(LO_ORDERDATE)", "Type": "UInt16"}, {"Name": "LO_REVENUE", "Type": "UInt32"}, {"Name": "C_NATION", "Type": "LowCardinality(String)"}, {"Name": "S_NATION", "Type": "LowCardinality(String)"}], "Positions": [0, 1, 2, 3], "Project Input": true}, "Plans": [{"Node Type": "Filter", "Description": "WHERE", "Header": [{"Name": "toYear(LO_ORDERDATE)", "Type": "UInt16"}, {"Name": "LO_REVENUE", "Type": "UInt32"}, {"Name": "C_NATION", "Type": "LowCardinality(String)"}, {"Name": "S_NATION", "Type": "LowCardinality(String)"}], "Filter Column": "and(and(greaterOrEquals(toYear(LO_ORDERDATE), 1992), lessOrEquals(toYear(LO_ORDERDATE), 1997), equals(C_REGION, 'ASIA')), equals(S_REGION, 'ASIA'))", "Removes Filter": true, "Expression": {"Inputs": [{"Name": "and(greaterOrEquals(toYear(LO_ORDERDATE), 1992), lessOrEquals(toYear(LO_ORDERDATE), 1997), equals(C_REGION, 'ASIA'))", "Type": "UInt8"}, {"Name": "toYear(LO_ORDERDATE)", "Type": "UInt16"}, {"Name": "LO_REVENUE", "Type": "UInt32"}, {"Name": "C_NATION", "Type": "LowCardinality(String)"}, {"Name": "S_NATION", "Type": "LowCardinality(String)"}, {"Name": "S_REGION", "Type": "LowCardinality(String)"}], "Actions": [{"Node Type": "INPUT", "Result Type": "INPUT", "Arguments": [0], "Removed Arguments": [], "Result": 0}, {"Node Type": "COLUMN", "Result Type": "COLUMN", "Column": "Const(String)", "Arguments": [], "Removed Arguments": [], "Result": 1}, {"Node Type": "INPUT", "Result Type": "INPUT", "Arguments": [1], "Removed Arguments": [1], "Result": 2}, {"Node Type": "INPUT", "Result Type": "INPUT", "Arguments": [2], "Removed Arguments": [2], "Result": 3}, {"Node Type": "INPUT", "Result Type": "INPUT", "Arguments": [3], "Removed Arguments": [3], "Result": 4}, {"Node Type": "INPUT", "Result Type": "INPUT", "Arguments": [4], "Removed Arguments": [4], "Result": 5}, {"Node Type": "INPUT", "Result Type": "INPUT", "Arguments": [5], "Removed Arguments": [], "Result": 6}, {"Node Type": "FUNCTION", "Result Type": "FUNCTION", "Function": "equals", "Compiled": false, "Arguments": [6, 1], "Removed Arguments": [6, 1], "Result": 7}, {"Node Type": "FUNCTION", "Result Type": "FUNCTION", "Function": "and", "Compiled": false, "Arguments": [0, 7], "Removed Arguments": [0, 7], "Result": 1}], "Outputs": [{"Name": "toYear(LO_ORDERDATE)", "Type": "UInt16"}, {"Name": "LO_REVENUE", "Type": "UInt32"}, {"Name": "C_NATION", "Type": "LowCardinality(String)"}, {"Name": "S_NATION", "Type": "LowCardinality(String)"}, {"Name": "and(and(greaterOrEquals(toYear(LO_ORDERDATE), 1992), lessOrEquals(toYear(LO_ORDERDATE), 1997), equals(C_REGION, 'ASIA')), equals(S_REGION, 'ASIA'))", "Type": "UInt8"}], "Positions": [2, 3, 4, 5, 1], "Project Input": true}, "Plans": [{"Node Type": "SettingQuotaAndLimits", "Description": "Set limits and quota after reading from storage", "Header": [{"Name": "and(greaterOrEquals(toYear(LO_ORDERDATE), 1992), lessOrEquals(toYear(LO_ORDERDATE), 1997), equals(C_REGION, 'ASIA'))", "Type": "UInt8"}, {"Name": "toYear(LO_ORDERDATE)", "Type": "UInt16"}, {"Name": "LO_REVENUE", "Type": "UInt32"}, {"Name": "C_NATION", "Type": "LowCardinality(String)"}, {"Name": "S_NATION", "Type": "LowCardinality(String)"}, {"Name": "S_REGION", "Type": "LowCardinality(String)"}], "Plans": [{"Node Type": "ReadFromMergeTree", "Header": [{"Name": "and(greaterOrEquals(toYear(LO_ORDERDATE), 1992), lessOrEquals(toYear(LO_ORDERDATE), 1997), equals(C_REGION, 'ASIA'))", "Type": "UInt8"}, {"Name": "toYear(LO_ORDERDATE)", "Type": "UInt16"}, {"Name": "LO_REVENUE", "Type": "UInt32"}, {"Name": "C_NATION", "Type": "LowCardinality(String)"}, {"Name": "S_NATION", "Type": "LowCardinality(String)"}, {"Name": "S_REGION", "Type": "LowCardinality(String)"}], "Read Type": "Default", "Parts": 5, "Granules": 36965}]}]}]}]}]}]}]}}]