[{"Plan": {"Node Type": "Expression", "Description": "(Projection + Before ORDER BY)", "Header": [{"Name": "__fcol_9", "Type": "Nullable(String)"}], "Expression": {"Inputs": [{"Name": "b_ran", "Type": "Nullable(String)"}], "Actions": [{"Node Type": "INPUT", "Result Type": "INPUT", "Arguments": [0], "Removed Arguments": [], "Result": 0}, {"Node Type": "ALIAS", "Result Type": "ALIAS", "Arguments": [0], "Removed Arguments": [0], "Result": 1}], "Outputs": [{"Name": "__fcol_9", "Type": "Nullable(String)"}], "Positions": [1], "Project Input": true}, "Plans": [{"Node Type": "Aggregating", "Header": [{"Name": "b_ran", "Type": "Nullable(String)"}], "Keys": ["b_ran"], "Plans": [{"Node Type": "Expression", "Description": "Before GROUP BY", "Header": [{"Name": "b_ran", "Type": "Nullable(String)"}], "Expression": {"Inputs": [{"Name": "b_ran", "Type": "Nullable(String)"}], "Actions": [{"Node Type": "INPUT", "Result Type": "INPUT", "Arguments": [0], "Removed Arguments": [0], "Result": 0}], "Outputs": [{"Name": "b_ran", "Type": "Nullable(String)"}], "Positions": [0], "Project Input": true}, "Plans": [{"Node Type": "Filter", "Description": "WHERE", "Header": [{"Name": "b_ran", "Type": "Nullable(String)"}], "Filter Column": "and(and(greaterOrEquals(pt_d, toDate(163552)), less(pt_d, toDate(16356096000)), greaterOrEquals(pt_d, toDate(163552)), less(pt_d, toDate(16356096000))), and(notIn(multiIf(toUInt8(equals(d_p_name, 'aaa')), 'nn', toUInt8(equals(d_p_name, 'aaa')), 'nn', toUInt8(equals(d_p_name, 'aaa')), 'nn', toUInt8(equals(d_p_name, 'bbb ')), 'ttt', toUInt8(equals(d_p_name, 'bbb')), 'ttt', toUInt8(equals(d_p_name, 'bbb')), 'ttt', toUInt8(equals(d_p_name, 'ddd')), 'ttt', toUInt8(equals(d_p_name, 'bbb ')), 'ttt', toUInt8(equals(d_p_name, 'bbb  ttt')), 'ttt', toUInt8(equals(d_p_name, 'ddd')), 'ttt', toUInt8(equals(d_p_name, 'ccc')), 'ttt', toUInt8(equals(d_p_name, 'ccc ')), 'ttt', toUInt8(equals(d_p_name, 'ccc')), 'ttt', toUInt8(equals(d_p_name, 'ddd')), 'ttt', toUInt8(equals(d_p_name, 'iii')), 'nnn', toUInt8(equals(d_p_name, 'ppp')), 'nnn', toUInt8(equals(d_p_name, 'ppp')), 'nnn', toUInt8(equals(d_p_name, 'kkk')), 'nnn', toUInt8(equals(d_p_name, 'fff5')), 'nnn', toUInt8(equals(d_p_name, 'fff5 hhh')), 'nnn', toUInt8(equals(d_p_name, 'eee4')), 'vvv', toUInt8(equals(d_p_name, 'eee')), 'vvv', toUInt8(equals(d_p_name, 'hhh')), 'mmm', toUInt8(equals(d_p_name, 'hhh ')), 'mmm', toUInt8(equals(d_p_name, 'ggg')), 'mmm', toUInt8(equals(d_p_name, 'ggg ')), 'mmm', toUInt8(equals(d_p_name, 'hhh')), 'mmm', toUInt8(equals(d_p_name, 'hh')), 'jj', toUInt8(equals(d_p_name, 'hh')), 'jj', toUInt8(equals(d_p_name, 'gg')), 'jj', toUInt8(equals(d_p_name, ' mm')), 'mm', toUInt8(equals(d_p_name, 'ff')), 'mm', toUInt8(equals(d_p_name, 'ee')), 'mm', toUInt8(equals(d_p_name, 'dd')), 'mm', toUInt8(equals(d_p_name, 'cc')), 'mm', toUInt8(equals(d_p_name, 'bb')), 'mm', toUInt8(equals(d_p_name, 'aa')), 'aa', toUInt8(equals(d_p_name, 'zzz')), 'aa', toUInt8(equals(d_p_name, 'zzz')), 'aa', toUInt8(equals(d_p_name, 'aa')), 'aa', toUInt8(equals(d_p_name, 'sss')), 'aa', toUInt8(equals(d_p_name, 'yyy')), 'kkk', toUInt8(equals(d_p_name, 'yyy ')), 'kkk', toUInt8(equals(d_p_name, 'uuu')), 'lll', toUInt8(equals(d_p_name, 'ccc')), 'lll', toUInt8(equals(d_p_name, ' ccc')), 'ccc', toUInt8(equals(d_p_name, ' ccc ')), 'ccc', toUInt8(equals(d_p_name, ' bbb')), 'bbb', toUInt8(equals(d_p_name, 'www')), 'bbb', toUInt8(equals(d_p_name, 'qqq')), 'bbb', toUInt8(equals(d_p_name, 'qqq')), 'bbb', toUInt8(equals(d_p_name, 'ccc')), 'nn', toUInt8(equals(d_p_name, 'ccc')), 'nn', NULL), ''), isNotNull(multiIf(toUInt8(equals(d_p_name, 'aaa')), 'nn', toUInt8(equals(d_p_name, 'aaa')), 'nn', toUInt8(equals(d_p_name, 'aaa')), 'nn', toUInt8(equals(d_p_name, 'bbb ')), 'ttt', toUInt8(equals(d_p_name, 'bbb')), 'ttt', toUInt8(equals(d_p_name, 'bbb')), 'ttt', toUInt8(equals(d_p_name, 'ddd')), 'ttt', toUInt8(equals(d_p_name, 'bbb ')), 'ttt', toUInt8(equals(d_p_name, 'bbb  ttt')), 'ttt', toUInt8(equals(d_p_name, 'ddd')), 'ttt', toUInt8(equals(d_p_name, 'ccc')), 'ttt', toUInt8(equals(d_p_name, 'ccc ')), 'ttt', toUInt8(equals(d_p_name, 'ccc')), 'ttt', toUInt8(equals(d_p_name, 'ddd')), 'ttt', toUInt8(equals(d_p_name, 'iii')), 'nnn', toUInt8(equals(d_p_name, 'ppp')), 'nnn', toUInt8(equals(d_p_name, 'ppp')), 'nnn', toUInt8(equals(d_p_name, 'kkk')), 'nnn', toUInt8(equals(d_p_name, 'fff5')), 'nnn', toUInt8(equals(d_p_name, 'fff5 hhh')), 'nnn', toUInt8(equals(d_p_name, 'eee4')), 'vvv', toUInt8(equals(d_p_name, 'eee')), 'vvv', toUInt8(equals(d_p_name, 'hhh')), 'mmm', toUInt8(equals(d_p_name, 'hhh ')), 'mmm', toUInt8(equals(d_p_name, 'ggg')), 'mmm', toUInt8(equals(d_p_name, 'ggg ')), 'mmm', toUInt8(equals(d_p_name, 'hhh')), 'mmm', toUInt8(equals(d_p_name, 'hh')), 'jj', toUInt8(equals(d_p_name, 'hh')), 'jj', toUInt8(equals(d_p_name, 'gg')), 'jj', toUInt8(equals(d_p_name, ' mm')), 'mm', toUInt8(equals(d_p_name, 'ff')), 'mm', toUInt8(equals(d_p_name, 'ee')), 'mm', toUInt8(equals(d_p_name, 'dd')), 'mm', toUInt8(equals(d_p_name, 'cc')), 'mm', toUInt8(equals(d_p_name, 'bb')), 'mm', toUInt8(equals(d_p_name, 'aa')), 'aa', toUInt8(equals(d_p_name, 'zzz')), 'aa', toUInt8(equals(d_p_name, 'zzz')), 'aa', toUInt8(equals(d_p_name, 'aa')), 'aa', toUInt8(equals(d_p_name, 'sss')), 'aa', toUInt8(equals(d_p_name, 'yyy')), 'kkk', toUInt8(equals(d_p_name, 'yyy ')), 'kkk', toUInt8(equals(d_p_name, 'uuu')), 'lll', toUInt8(equals(d_p_name, 'ccc')), 'lll', toUInt8(equals(d_p_name, ' ccc')), 'ccc', toUInt8(equals(d_p_name, ' ccc ')), 'ccc', toUInt8(equals(d_p_name, ' bbb')), 'bbb', toUInt8(equals(d_p_name, 'www')), 'bbb', toUInt8(equals(d_p_name, 'qqq')), 'bbb', toUInt8(equals(d_p_name, 'qqq')), 'bbb', toUInt8(equals(d_p_name, 'ccc')), 'nn', toUInt8(equals(d_p_name, 'ccc')), 'nn', NULL))))", "Removes Filter": true, "Expression": {"Inputs": [{"Name": "and(greaterOrEquals(pt_d, toDate(163552)), less(pt_d, toDate(16356096000)), greaterOrEquals(pt_d, toDate(163552)), less(pt_d, toDate(16356096000)))", "Type": "UInt8"}, {"Name": "d_p_name", "Type": "Nullable(String)"}, {"Name": "b_ran", "Type": "Nullable(String)"}], "Actions": [{"Node Type": "INPUT", "Result Type": "INPUT", "Arguments": [0], "Removed Arguments": [], "Result": 0}, {"Node Type": "INPUT", "Result Type": "INPUT", "Arguments": [1], "Removed Arguments": [], "Result": 1}, {"Node Type": "INPUT", "Result Type": "INPUT", "Arguments": [2], "Removed Arguments": [2], "Result": 2}, {"Node Type": "COLUMN", "Result Type": "COLUMN", "Column": "Const(String)", "Arguments": [], "Removed Arguments": [], "Result": 3}, {"Node Type": "COLUMN", "Result Type": "COLUMN", "Column": "Const(String)", "Arguments": [], "Removed Arguments": [], "Result": 4}, {"Node Type": "COLUMN", "Result Type": "COLUMN", "Column": "Const(String)", "Arguments": [], "Removed Arguments": [], "Result": 5}, {"Node Type": "COLUMN", "Result Type": "COLUMN", "Column": "Const(String)", "Arguments": [], "Removed Arguments": [], "Result": 6}, {"Node Type": "COLUMN", "Result Type": "COLUMN", "Column": "Const(String)", "Arguments": [], "Removed Arguments": [], "Result": 7}, {"Node Type": "COLUMN", "Result Type": "COLUMN", "Column": "Const(String)", "Arguments": [], "Removed Arguments": [], "Result": 8}, {"Node Type": "COLUMN", "Result Type": "COLUMN", "Column": "Const(String)", "Arguments": [], "Removed Arguments": [], "Result": 9}, {"Node Type": "COLUMN", "Result Type": "COLUMN", "Column": "Const(String)", "Arguments": [], "Removed Arguments": [], "Result": 10}, {"Node Type": "COLUMN", "Result Type": "COLUMN", "Column": "Const(String)", "Arguments": [], "Removed Arguments": [], "Result": 11}, {"Node Type": "COLUMN", "Result Type": "COLUMN", "Column": "Const(String)", "Arguments": [], "Removed Arguments": [], "Result": 12}, {"Node Type": "COLUMN", "Result Type": "COLUMN", "Column": "Const(String)", "Arguments": [], "Removed Arguments": [], "Result": 13}, {"Node Type": "COLUMN", "Result Type": "COLUMN", "Column": "Const(String)", "Arguments": [], "Removed Arguments": [], "Result": 14}, {"Node Type": "COLUMN", "Result Type": "COLUMN", "Column": "Const(String)", "Arguments": [], "Removed Arguments": [], "Result": 15}, {"Node Type": "COLUMN", "Result Type": "COLUMN", "Column": "Const(String)", "Arguments": [], "Removed Arguments": [], "Result": 16}, {"Node Type": "COLUMN", "Result Type": "COLUMN", "Column": "Const(String)", "Arguments": [], "Removed Arguments": [], "Result": 17}, {"Node Type": "COLUMN", "Result Type": "COLUMN", "Column": "Const(String)", "Arguments": [], "Removed Arguments": [], "Result": 18}, {"Node Type": "COLUMN", "Result Type": "COLUMN", "Column": "Const(String)", "Arguments": [], "Removed Arguments": [], "Result": 19}, {"Node Type": "COLUMN", "Result Type": "COLUMN", "Column": "Const(String)", "Arguments": [], "Removed Arguments": [], "Result": 20}, {"Node Type": "COLUMN", "Result Type": "COLUMN", "Column": "Const(String)", "Arguments": [], "Removed Arguments": [], "Result": 21}, {"Node Type": "COLUMN", "Result Type": "COLUMN", "Column": "Const(String)", "Arguments": [], "Removed Arguments": [], "Result": 22}, {"Node Type": "COLUMN", "Result Type": "COLUMN", "Column": "Const(String)", "Arguments": [], "Removed Arguments": [], "Result": 23}, {"Node Type": "COLUMN", "Result Type": "COLUMN", "Column": "Const(String)", "Arguments": [], "Removed Arguments": [], "Result": 24}, {"Node Type": "COLUMN", "Result Type": "COLUMN", "Column": "Const(String)", "Arguments": [], "Removed Arguments": [], "Result": 25}, {"Node Type": "COLUMN", "Result Type": "COLUMN", "Column": "Const(String)", "Arguments": [], "Removed Arguments": [], "Result": 26}, {"Node Type": "COLUMN", "Result Type": "COLUMN", "Column": "Const(String)", "Arguments": [], "Removed Arguments": [], "Result": 27}, {"Node Type": "COLUMN", "Result Type": "COLUMN", "Column": "Const(String)", "Arguments": [], "Removed Arguments": [], "Result": 28}, {"Node Type": "COLUMN", "Result Type": "COLUMN", "Column": "Const(String)", "Arguments": [], "Removed Arguments": [], "Result": 29}, {"Node Type": "COLUMN", "Result Type": "COLUMN", "Column": "Const(String)", "Arguments": [], "Removed Arguments": [], "Result": 30}, {"Node Type": "COLUMN", "Result Type": "COLUMN", "Column": "Const(String)", "Arguments": [], "Removed Arguments": [], "Result": 31}, {"Node Type": "COLUMN", "Result Type": "COLUMN", "Column": "Const(String)", "Arguments": [], "Removed Arguments": [], "Result": 32}, {"Node Type": "COLUMN", "Result Type": "COLUMN", "Column": "Const(String)", "Arguments": [], "Removed Arguments": [], "Result": 33}, {"Node Type": "COLUMN", "Result Type": "COLUMN", "Column": "Const(String)", "Arguments": [], "Removed Arguments": [], "Result": 34}, {"Node Type": "COLUMN", "Result Type": "COLUMN", "Column": "Const(String)", "Arguments": [], "Removed Arguments": [], "Result": 35}, {"Node Type": "COLUMN", "Result Type": "COLUMN", "Column": "Const(String)", "Arguments": [], "Removed Arguments": [], "Result": 36}, {"Node Type": "COLUMN", "Result Type": "COLUMN", "Column": "Const(String)", "Arguments": [], "Removed Arguments": [], "Result": 37}, {"Node Type": "COLUMN", "Result Type": "COLUMN", "Column": "Const(String)", "Arguments": [], "Removed Arguments": [], "Result": 38}, {"Node Type": "COLUMN", "Result Type": "COLUMN", "Column": "Const(String)", "Arguments": [], "Removed Arguments": [], "Result": 39}, {"Node Type": "COLUMN", "Result Type": "COLUMN", "Column": "Const(String)", "Arguments": [], "Removed Arguments": [], "Result": 40}, {"Node Type": "COLUMN", "Result Type": "COLUMN", "Column": "Const(String)", "Arguments": [], "Removed Arguments": [], "Result": 41}, {"Node Type": "COLUMN", "Result Type": "COLUMN", "Column": "Const(String)", "Arguments": [], "Removed Arguments": [], "Result": 42}, {"Node Type": "COLUMN", "Result Type": "COLUMN", "Column": "Const(String)", "Arguments": [], "Removed Arguments": [], "Result": 43}, {"Node Type": "COLUMN", "Result Type": "COLUMN", "Column": "Const(String)", "Arguments": [], "Removed Arguments": [], "Result": 44}, {"Node Type": "COLUMN", "Result Type": "COLUMN", "Column": "Const(String)", "Arguments": [], "Removed Arguments": [], "Result": 45}, {"Node Type": "COLUMN", "Result Type": "COLUMN", "Column": "Const(String)", "Arguments": [], "Removed Arguments": [], "Result": 46}, {"Node Type": "COLUMN", "Result Type": "COLUMN", "Column": "Const(String)", "Arguments": [], "Removed Arguments": [], "Result": 47}, {"Node Type": "COLUMN", "Result Type": "COLUMN", "Column": "Const(Nullable(Nothing))", "Arguments": [], "Removed Arguments": [], "Result": 48}, {"Node Type": "COLUMN", "Result Type": "COLUMN", "Column": "Const(Set)", "Arguments": [], "Removed Arguments": [], "Result": 49}, {"Node Type": "FUNCTION", "Result Type": "FUNCTION", "Function": "equals", "Compiled": false, "Arguments": [1, 3], "Removed Arguments": [3], "Result": 50}, {"Node Type": "FUNCTION", "Result Type": "FUNCTION", "Function": "equals", "Compiled": false, "Arguments": [1, 5], "Removed Arguments": [5], "Result": 3}, {"Node Type": "FUNCTION", "Result Type": "FUNCTION", "Function": "equals", "Compiled": false, "Arguments": [1, 7], "Removed Arguments": [], "Result": 5}, {"Node Type": "FUNCTION", "Result Type": "FUNCTION", "Function": "equals", "Compiled": false, "Arguments": [1, 8], "Removed Arguments": [8], "Result": 51}, {"Node Type": "FUNCTION", "Result Type": "FUNCTION", "Function": "equals", "Compiled": false, "Arguments": [1, 9], "Removed Arguments": [9], "Result": 8}, {"Node Type": "FUNCTION", "Result Type": "FUNCTION", "Function": "equals", "Compiled": false, "Arguments": [1, 10], "Removed Arguments": [], "Result": 9}, {"Node Type": "FUNCTION", "Result Type": "FUNCTION", "Function": "equals", "Compiled": false, "Arguments": [1, 11], "Removed Arguments": [11], "Result": 52}, {"Node Type": "FUNCTION", "Result Type": "FUNCTION", "Function": "equals", "Compiled": false, "Arguments": [1, 12], "Removed Arguments": [12], "Result": 11}, {"Node Type": "FUNCTION", "Result Type": "FUNCTION", "Function": "equals", "Compiled": false, "Arguments": [1, 14], "Removed Arguments": [14], "Result": 12}, {"Node Type": "FUNCTION", "Result Type": "FUNCTION", "Function": "equals", "Compiled": false, "Arguments": [1, 15], "Removed Arguments": [], "Result": 14}, {"Node Type": "FUNCTION", "Result Type": "FUNCTION", "Function": "equals", "Compiled": false, "Arguments": [1, 16], "Removed Arguments": [16], "Result": 53}, {"Node Type": "FUNCTION", "Result Type": "FUNCTION", "Function": "equals", "Compiled": false, "Arguments": [1, 17], "Removed Arguments": [17], "Result": 16}, {"Node Type": "FUNCTION", "Result Type": "FUNCTION", "Function": "equals", "Compiled": false, "Arguments": [1, 18], "Removed Arguments": [18], "Result": 17}, {"Node Type": "FUNCTION", "Result Type": "FUNCTION", "Function": "equals", "Compiled": false, "Arguments": [1, 20], "Removed Arguments": [20], "Result": 18}, {"Node Type": "FUNCTION", "Result Type": "FUNCTION", "Function": "equals", "Compiled": false, "Arguments": [1, 21], "Removed Arguments": [21], "Result": 20}, {"Node Type": "FUNCTION", "Result Type": "FUNCTION", "Function": "equals", "Compiled": false, "Arguments": [1, 23], "Removed Arguments": [23], "Result": 21}, {"Node Type": "FUNCTION", "Result Type": "FUNCTION", "Function": "equals", "Compiled": false, "Arguments": [1, 24], "Removed Arguments": [24], "Result": 23}, {"Node Type": "FUNCTION", "Result Type": "FUNCTION", "Function": "equals", "Compiled": false, "Arguments": [1, 25], "Removed Arguments": [25], "Result": 24}, {"Node Type": "FUNCTION", "Result Type": "FUNCTION", "Function": "equals", "Compiled": false, "Arguments": [1, 26], "Removed Arguments": [26], "Result": 25}, {"Node Type": "FUNCTION", "Result Type": "FUNCTION", "Function": "equals", "Compiled": false, "Arguments": [1, 28], "Removed Arguments": [28], "Result": 26}, {"Node Type": "FUNCTION", "Result Type": "FUNCTION", "Function": "equals", "Compiled": false, "Arguments": [1, 29], "Removed Arguments": [29], "Result": 28}, {"Node Type": "FUNCTION", "Result Type": "FUNCTION", "Function": "equals", "Compiled": false, "Arguments": [1, 31], "Removed Arguments": [31], "Result": 29}, {"Node Type": "FUNCTION", "Result Type": "FUNCTION", "Function": "equals", "Compiled": false, "Arguments": [1, 32], "Removed Arguments": [32], "Result": 31}, {"Node Type": "FUNCTION", "Result Type": "FUNCTION", "Function": "equals", "Compiled": false, "Arguments": [1, 33], "Removed Arguments": [33], "Result": 32}, {"Node Type": "FUNCTION", "Result Type": "FUNCTION", "Function": "equals", "Compiled": false, "Arguments": [1, 34], "Removed Arguments": [34], "Result": 33}, {"Node Type": "FUNCTION", "Result Type": "FUNCTION", "Function": "equals", "Compiled": false, "Arguments": [1, 35], "Removed Arguments": [35], "Result": 34}, {"Node Type": "FUNCTION", "Result Type": "FUNCTION", "Function": "equals", "Compiled": false, "Arguments": [1, 36], "Removed Arguments": [], "Result": 35}, {"Node Type": "FUNCTION", "Result Type": "FUNCTION", "Function": "equals", "Compiled": false, "Arguments": [1, 37], "Removed Arguments": [37], "Result": 54}, {"Node Type": "FUNCTION", "Result Type": "FUNCTION", "Function": "equals", "Compiled": false, "Arguments": [1, 38], "Removed Arguments": [38], "Result": 37}, {"Node Type": "FUNCTION", "Result Type": "FUNCTION", "Function": "equals", "Compiled": false, "Arguments": [1, 39], "Removed Arguments": [39], "Result": 38}, {"Node Type": "FUNCTION", "Result Type": "FUNCTION", "Function": "equals", "Compiled": false, "Arguments": [1, 40], "Removed Arguments": [40], "Result": 39}, {"Node Type": "FUNCTION", "Result Type": "FUNCTION", "Function": "equals", "Compiled": false, "Arguments": [1, 41], "Removed Arguments": [41], "Result": 40}, {"Node Type": "FUNCTION", "Result Type": "FUNCTION", "Function": "equals", "Compiled": false, "Arguments": [1, 43], "Removed Arguments": [43], "Result": 41}, {"Node Type": "FUNCTION", "Result Type": "FUNCTION", "Function": "equals", "Compiled": false, "Arguments": [1, 44], "Removed Arguments": [44], "Result": 43}, {"Node Type": "FUNCTION", "Result Type": "FUNCTION", "Function": "equals", "Compiled": false, "Arguments": [1, 45], "Removed Arguments": [45], "Result": 44}, {"Node Type": "FUNCTION", "Result Type": "FUNCTION", "Function": "equals", "Compiled": false, "Arguments": [1, 46], "Removed Arguments": [46], "Result": 45}, {"Node Type": "FUNCTION", "Result Type": "FUNCTION", "Function": "equals", "Compiled": false, "Arguments": [1, 47], "Removed Arguments": [1, 47], "Result": 46}, {"Node Type": "FUNCTION", "Result Type": "FUNCTION", "Function": "toUInt8", "Compiled": false, "Arguments": [50], "Removed Arguments": [50], "Result": 47}, {"Node Type": "FUNCTION", "Result Type": "FUNCTION", "Function": "toUInt8", "Compiled": false, "Arguments": [3], "Removed Arguments": [3], "Result": 50}, {"Node Type": "FUNCTION", "Result Type": "FUNCTION", "Function": "toUInt8", "Compiled": false, "Arguments": [5], "Removed Arguments": [5], "Result": 3}, {"Node Type": "FUNCTION", "Result Type": "FUNCTION", "Function": "toUInt8", "Compiled": false, "Arguments": [51], "Removed Arguments": [51], "Result": 5}, {"Node Type": "FUNCTION", "Result Type": "FUNCTION", "Function": "toUInt8", "Compiled": false, "Arguments": [8], "Removed Arguments": [8], "Result": 51}, {"Node Type": "FUNCTION", "Result Type": "FUNCTION", "Function": "toUInt8", "Compiled": false, "Arguments": [9], "Removed Arguments": [9], "Result": 8}, {"Node Type": "FUNCTION", "Result Type": "FUNCTION", "Function": "toUInt8", "Compiled": false, "Arguments": [52], "Removed Arguments": [52], "Result": 9}, {"Node Type": "FUNCTION", "Result Type": "FUNCTION", "Function": "toUInt8", "Compiled": false, "Arguments": [11], "Removed Arguments": [11], "Result": 52}, {"Node Type": "FUNCTION", "Result Type": "FUNCTION", "Function": "toUInt8", "Compiled": false, "Arguments": [12], "Removed Arguments": [12], "Result": 11}, {"Node Type": "FUNCTION", "Result Type": "FUNCTION", "Function": "toUInt8", "Compiled": false, "Arguments": [14], "Removed Arguments": [14], "Result": 12}, {"Node Type": "FUNCTION", "Result Type": "FUNCTION", "Function": "toUInt8", "Compiled": false, "Arguments": [53], "Removed Arguments": [53], "Result": 14}, {"Node Type": "FUNCTION", "Result Type": "FUNCTION", "Function": "toUInt8", "Compiled": false, "Arguments": [16], "Removed Arguments": [16], "Result": 53}, {"Node Type": "FUNCTION", "Result Type": "FUNCTION", "Function": "toUInt8", "Compiled": false, "Arguments": [17], "Removed Arguments": [17], "Result": 16}, {"Node Type": "FUNCTION", "Result Type": "FUNCTION", "Function": "toUInt8", "Compiled": false, "Arguments": [18], "Removed Arguments": [18], "Result": 17}, {"Node Type": "FUNCTION", "Result Type": "FUNCTION", "Function": "toUInt8", "Compiled": false, "Arguments": [20], "Removed Arguments": [20], "Result": 18}, {"Node Type": "FUNCTION", "Result Type": "FUNCTION", "Function": "toUInt8", "Compiled": false, "Arguments": [21], "Removed Arguments": [21], "Result": 20}, {"Node Type": "FUNCTION", "Result Type": "FUNCTION", "Function": "toUInt8", "Compiled": false, "Arguments": [23], "Removed Arguments": [23], "Result": 21}, {"Node Type": "FUNCTION", "Result Type": "FUNCTION", "Function": "toUInt8", "Compiled": false, "Arguments": [24], "Removed Arguments": [24], "Result": 23}, {"Node Type": "FUNCTION", "Result Type": "FUNCTION", "Function": "toUInt8", "Compiled": false, "Arguments": [25], "Removed Arguments": [25], "Result": 24}, {"Node Type": "FUNCTION", "Result Type": "FUNCTION", "Function": "toUInt8", "Compiled": false, "Arguments": [26], "Removed Arguments": [26], "Result": 25}, {"Node Type": "FUNCTION", "Result Type": "FUNCTION", "Function": "toUInt8", "Compiled": false, "Arguments": [28], "Removed Arguments": [28], "Result": 26}, {"Node Type": "FUNCTION", "Result Type": "FUNCTION", "Function": "toUInt8", "Compiled": false, "Arguments": [29], "Removed Arguments": [29], "Result": 28}, {"Node Type": "FUNCTION", "Result Type": "FUNCTION", "Function": "toUInt8", "Compiled": false, "Arguments": [31], "Removed Arguments": [31], "Result": 29}, {"Node Type": "FUNCTION", "Result Type": "FUNCTION", "Function": "toUInt8", "Compiled": false, "Arguments": [32], "Removed Arguments": [32], "Result": 31}, {"Node Type": "FUNCTION", "Result Type": "FUNCTION", "Function": "toUInt8", "Compiled": false, "Arguments": [33], "Removed Arguments": [33], "Result": 32}, {"Node Type": "FUNCTION", "Result Type": "FUNCTION", "Function": "toUInt8", "Compiled": false, "Arguments": [34], "Removed Arguments": [34], "Result": 33}, {"Node Type": "FUNCTION", "Result Type": "FUNCTION", "Function": "toUInt8", "Compiled": false, "Arguments": [35], "Removed Arguments": [35], "Result": 34}, {"Node Type": "FUNCTION", "Result Type": "FUNCTION", "Function": "toUInt8", "Compiled": false, "Arguments": [54], "Removed Arguments": [54], "Result": 35}, {"Node Type": "FUNCTION", "Result Type": "FUNCTION", "Function": "toUInt8", "Compiled": false, "Arguments": [37], "Removed Arguments": [37], "Result": 54}, {"Node Type": "FUNCTION", "Result Type": "FUNCTION", "Function": "toUInt8", "Compiled": false, "Arguments": [38], "Removed Arguments": [38], "Result": 37}, {"Node Type": "FUNCTION", "Result Type": "FUNCTION", "Function": "toUInt8", "Compiled": false, "Arguments": [39], "Removed Arguments": [39], "Result": 38}, {"Node Type": "FUNCTION", "Result Type": "FUNCTION", "Function": "toUInt8", "Compiled": false, "Arguments": [40], "Removed Arguments": [40], "Result": 39}, {"Node Type": "FUNCTION", "Result Type": "FUNCTION", "Function": "toUInt8", "Compiled": false, "Arguments": [41], "Removed Arguments": [41], "Result": 40}, {"Node Type": "FUNCTION", "Result Type": "FUNCTION", "Function": "toUInt8", "Compiled": false, "Arguments": [43], "Removed Arguments": [43], "Result": 41}, {"Node Type": "FUNCTION", "Result Type": "FUNCTION", "Function": "toUInt8", "Compiled": false, "Arguments": [44], "Removed Arguments": [44], "Result": 43}, {"Node Type": "FUNCTION", "Result Type": "FUNCTION", "Function": "toUInt8", "Compiled": false, "Arguments": [45], "Removed Arguments": [45], "Result": 44}, {"Node Type": "FUNCTION", "Result Type": "FUNCTION", "Function": "toUInt8", "Compiled": false, "Arguments": [46], "Removed Arguments": [46], "Result": 45}, {"Node Type": "FUNCTION", "Result Type": "FUNCTION", "Function": "multiIf", "Compiled": false, "Arguments": [47, 4, 47, 4, 47, 4, 50, 6, 3, 6, 3, 6, 5, 6, 50, 6, 51, 6, 5, 6, 8, 6, 9, 6, 8, 6, 5, 6, 52, 13, 11, 13, 11, 13, 12, 13, 14, 13, 53, 13, 16, 19, 17, 19, 18, 22, 20, 22, 21, 22, 23, 22, 18, 22, 24, 27, 24, 27, 25, 27, 26, 30, 28, 30, 29, 30, 31, 30, 32, 30, 33, 30, 34, 36, 35, 36, 35, 36, 34, 36, 54, 36, 37, 15, 38, 15, 39, 42, 8, 42, 40, 10, 41, 10, 43, 7, 44, 7, 45, 7, 45, 7, 8, 4, 8, 4, 48], "Removed Arguments": [47, 3, 50, 51, 9, 5, 6, 52, 11, 12, 14, 53, 13, 16, 17, 19, 20, 21, 23, 18, 22, 24, 25, 27, 26, 28, 29, 31, 32, 33, 30, 35, 34, 54, 36, 37, 38, 15, 39, 42, 40, 41, 10, 43, 44, 45, 7, 8, 4, 48], "Result": 46}, {"Node Type": "FUNCTION", "Result Type": "FUNCTION", "Function": "notIn", "Compiled": false, "Arguments": [46, 49], "Removed Arguments": [49], "Result": 48}, {"Node Type": "FUNCTION", "Result Type": "FUNCTION", "Function": "isNotNull", "Compiled": false, "Arguments": [46], "Removed Arguments": [46], "Result": 49}, {"Node Type": "FUNCTION", "Result Type": "FUNCTION", "Function": "and", "Compiled": false, "Arguments": [48, 49], "Removed Arguments": [48, 49], "Result": 46}, {"Node Type": "FUNCTION", "Result Type": "FUNCTION", "Function": "and", "Compiled": false, "Arguments": [0, 46], "Removed Arguments": [0, 46], "Result": 49}], "Outputs": [{"Name": "b_ran", "Type": "Nullable(String)"}, {"Name": "and(and(greaterOrEquals(pt_d, toDate(163552)), less(pt_d, toDate(16356096000)), greaterOrEquals(pt_d, toDate(163552)), less(pt_d, toDate(16356096000))), and(notIn(multiIf(toUInt8(equals(d_p_name, 'aaa')), 'nn', toUInt8(equals(d_p_name, 'aaa')), 'nn', toUInt8(equals(d_p_name, 'aaa')), 'nn', toUInt8(equals(d_p_name, 'bbb ')), 'ttt', toUInt8(equals(d_p_name, 'bbb')), 'ttt', toUInt8(equals(d_p_name, 'bbb')), 'ttt', toUInt8(equals(d_p_name, 'ddd')), 'ttt', toUInt8(equals(d_p_name, 'bbb ')), 'ttt', toUInt8(equals(d_p_name, 'bbb  ttt')), 'ttt', toUInt8(equals(d_p_name, 'ddd')), 'ttt', toUInt8(equals(d_p_name, 'ccc')), 'ttt', toUInt8(equals(d_p_name, 'ccc ')), 'ttt', toUInt8(equals(d_p_name, 'ccc')), 'ttt', toUInt8(equals(d_p_name, 'ddd')), 'ttt', toUInt8(equals(d_p_name, 'iii')), 'nnn', toUInt8(equals(d_p_name, 'ppp')), 'nnn', toUInt8(equals(d_p_name, 'ppp')), 'nnn', toUInt8(equals(d_p_name, 'kkk')), 'nnn', toUInt8(equals(d_p_name, 'fff5')), 'nnn', toUInt8(equals(d_p_name, 'fff5 hhh')), 'nnn', toUInt8(equals(d_p_name, 'eee4')), 'vvv', toUInt8(equals(d_p_name, 'eee')), 'vvv', toUInt8(equals(d_p_name, 'hhh')), 'mmm', toUInt8(equals(d_p_name, 'hhh ')), 'mmm', toUInt8(equals(d_p_name, 'ggg')), 'mmm', toUInt8(equals(d_p_name, 'ggg ')), 'mmm', toUInt8(equals(d_p_name, 'hhh')), 'mmm', toUInt8(equals(d_p_name, 'hh')), 'jj', toUInt8(equals(d_p_name, 'hh')), 'jj', toUInt8(equals(d_p_name, 'gg')), 'jj', toUInt8(equals(d_p_name, ' mm')), 'mm', toUInt8(equals(d_p_name, 'ff')), 'mm', toUInt8(equals(d_p_name, 'ee')), 'mm', toUInt8(equals(d_p_name, 'dd')), 'mm', toUInt8(equals(d_p_name, 'cc')), 'mm', toUInt8(equals(d_p_name, 'bb')), 'mm', toUInt8(equals(d_p_name, 'aa')), 'aa', toUInt8(equals(d_p_name, 'zzz')), 'aa', toUInt8(equals(d_p_name, 'zzz')), 'aa', toUInt8(equals(d_p_name, 'aa')), 'aa', toUInt8(equals(d_p_name, 'sss')), 'aa', toUInt8(equals(d_p_name, 'yyy')), 'kkk', toUInt8(equals(d_p_name, 'yyy ')), 'kkk', toUInt8(equals(d_p_name, 'uuu')), 'lll', toUInt8(equals(d_p_name, 'ccc')), 'lll', toUInt8(equals(d_p_name, ' ccc')), 'ccc', toUInt8(equals(d_p_name, ' ccc ')), 'ccc', toUInt8(equals(d_p_name, ' bbb')), 'bbb', toUInt8(equals(d_p_name, 'www')), 'bbb', toUInt8(equals(d_p_name, 'qqq')), 'bbb', toUInt8(equals(d_p_name, 'qqq')), 'bbb', toUInt8(equals(d_p_name, 'ccc')), 'nn', toUInt8(equals(d_p_name, 'ccc')), 'nn', NULL), ''), isNotNull(multiIf(toUInt8(equals(d_p_name, 'aaa')), 'nn', toUInt8(equals(d_p_name, 'aaa')), 'nn', toUInt8(equals(d_p_name, 'aaa')), 'nn', toUInt8(equals(d_p_name, 'bbb ')), 'ttt', toUInt8(equals(d_p_name, 'bbb')), 'ttt', toUInt8(equals(d_p_name, 'bbb')), 'ttt', toUInt8(equals(d_p_name, 'ddd')), 'ttt', toUInt8(equals(d_p_name, 'bbb ')), 'ttt', toUInt8(equals(d_p_name, 'bbb  ttt')), 'ttt', toUInt8(equals(d_p_name, 'ddd')), 'ttt', toUInt8(equals(d_p_name, 'ccc')), 'ttt', toUInt8(equals(d_p_name, 'ccc ')), 'ttt', toUInt8(equals(d_p_name, 'ccc')), 'ttt', toUInt8(equals(d_p_name, 'ddd')), 'ttt', toUInt8(equals(d_p_name, 'iii')), 'nnn', toUInt8(equals(d_p_name, 'ppp')), 'nnn', toUInt8(equals(d_p_name, 'ppp')), 'nnn', toUInt8(equals(d_p_name, 'kkk')), 'nnn', toUInt8(equals(d_p_name, 'fff5')), 'nnn', toUInt8(equals(d_p_name, 'fff5 hhh')), 'nnn', toUInt8(equals(d_p_name, 'eee4')), 'vvv', toUInt8(equals(d_p_name, 'eee')), 'vvv', toUInt8(equals(d_p_name, 'hhh')), 'mmm', toUInt8(equals(d_p_name, 'hhh ')), 'mmm', toUInt8(equals(d_p_name, 'ggg')), 'mmm', toUInt8(equals(d_p_name, 'ggg ')), 'mmm', toUInt8(equals(d_p_name, 'hhh')), 'mmm', toUInt8(equals(d_p_name, 'hh')), 'jj', toUInt8(equals(d_p_name, 'hh')), 'jj', toUInt8(equals(d_p_name, 'gg')), 'jj', toUInt8(equals(d_p_name, ' mm')), 'mm', toUInt8(equals(d_p_name, 'ff')), 'mm', toUInt8(equals(d_p_name, 'ee')), 'mm', toUInt8(equals(d_p_name, 'dd')), 'mm', toUInt8(equals(d_p_name, 'cc')), 'mm', toUInt8(equals(d_p_name, 'bb')), 'mm', toUInt8(equals(d_p_name, 'aa')), 'aa', toUInt8(equals(d_p_name, 'zzz')), 'aa', toUInt8(equals(d_p_name, 'zzz')), 'aa', toUInt8(equals(d_p_name, 'aa')), 'aa', toUInt8(equals(d_p_name, 'sss')), 'aa', toUInt8(equals(d_p_name, 'yyy')), 'kkk', toUInt8(equals(d_p_name, 'yyy ')), 'kkk', toUInt8(equals(d_p_name, 'uuu')), 'lll', toUInt8(equals(d_p_name, 'ccc')), 'lll', toUInt8(equals(d_p_name, ' ccc')), 'ccc', toUInt8(equals(d_p_name, ' ccc ')), 'ccc', toUInt8(equals(d_p_name, ' bbb')), 'bbb', toUInt8(equals(d_p_name, 'www')), 'bbb', toUInt8(equals(d_p_name, 'qqq')), 'bbb', toUInt8(equals(d_p_name, 'qqq')), 'bbb', toUInt8(equals(d_p_name, 'ccc')), 'nn', toUInt8(equals(d_p_name, 'ccc')), 'nn', NULL))))", "Type": "Nullable(UInt8)"}], "Positions": [2, 49], "Project Input": true}, "Plans": [{"Node Type": "SettingQuotaAndLimits", "Description": "Set limits and quota after reading from storage", "Header": [{"Name": "and(greaterOrEquals(pt_d, toDate(163552)), less(pt_d, toDate(16356096000)), greaterOrEquals(pt_d, toDate(163552)), less(pt_d, toDate(16356096000)))", "Type": "UInt8"}, {"Name": "d_p_name", "Type": "Nullable(String)"}, {"Name": "b_ran", "Type": "Nullable(String)"}], "Plans": [{"Node Type": "ReadFromMergeTree", "Header": [{"Name": "and(greaterOrEquals(pt_d, toDate(163552)), less(pt_d, toDate(16356096000)), greaterOrEquals(pt_d, toDate(163552)), less(pt_d, toDate(16356096000)))", "Type": "UInt8"}, {"Name": "d_p_name", "Type": "Nullable(String)"}, {"Name": "b_ran", "Type": "Nullable(String)"}], "Read Type": "Default", "Parts": 11, "Granules": 11}]}]}]}]}]}}]