[{"Plan": {"Node Type": "Expression", "Description": "(Projection + Before ORDER BY)", "Header": [{"Name": "__fcol_15", "Type": "Nullable(Int64)"}, {"Name": "__fcol_45", "Type": "Date"}], "Expression": {"Inputs": [{"Name": "d_a_cnt", "Type": "Nullable(Int64)"}, {"Name": "pt_d", "Type": "Date"}], "Actions": [{"Node Type": "INPUT", "Result Type": "INPUT", "Arguments": [0], "Removed Arguments": [], "Result": 0}, {"Node Type": "INPUT", "Result Type": "INPUT", "Arguments": [1], "Removed Arguments": [], "Result": 1}, {"Node Type": "ALIAS", "Result Type": "ALIAS", "Arguments": [0], "Removed Arguments": [0], "Result": 2}, {"Node Type": "ALIAS", "Result Type": "ALIAS", "Arguments": [1], "Removed Arguments": [1], "Result": 0}], "Outputs": [{"Name": "__fcol_15", "Type": "Nullable(Int64)"}, {"Name": "__fcol_45", "Type": "Date"}], "Positions": [2, 0], "Project Input": true}, "Plans": [{"Node Type": "SettingQuotaAndLimits", "Description": "Set limits and quota after reading from storage", "Header": [{"Name": "d_a_cnt", "Type": "Nullable(Int64)"}, {"Name": "pt_d", "Type": "Date"}], "Plans": [{"Node Type": "Limit", "Description": "preliminary LIMIT (without OFFSET)", "Header": [{"Name": "d_a_cnt", "Type": "Nullable(Int64)"}, {"Name": "pt_d", "Type": "Date"}], "Limit": 10, "Offset": 0, "With Ties": false, "Reads All Data": false, "Plans": [{"Node Type": "ReadFromMergeTree", "Header": [{"Name": "d_a_cnt", "Type": "Nullable(Int64)"}, {"Name": "pt_d", "Type": "Date"}], "Read Type": "Default", "Parts": 11, "Granules": 11}]}]}]}}]