[{"Plan": {"Node Type": "Expression", "Description": "(Projection + Before ORDER BY)", "Header": [{"Name": "__fcol_15", "Type": "Nullable(Int64)"}, {"Name": "__fcol_4", "Type": "Nullable(String)"}, {"Name": "__fcol_9", "Type": "Nullable(String)"}, {"Name": "__fcol_45", "Type": "Date"}, {"Name": "__fcol_49", "Type": "Nullable(String)"}], "Expression": {"Inputs": [{"Name": "multiIf(toUInt8(equals(d_p_name, 'aaa')), 'nn', toUInt8(equals(d_p_name, 'aaa')), 'nn', toUInt8(equals(d_p_name, 'aaa')), 'nn', toUInt8(equals(d_p_name, 'bbb ')), 'ttt', toUInt8(equals(d_p_name, 'bbb')), 'ttt', toUInt8(equals(d_p_name, 'bbb')), 'ttt', toUInt8(equals(d_p_name, 'ddd')), 'ttt', toUInt8(equals(d_p_name, 'bbb ')), 'ttt', toUInt8(equals(d_p_name, 'bbb  ttt')), 'ttt', toUInt8(equals(d_p_name, 'ddd')), 'ttt', toUInt8(equals(d_p_name, 'ccc')), 'ttt', toUInt8(equals(d_p_name, 'ccc ')), 'ttt', toUInt8(equals(d_p_name, 'ccc')), 'ttt', toUInt8(equals(d_p_name, 'ddd')), 'ttt', toUInt8(equals(d_p_name, 'iii')), 'nnn', toUInt8(equals(d_p_name, 'ppp')), 'nnn', toUInt8(equals(d_p_name, 'ppp')), 'nnn', toUInt8(equals(d_p_name, 'kkk')), 'nnn', toUInt8(equals(d_p_name, 'fff5')), 'nnn', toUInt8(equals(d_p_name, 'fff5 hhh')), 'nnn', toUInt8(equals(d_p_name, 'eee4')), 'vvv', toUInt8(equals(d_p_name, 'eee')), 'vvv', toUInt8(equals(d_p_name, 'hhh')), 'mmm', toUInt8(equals(d_p_name, 'hhh ')), 'mmm', toUInt8(equals(d_p_name, 'ggg')), 'mmm', toUInt8(equals(d_p_name, 'ggg ')), 'mmm', toUInt8(equals(d_p_name, 'hhh')), 'mmm', toUInt8(equals(d_p_name, 'hh')), 'jj', toUInt8(equals(d_p_name, 'hh')), 'jj', toUInt8(equals(d_p_name, 'gg')), 'jj', toUInt8(equals(d_p_name, ' mm')), 'mm', toUInt8(equals(d_p_name, 'ff')), 'mm', toUInt8(equals(d_p_name, 'ee')), 'mm', toUInt8(equals(d_p_name, 'dd')), 'mm', toUInt8(equals(d_p_name, 'cc')), 'mm', toUInt8(equals(d_p_name, 'bb')), 'mm', toUInt8(equals(d_p_name, 'aa')), 'aa', toUInt8(equals(d_p_name, 'zzz')), 'aa', toUInt8(equals(d_p_name, 'zzz')), 'aa', toUInt8(equals(d_p_name, 'aa')), 'aa', toUInt8(equals(d_p_name, 'sss')), 'aa', toUInt8(equals(d_p_name, 'yyy')), 'kkk', toUInt8(equals(d_p_name, 'yyy ')), 'kkk', toUInt8(equals(d_p_name, 'uuu')), 'lll', toUInt8(equals(d_p_name, 'ccc')), 'lll', toUInt8(equals(d_p_name, ' ccc')), 'ccc', toUInt8(equals(d_p_name, ' ccc ')), 'ccc', toUInt8(equals(d_p_name, ' bbb')), 'bbb', toUInt8(equals(d_p_name, 'www')), 'bbb', toUInt8(equals(d_p_name, 'qqq')), 'bbb', toUInt8(equals(d_p_name, 'qqq')), 'bbb', toUInt8(equals(d_p_name, 'ccc')), 'nn', toUInt8(equals(d_p_name, 'ccc')), 'nn', NULL)", "Type": "Nullable(String)"}, {"Name": "rom", "Type": "Nullable(String)"}, {"Name": "b_ran", "Type": "Nullable(String)"}, {"Name": "d_a_cnt", "Type": "Nullable(Int64)"}, {"Name": "pt_d", "Type": "Date"}], "Actions": [{"Node Type": "INPUT", "Result Type": "INPUT", "Arguments": [0], "Removed Arguments": [], "Result": 0}, {"Node Type": "INPUT", "Result Type": "INPUT", "Arguments": [1], "Removed Arguments": [], "Result": 1}, {"Node Type": "INPUT", "Result Type": "INPUT", "Arguments": [2], "Removed Arguments": [], "Result": 2}, {"Node Type": "INPUT", "Result Type": "INPUT", "Arguments": [3], "Removed Arguments": [], "Result": 3}, {"Node Type": "INPUT", "Result Type": "INPUT", "Arguments": [4], "Removed Arguments": [], "Result": 4}, {"Node Type": "ALIAS", "Result Type": "ALIAS", "Arguments": [0], "Removed Arguments": [0], "Result": 5}, {"Node Type": "ALIAS", "Result Type": "ALIAS", "Arguments": [1], "Removed Arguments": [1], "Result": 0}, {"Node Type": "ALIAS", "Result Type": "ALIAS", "Arguments": [2], "Removed Arguments": [2], "Result": 1}, {"Node Type": "ALIAS", "Result Type": "ALIAS", "Arguments": [3], "Removed Arguments": [3], "Result": 2}, {"Node Type": "ALIAS", "Result Type": "ALIAS", "Arguments": [4], "Removed Arguments": [4], "Result": 3}], "Outputs": [{"Name": "__fcol_15", "Type": "Nullable(Int64)"}, {"Name": "__fcol_4", "Type": "Nullable(String)"}, {"Name": "__fcol_9", "Type": "Nullable(String)"}, {"Name": "__fcol_45", "Type": "Date"}, {"Name": "__fcol_49", "Type": "Nullable(String)"}], "Positions": [2, 0, 1, 3, 5], "Project Input": true}, "Plans": [{"Node Type": "Filter", "Description": "WHERE", "Header": [{"Name": "multiIf(toUInt8(equals(d_p_name, 'aaa')), 'nn', toUInt8(equals(d_p_name, 'aaa')), 'nn', toUInt8(equals(d_p_name, 'aaa')), 'nn', toUInt8(equals(d_p_name, 'bbb ')), 'ttt', toUInt8(equals(d_p_name, 'bbb')), 'ttt', toUInt8(equals(d_p_name, 'bbb')), 'ttt', toUInt8(equals(d_p_name, 'ddd')), 'ttt', toUInt8(equals(d_p_name, 'bbb ')), 'ttt', toUInt8(equals(d_p_name, 'bbb  ttt')), 'ttt', toUInt8(equals(d_p_name, 'ddd')), 'ttt', toUInt8(equals(d_p_name, 'ccc')), 'ttt', toUInt8(equals(d_p_name, 'ccc ')), 'ttt', toUInt8(equals(d_p_name, 'ccc')), 'ttt', toUInt8(equals(d_p_name, 'ddd')), 'ttt', toUInt8(equals(d_p_name, 'iii')), 'nnn', toUInt8(equals(d_p_name, 'ppp')), 'nnn', toUInt8(equals(d_p_name, 'ppp')), 'nnn', toUInt8(equals(d_p_name, 'kkk')), 'nnn', toUInt8(equals(d_p_name, 'fff5')), 'nnn', toUInt8(equals(d_p_name, 'fff5 hhh')), 'nnn', toUInt8(equals(d_p_name, 'eee4')), 'vvv', toUInt8(equals(d_p_name, 'eee')), 'vvv', toUInt8(equals(d_p_name, 'hhh')), 'mmm', toUInt8(equals(d_p_name, 'hhh ')), 'mmm', toUInt8(equals(d_p_name, 'ggg')), 'mmm', toUInt8(equals(d_p_name, 'ggg ')), 'mmm', toUInt8(equals(d_p_name, 'hhh')), 'mmm', toUInt8(equals(d_p_name, 'hh')), 'jj', toUInt8(equals(d_p_name, 'hh')), 'jj', toUInt8(equals(d_p_name, 'gg')), 'jj', toUInt8(equals(d_p_name, ' mm')), 'mm', toUInt8(equals(d_p_name, 'ff')), 'mm', toUInt8(equals(d_p_name, 'ee')), 'mm', toUInt8(equals(d_p_name, 'dd')), 'mm', toUInt8(equals(d_p_name, 'cc')), 'mm', toUInt8(equals(d_p_name, 'bb')), 'mm', toUInt8(equals(d_p_name, 'aa')), 'aa', toUInt8(equals(d_p_name, 'zzz')), 'aa', toUInt8(equals(d_p_name, 'zzz')), 'aa', toUInt8(equals(d_p_name, 'aa')), 'aa', toUInt8(equals(d_p_name, 'sss')), 'aa', toUInt8(equals(d_p_name, 'yyy')), 'kkk', toUInt8(equals(d_p_name, 'yyy ')), 'kkk', toUInt8(equals(d_p_name, 'uuu')), 'lll', toUInt8(equals(d_p_name, 'ccc')), 'lll', toUInt8(equals(d_p_name, ' ccc')), 'ccc', toUInt8(equals(d_p_name, ' ccc ')), 'ccc', toUInt8(equals(d_p_name, ' bbb')), 'bbb', toUInt8(equals(d_p_name, 'www')), 'bbb', toUInt8(equals(d_p_name, 'qqq')), 'bbb', toUInt8(equals(d_p_name, 'qqq')), 'bbb', toUInt8(equals(d_p_name, 'ccc')), 'nn', toUInt8(equals(d_p_name, 'ccc')), 'nn', NULL)", "Type": "Nullable(String)"}, {"Name": "rom", "Type": "Nullable(String)"}, {"Name": "b_ran", "Type": "Nullable(String)"}, {"Name": "d_a_cnt", "Type": "Nullable(Int64)"}, {"Name": "pt_d", "Type": "Date"}], "Filter Column": "and(and(notIn(multiIf(toUInt8(equals(d_p_name, 'aaa')), 'nn', toUInt8(equals(d_p_name, 'aaa')), 'nn', toUInt8(equals(d_p_name, 'aaa')), 'nn', toUInt8(equals(d_p_name, 'bbb ')), 'ttt', toUInt8(equals(d_p_name, 'bbb')), 'ttt', toUInt8(equals(d_p_name, 'bbb')), 'ttt', toUInt8(equals(d_p_name, 'ddd')), 'ttt', toUInt8(equals(d_p_name, 'bbb ')), 'ttt', toUInt8(equals(d_p_name, 'bbb  ttt')), 'ttt', toUInt8(equals(d_p_name, 'ddd')), 'ttt', toUInt8(equals(d_p_name, 'ccc')), 'ttt', toUInt8(equals(d_p_name, 'ccc ')), 'ttt', toUInt8(equals(d_p_name, 'ccc')), 'ttt', toUInt8(equals(d_p_name, 'ddd')), 'ttt', toUInt8(equals(d_p_name, 'iii')), 'nnn', toUInt8(equals(d_p_name, 'ppp')), 'nnn', toUInt8(equals(d_p_name, 'ppp')), 'nnn', toUInt8(equals(d_p_name, 'kkk')), 'nnn', toUInt8(equals(d_p_name, 'fff5')), 'nnn', toUInt8(equals(d_p_name, 'fff5 hhh')), 'nnn', toUInt8(equals(d_p_name, 'eee4')), 'vvv', toUInt8(equals(d_p_name, 'eee')), 'vvv', toUInt8(equals(d_p_name, 'hhh')), 'mmm', toUInt8(equals(d_p_name, 'hhh ')), 'mmm', toUInt8(equals(d_p_name, 'ggg')), 'mmm', toUInt8(equals(d_p_name, 'ggg ')), 'mmm', toUInt8(equals(d_p_name, 'hhh')), 'mmm', toUInt8(equals(d_p_name, 'hh')), 'jj', toUInt8(equals(d_p_name, 'hh')), 'jj', toUInt8(equals(d_p_name, 'gg')), 'jj', toUInt8(equals(d_p_name, ' mm')), 'mm', toUInt8(equals(d_p_name, 'ff')), 'mm', toUInt8(equals(d_p_name, 'ee')), 'mm', toUInt8(equals(d_p_name, 'dd')), 'mm', toUInt8(equals(d_p_name, 'cc')), 'mm', toUInt8(equals(d_p_name, 'bb')), 'mm', toUInt8(equals(d_p_name, 'aa')), 'aa', toUInt8(equals(d_p_name, 'zzz')), 'aa', toUInt8(equals(d_p_name, 'zzz')), 'aa', toUInt8(equals(d_p_name, 'aa')), 'aa', toUInt8(equals(d_p_name, 'sss')), 'aa', toUInt8(equals(d_p_name, 'yyy')), 'kkk', toUInt8(equals(d_p_name, 'yyy ')), 'kkk', toUInt8(equals(d_p_name, 'uuu')), 'lll', toUInt8(equals(d_p_name, 'ccc')), 'lll', toUInt8(equals(d_p_name, ' ccc')), 'ccc', toUInt8(equals(d_p_name, ' ccc ')), 'ccc', toUInt8(equals(d_p_name, ' bbb')), 'bbb', toUInt8(equals(d_p_name, 'www')), 'bbb', toUInt8(equals(d_p_name, 'qqq')), 'bbb', toUInt8(equals(d_p_name, 'qqq')), 'bbb', toUInt8(equals(d_p_name, 'ccc')), 'nn', toUInt8(equals(d_p_name, 'ccc')), 'nn', NULL), ''), isNotNull(multiIf(toUInt8(equals(d_p_name, 'aaa')), 'nn', toUInt8(equals(d_p_name, 'aaa')), 'nn', toUInt8(equals(d_p_name, 'aaa')), 'nn', toUInt8(equals(d_p_name, 'bbb ')), 'ttt', toUInt8(equals(d_p_name, 'bbb')), 'ttt', toUInt8(equals(d_p_name, 'bbb')), 'ttt', toUInt8(equals(d_p_name, 'ddd')), 'ttt', toUInt8(equals(d_p_name, 'bbb ')), 'ttt', toUInt8(equals(d_p_name, 'bbb  ttt')), 'ttt', toUInt8(equals(d_p_name, 'ddd')), 'ttt', toUInt8(equals(d_p_name, 'ccc')), 'ttt', toUInt8(equals(d_p_name, 'ccc ')), 'ttt', toUInt8(equals(d_p_name, 'ccc')), 'ttt', toUInt8(equals(d_p_name, 'ddd')), 'ttt', toUInt8(equals(d_p_name, 'iii')), 'nnn', toUInt8(equals(d_p_name, 'ppp')), 'nnn', toUInt8(equals(d_p_name, 'ppp')), 'nnn', toUInt8(equals(d_p_name, 'kkk')), 'nnn', toUInt8(equals(d_p_name, 'fff5')), 'nnn', toUInt8(equals(d_p_name, 'fff5 hhh')), 'nnn', toUInt8(equals(d_p_name, 'eee4')), 'vvv', toUInt8(equals(d_p_name, 'eee')), 'vvv', toUInt8(equals(d_p_name, 'hhh')), 'mmm', toUInt8(equals(d_p_name, 'hhh ')), 'mmm', toUInt8(equals(d_p_name, 'ggg')), 'mmm', toUInt8(equals(d_p_name, 'ggg ')), 'mmm', toUInt8(equals(d_p_name, 'hhh')), 'mmm', toUInt8(equals(d_p_name, 'hh')), 'jj', toUInt8(equals(d_p_name, 'hh')), 'jj', toUInt8(equals(d_p_name, 'gg')), 'jj', toUInt8(equals(d_p_name, ' mm')), 'mm', toUInt8(equals(d_p_name, 'ff')), 'mm', toUInt8(equals(d_p_name, 'ee')), 'mm', toUInt8(equals(d_p_name, 'dd')), 'mm', toUInt8(equals(d_p_name, 'cc')), 'mm', toUInt8(equals(d_p_name, 'bb')), 'mm', toUInt8(equals(d_p_name, 'aa')), 'aa', toUInt8(equals(d_p_name, 'zzz')), 'aa', toUInt8(equals(d_p_name, 'zzz')), 'aa', toUInt8(equals(d_p_name, 'aa')), 'aa', toUInt8(equals(d_p_name, 'sss')), 'aa', toUInt8(equals(d_p_name, 'yyy')), 'kkk', toUInt8(equals(d_p_name, 'yyy ')), 'kkk', toUInt8(equals(d_p_name, 'uuu')), 'lll', toUInt8(equals(d_p_name, 'ccc')), 'lll', toUInt8(equals(d_p_name, ' ccc')), 'ccc', toUInt8(equals(d_p_name, ' ccc ')), 'ccc', toUInt8(equals(d_p_name, ' bbb')), 'bbb', toUInt8(equals(d_p_name, 'www')), 'bbb', toUInt8(equals(d_p_name, 'qqq')), 'bbb', toUInt8(equals(d_p_name, 'qqq')), 'bbb', toUInt8(equals(d_p_name, 'ccc')), 'nn', toUInt8(equals(d_p_name, 'ccc')), 'nn', NULL)), in(multiIf(toUInt8(equals(d_p_name, 'aaa')), 'nn', toUInt8(equals(d_p_name, 'aaa')), 'nn', toUInt8(equals(d_p_name, 'aaa')), 'nn', toUInt8(equals(d_p_name, 'bbb ')), 'ttt', toUInt8(equals(d_p_name, 'bbb')), 'ttt', toUInt8(equals(d_p_name, 'bbb')), 'ttt', toUInt8(equals(d_p_name, 'ddd')), 'ttt', toUInt8(equals(d_p_name, 'bbb ')), 'ttt', toUInt8(equals(d_p_name, 'bbb  ttt')), 'ttt', toUInt8(equals(d_p_name, 'ddd')), 'ttt', toUInt8(equals(d_p_name, 'ccc')), 'ttt', toUInt8(equals(d_p_name, 'ccc ')), 'ttt', toUInt8(equals(d_p_name, 'ccc')), 'ttt', toUInt8(equals(d_p_name, 'ddd')), 'ttt', toUInt8(equals(d_p_name, 'iii')), 'nnn', toUInt8(equals(d_p_name, 'ppp')), 'nnn', toUInt8(equals(d_p_name, 'ppp')), 'nnn', toUInt8(equals(d_p_name, 'kkk')), 'nnn', toUInt8(equals(d_p_name, 'fff5')), 'nnn', toUInt8(equals(d_p_name, 'fff5 hhh')), 'nnn', toUInt8(equals(d_p_name, 'eee4')), 'vvv', toUInt8(equals(d_p_name, 'eee')), 'vvv', toUInt8(equals(d_p_name, 'hhh')), 'mmm', toUInt8(equals(d_p_name, 'hhh ')), 'mmm', toUInt8(equals(d_p_name, 'ggg')), 'mmm', toUInt8(equals(d_p_name, 'ggg ')), 'mmm', toUInt8(equals(d_p_name, 'hhh')), 'mmm', toUInt8(equals(d_p_name, 'hh')), 'jj', toUInt8(equals(d_p_name, 'hh')), 'jj', toUInt8(equals(d_p_name, 'gg')), 'jj', toUInt8(equals(d_p_name, ' mm')), 'mm', toUInt8(equals(d_p_name, 'ff')), 'mm', toUInt8(equals(d_p_name, 'ee')), 'mm', toUInt8(equals(d_p_name, 'dd')), 'mm', toUInt8(equals(d_p_name, 'cc')), 'mm', toUInt8(equals(d_p_name, 'bb')), 'mm', toUInt8(equals(d_p_name, 'aa')), 'aa', toUInt8(equals(d_p_name, 'zzz')), 'aa', toUInt8(equals(d_p_name, 'zzz')), 'aa', toUInt8(equals(d_p_name, 'aa')), 'aa', toUInt8(equals(d_p_name, 'sss')), 'aa', toUInt8(equals(d_p_name, 'yyy')), 'kkk', toUInt8(equals(d_p_name, 'yyy ')), 'kkk', toUInt8(equals(d_p_name, 'uuu')), 'lll', toUInt8(equals(d_p_name, 'ccc')), 'lll', toUInt8(equals(d_p_name, ' ccc')), 'ccc', toUInt8(equals(d_p_name, ' ccc ')), 'ccc', toUInt8(equals(d_p_name, ' bbb')), 'bbb', toUInt8(equals(d_p_name, 'www')), 'bbb', toUInt8(equals(d_p_name, 'qqq')), 'bbb', toUInt8(equals(d_p_name, 'qqq')), 'bbb', toUInt8(equals(d_p_name, 'ccc')), 'nn', toUInt8(equals(d_p_name, 'ccc')), 'nn', NULL), ('mmm', 'jj', 'mm', 'aa', 'kkk'))), and(or(notIn(b_ran, 'null'), equals(b_ran, ''), isNull(b_ran)), in(rom, '128'), in(rom, '128'), less(pt_d, toDate(16356096000)), greaterOrEquals(pt_d, toDate(163552)), less(pt_d, toDate(16356096000)), greaterOrEquals(pt_d, toDate(163552))))", "Removes Filter": true, "Expression": {"Inputs": [{"Name": "and(notIn(multiIf(toUInt8(equals(d_p_name, 'aaa')), 'nn', toUInt8(equals(d_p_name, 'aaa')), 'nn', toUInt8(equals(d_p_name, 'aaa')), 'nn', toUInt8(equals(d_p_name, 'bbb ')), 'ttt', toUInt8(equals(d_p_name, 'bbb')), 'ttt', toUInt8(equals(d_p_name, 'bbb')), 'ttt', toUInt8(equals(d_p_name, 'ddd')), 'ttt', toUInt8(equals(d_p_name, 'bbb ')), 'ttt', toUInt8(equals(d_p_name, 'bbb  ttt')), 'ttt', toUInt8(equals(d_p_name, 'ddd')), 'ttt', toUInt8(equals(d_p_name, 'ccc')), 'ttt', toUInt8(equals(d_p_name, 'ccc ')), 'ttt', toUInt8(equals(d_p_name, 'ccc')), 'ttt', toUInt8(equals(d_p_name, 'ddd')), 'ttt', toUInt8(equals(d_p_name, 'iii')), 'nnn', toUInt8(equals(d_p_name, 'ppp')), 'nnn', toUInt8(equals(d_p_name, 'ppp')), 'nnn', toUInt8(equals(d_p_name, 'kkk')), 'nnn', toUInt8(equals(d_p_name, 'fff5')), 'nnn', toUInt8(equals(d_p_name, 'fff5 hhh')), 'nnn', toUInt8(equals(d_p_name, 'eee4')), 'vvv', toUInt8(equals(d_p_name, 'eee')), 'vvv', toUInt8(equals(d_p_name, 'hhh')), 'mmm', toUInt8(equals(d_p_name, 'hhh ')), 'mmm', toUInt8(equals(d_p_name, 'ggg')), 'mmm', toUInt8(equals(d_p_name, 'ggg ')), 'mmm', toUInt8(equals(d_p_name, 'hhh')), 'mmm', toUInt8(equals(d_p_name, 'hh')), 'jj', toUInt8(equals(d_p_name, 'hh')), 'jj', toUInt8(equals(d_p_name, 'gg')), 'jj', toUInt8(equals(d_p_name, ' mm')), 'mm', toUInt8(equals(d_p_name, 'ff')), 'mm', toUInt8(equals(d_p_name, 'ee')), 'mm', toUInt8(equals(d_p_name, 'dd')), 'mm', toUInt8(equals(d_p_name, 'cc')), 'mm', toUInt8(equals(d_p_name, 'bb')), 'mm', toUInt8(equals(d_p_name, 'aa')), 'aa', toUInt8(equals(d_p_name, 'zzz')), 'aa', toUInt8(equals(d_p_name, 'zzz')), 'aa', toUInt8(equals(d_p_name, 'aa')), 'aa', toUInt8(equals(d_p_name, 'sss')), 'aa', toUInt8(equals(d_p_name, 'yyy')), 'kkk', toUInt8(equals(d_p_name, 'yyy ')), 'kkk', toUInt8(equals(d_p_name, 'uuu')), 'lll', toUInt8(equals(d_p_name, 'ccc')), 'lll', toUInt8(equals(d_p_name, ' ccc')), 'ccc', toUInt8(equals(d_p_name, ' ccc ')), 'ccc', toUInt8(equals(d_p_name, ' bbb')), 'bbb', toUInt8(equals(d_p_name, 'www')), 'bbb', toUInt8(equals(d_p_name, 'qqq')), 'bbb', toUInt8(equals(d_p_name, 'qqq')), 'bbb', toUInt8(equals(d_p_name, 'ccc')), 'nn', toUInt8(equals(d_p_name, 'ccc')), 'nn', NULL), ''), isNotNull(multiIf(toUInt8(equals(d_p_name, 'aaa')), 'nn', toUInt8(equals(d_p_name, 'aaa')), 'nn', toUInt8(equals(d_p_name, 'aaa')), 'nn', toUInt8(equals(d_p_name, 'bbb ')), 'ttt', toUInt8(equals(d_p_name, 'bbb')), 'ttt', toUInt8(equals(d_p_name, 'bbb')), 'ttt', toUInt8(equals(d_p_name, 'ddd')), 'ttt', toUInt8(equals(d_p_name, 'bbb ')), 'ttt', toUInt8(equals(d_p_name, 'bbb  ttt')), 'ttt', toUInt8(equals(d_p_name, 'ddd')), 'ttt', toUInt8(equals(d_p_name, 'ccc')), 'ttt', toUInt8(equals(d_p_name, 'ccc ')), 'ttt', toUInt8(equals(d_p_name, 'ccc')), 'ttt', toUInt8(equals(d_p_name, 'ddd')), 'ttt', toUInt8(equals(d_p_name, 'iii')), 'nnn', toUInt8(equals(d_p_name, 'ppp')), 'nnn', toUInt8(equals(d_p_name, 'ppp')), 'nnn', toUInt8(equals(d_p_name, 'kkk')), 'nnn', toUInt8(equals(d_p_name, 'fff5')), 'nnn', toUInt8(equals(d_p_name, 'fff5 hhh')), 'nnn', toUInt8(equals(d_p_name, 'eee4')), 'vvv', toUInt8(equals(d_p_name, 'eee')), 'vvv', toUInt8(equals(d_p_name, 'hhh')), 'mmm', toUInt8(equals(d_p_name, 'hhh ')), 'mmm', toUInt8(equals(d_p_name, 'ggg')), 'mmm', toUInt8(equals(d_p_name, 'ggg ')), 'mmm', toUInt8(equals(d_p_name, 'hhh')), 'mmm', toUInt8(equals(d_p_name, 'hh')), 'jj', toUInt8(equals(d_p_name, 'hh')), 'jj', toUInt8(equals(d_p_name, 'gg')), 'jj', toUInt8(equals(d_p_name, ' mm')), 'mm', toUInt8(equals(d_p_name, 'ff')), 'mm', toUInt8(equals(d_p_name, 'ee')), 'mm', toUInt8(equals(d_p_name, 'dd')), 'mm', toUInt8(equals(d_p_name, 'cc')), 'mm', toUInt8(equals(d_p_name, 'bb')), 'mm', toUInt8(equals(d_p_name, 'aa')), 'aa', toUInt8(equals(d_p_name, 'zzz')), 'aa', toUInt8(equals(d_p_name, 'zzz')), 'aa', toUInt8(equals(d_p_name, 'aa')), 'aa', toUInt8(equals(d_p_name, 'sss')), 'aa', toUInt8(equals(d_p_name, 'yyy')), 'kkk', toUInt8(equals(d_p_name, 'yyy ')), 'kkk', toUInt8(equals(d_p_name, 'uuu')), 'lll', toUInt8(equals(d_p_name, 'ccc')), 'lll', toUInt8(equals(d_p_name, ' ccc')), 'ccc', toUInt8(equals(d_p_name, ' ccc ')), 'ccc', toUInt8(equals(d_p_name, ' bbb')), 'bbb', toUInt8(equals(d_p_name, 'www')), 'bbb', toUInt8(equals(d_p_name, 'qqq')), 'bbb', toUInt8(equals(d_p_name, 'qqq')), 'bbb', toUInt8(equals(d_p_name, 'ccc')), 'nn', toUInt8(equals(d_p_name, 'ccc')), 'nn', NULL)), in(multiIf(toUInt8(equals(d_p_name, 'aaa')), 'nn', toUInt8(equals(d_p_name, 'aaa')), 'nn', toUInt8(equals(d_p_name, 'aaa')), 'nn', toUInt8(equals(d_p_name, 'bbb ')), 'ttt', toUInt8(equals(d_p_name, 'bbb')), 'ttt', toUInt8(equals(d_p_name, 'bbb')), 'ttt', toUInt8(equals(d_p_name, 'ddd')), 'ttt', toUInt8(equals(d_p_name, 'bbb ')), 'ttt', toUInt8(equals(d_p_name, 'bbb  ttt')), 'ttt', toUInt8(equals(d_p_name, 'ddd')), 'ttt', toUInt8(equals(d_p_name, 'ccc')), 'ttt', toUInt8(equals(d_p_name, 'ccc ')), 'ttt', toUInt8(equals(d_p_name, 'ccc')), 'ttt', toUInt8(equals(d_p_name, 'ddd')), 'ttt', toUInt8(equals(d_p_name, 'iii')), 'nnn', toUInt8(equals(d_p_name, 'ppp')), 'nnn', toUInt8(equals(d_p_name, 'ppp')), 'nnn', toUInt8(equals(d_p_name, 'kkk')), 'nnn', toUInt8(equals(d_p_name, 'fff5')), 'nnn', toUInt8(equals(d_p_name, 'fff5 hhh')), 'nnn', toUInt8(equals(d_p_name, 'eee4')), 'vvv', toUInt8(equals(d_p_name, 'eee')), 'vvv', toUInt8(equals(d_p_name, 'hhh')), 'mmm', toUInt8(equals(d_p_name, 'hhh ')), 'mmm', toUInt8(equals(d_p_name, 'ggg')), 'mmm', toUInt8(equals(d_p_name, 'ggg ')), 'mmm', toUInt8(equals(d_p_name, 'hhh')), 'mmm', toUInt8(equals(d_p_name, 'hh')), 'jj', toUInt8(equals(d_p_name, 'hh')), 'jj', toUInt8(equals(d_p_name, 'gg')), 'jj', toUInt8(equals(d_p_name, ' mm')), 'mm', toUInt8(equals(d_p_name, 'ff')), 'mm', toUInt8(equals(d_p_name, 'ee')), 'mm', toUInt8(equals(d_p_name, 'dd')), 'mm', toUInt8(equals(d_p_name, 'cc')), 'mm', toUInt8(equals(d_p_name, 'bb')), 'mm', toUInt8(equals(d_p_name, 'aa')), 'aa', toUInt8(equals(d_p_name, 'zzz')), 'aa', toUInt8(equals(d_p_name, 'zzz')), 'aa', toUInt8(equals(d_p_name, 'aa')), 'aa', toUInt8(equals(d_p_name, 'sss')), 'aa', toUInt8(equals(d_p_name, 'yyy')), 'kkk', toUInt8(equals(d_p_name, 'yyy ')), 'kkk', toUInt8(equals(d_p_name, 'uuu')), 'lll', toUInt8(equals(d_p_name, 'ccc')), 'lll', toUInt8(equals(d_p_name, ' ccc')), 'ccc', toUInt8(equals(d_p_name, ' ccc ')), 'ccc', toUInt8(equals(d_p_name, ' bbb')), 'bbb', toUInt8(equals(d_p_name, 'www')), 'bbb', toUInt8(equals(d_p_name, 'qqq')), 'bbb', toUInt8(equals(d_p_name, 'qqq')), 'bbb', toUInt8(equals(d_p_name, 'ccc')), 'nn', toUInt8(equals(d_p_name, 'ccc')), 'nn', NULL), ('mmm', 'jj', 'mm', 'aa', 'kkk')))", "Type": "Nullable(UInt8)"}, {"Name": "multiIf(toUInt8(equals(d_p_name, 'aaa')), 'nn', toUInt8(equals(d_p_name, 'aaa')), 'nn', toUInt8(equals(d_p_name, 'aaa')), 'nn', toUInt8(equals(d_p_name, 'bbb ')), 'ttt', toUInt8(equals(d_p_name, 'bbb')), 'ttt', toUInt8(equals(d_p_name, 'bbb')), 'ttt', toUInt8(equals(d_p_name, 'ddd')), 'ttt', toUInt8(equals(d_p_name, 'bbb ')), 'ttt', toUInt8(equals(d_p_name, 'bbb  ttt')), 'ttt', toUInt8(equals(d_p_name, 'ddd')), 'ttt', toUInt8(equals(d_p_name, 'ccc')), 'ttt', toUInt8(equals(d_p_name, 'ccc ')), 'ttt', toUInt8(equals(d_p_name, 'ccc')), 'ttt', toUInt8(equals(d_p_name, 'ddd')), 'ttt', toUInt8(equals(d_p_name, 'iii')), 'nnn', toUInt8(equals(d_p_name, 'ppp')), 'nnn', toUInt8(equals(d_p_name, 'ppp')), 'nnn', toUInt8(equals(d_p_name, 'kkk')), 'nnn', toUInt8(equals(d_p_name, 'fff5')), 'nnn', toUInt8(equals(d_p_name, 'fff5 hhh')), 'nnn', toUInt8(equals(d_p_name, 'eee4')), 'vvv', toUInt8(equals(d_p_name, 'eee')), 'vvv', toUInt8(equals(d_p_name, 'hhh')), 'mmm', toUInt8(equals(d_p_name, 'hhh ')), 'mmm', toUInt8(equals(d_p_name, 'ggg')), 'mmm', toUInt8(equals(d_p_name, 'ggg ')), 'mmm', toUInt8(equals(d_p_name, 'hhh')), 'mmm', toUInt8(equals(d_p_name, 'hh')), 'jj', toUInt8(equals(d_p_name, 'hh')), 'jj', toUInt8(equals(d_p_name, 'gg')), 'jj', toUInt8(equals(d_p_name, ' mm')), 'mm', toUInt8(equals(d_p_name, 'ff')), 'mm', toUInt8(equals(d_p_name, 'ee')), 'mm', toUInt8(equals(d_p_name, 'dd')), 'mm', toUInt8(equals(d_p_name, 'cc')), 'mm', toUInt8(equals(d_p_name, 'bb')), 'mm', toUInt8(equals(d_p_name, 'aa')), 'aa', toUInt8(equals(d_p_name, 'zzz')), 'aa', toUInt8(equals(d_p_name, 'zzz')), 'aa', toUInt8(equals(d_p_name, 'aa')), 'aa', toUInt8(equals(d_p_name, 'sss')), 'aa', toUInt8(equals(d_p_name, 'yyy')), 'kkk', toUInt8(equals(d_p_name, 'yyy ')), 'kkk', toUInt8(equals(d_p_name, 'uuu')), 'lll', toUInt8(equals(d_p_name, 'ccc')), 'lll', toUInt8(equals(d_p_name, ' ccc')), 'ccc', toUInt8(equals(d_p_name, ' ccc ')), 'ccc', toUInt8(equals(d_p_name, ' bbb')), 'bbb', toUInt8(equals(d_p_name, 'www')), 'bbb', toUInt8(equals(d_p_name, 'qqq')), 'bbb', toUInt8(equals(d_p_name, 'qqq')), 'bbb', toUInt8(equals(d_p_name, 'ccc')), 'nn', toUInt8(equals(d_p_name, 'ccc')), 'nn', NULL)", "Type": "Nullable(String)"}, {"Name": "rom", "Type": "Nullable(String)"}, {"Name": "b_ran", "Type": "Nullable(String)"}, {"Name": "d_a_cnt", "Type": "Nullable(Int64)"}, {"Name": "pt_d", "Type": "Date"}], "Actions": [{"Node Type": "INPUT", "Result Type": "INPUT", "Arguments": [0], "Removed Arguments": [], "Result": 0}, {"Node Type": "INPUT", "Result Type": "INPUT", "Arguments": [1], "Removed Arguments": [1], "Result": 1}, {"Node Type": "INPUT", "Result Type": "INPUT", "Arguments": [2], "Removed Arguments": [], "Result": 2}, {"Node Type": "INPUT", "Result Type": "INPUT", "Arguments": [3], "Removed Arguments": [], "Result": 3}, {"Node Type": "INPUT", "Result Type": "INPUT", "Arguments": [4], "Removed Arguments": [4], "Result": 4}, {"Node Type": "INPUT", "Result Type": "INPUT", "Arguments": [5], "Removed Arguments": [], "Result": 5}, {"Node Type": "COLUMN", "Result Type": "COLUMN", "Column": "Const(Set)", "Arguments": [], "Removed Arguments": [], "Result": 6}, {"Node Type": "COLUMN", "Result Type": "COLUMN", "Column": "Const(String)", "Arguments": [], "Removed Arguments": [], "Result": 7}, {"Node Type": "COLUMN", "Result Type": "COLUMN", "Column": "Const(Set)", "Arguments": [], "Removed Arguments": [], "Result": 8}, {"Node Type": "COLUMN", "Result Type": "COLUMN", "Column": "Const(UInt16)", "Function": "toDate", "Arguments": [], "Removed Arguments": [], "Result": 9}, {"Node Type": "COLUMN", "Result Type": "COLUMN", "Column": "Const(UInt16)", "Function": "toDate", "Arguments": [], "Removed Arguments": [], "Result": 10}, {"Node Type": "FUNCTION", "Result Type": "FUNCTION", "Function": "isNull", "Compiled": false, "Arguments": [3], "Removed Arguments": [], "Result": 11}, {"Node Type": "FUNCTION", "Result Type": "FUNCTION", "Function": "notIn", "Compiled": false, "Arguments": [3, 6], "Removed Arguments": [6], "Result": 12}, {"Node Type": "FUNCTION", "Result Type": "FUNCTION", "Function": "equals", "Compiled": false, "Arguments": [3, 7], "Removed Arguments": [7], "Result": 6}, {"Node Type": "FUNCTION", "Result Type": "FUNCTION", "Function": "in", "Compiled": false, "Arguments": [2, 8], "Removed Arguments": [8], "Result": 7}, {"Node Type": "FUNCTION", "Result Type": "FUNCTION", "Function": "less", "Compiled": false, "Arguments": [5, 9], "Removed Arguments": [9], "Result": 8}, {"Node Type": "FUNCTION", "Result Type": "FUNCTION", "Function": "greaterOrEquals", "Compiled": false, "Arguments": [5, 10], "Removed Arguments": [10], "Result": 9}, {"Node Type": "FUNCTION", "Result Type": "FUNCTION", "Function": "or", "Compiled": false, "Arguments": [12, 6, 11], "Removed Arguments": [12, 6, 11], "Result": 10}, {"Node Type": "FUNCTION", "Result Type": "FUNCTION", "Function": "and", "Compiled": false, "Arguments": [10, 7, 7, 8, 9, 8, 9], "Removed Arguments": [10, 7, 8, 9], "Result": 11}, {"Node Type": "FUNCTION", "Result Type": "FUNCTION", "Function": "and", "Compiled": false, "Arguments": [0, 11], "Removed Arguments": [0, 11], "Result": 9}], "Outputs": [{"Name": "multiIf(toUInt8(equals(d_p_name, 'aaa')), 'nn', toUInt8(equals(d_p_name, 'aaa')), 'nn', toUInt8(equals(d_p_name, 'aaa')), 'nn', toUInt8(equals(d_p_name, 'bbb ')), 'ttt', toUInt8(equals(d_p_name, 'bbb')), 'ttt', toUInt8(equals(d_p_name, 'bbb')), 'ttt', toUInt8(equals(d_p_name, 'ddd')), 'ttt', toUInt8(equals(d_p_name, 'bbb ')), 'ttt', toUInt8(equals(d_p_name, 'bbb  ttt')), 'ttt', toUInt8(equals(d_p_name, 'ddd')), 'ttt', toUInt8(equals(d_p_name, 'ccc')), 'ttt', toUInt8(equals(d_p_name, 'ccc ')), 'ttt', toUInt8(equals(d_p_name, 'ccc')), 'ttt', toUInt8(equals(d_p_name, 'ddd')), 'ttt', toUInt8(equals(d_p_name, 'iii')), 'nnn', toUInt8(equals(d_p_name, 'ppp')), 'nnn', toUInt8(equals(d_p_name, 'ppp')), 'nnn', toUInt8(equals(d_p_name, 'kkk')), 'nnn', toUInt8(equals(d_p_name, 'fff5')), 'nnn', toUInt8(equals(d_p_name, 'fff5 hhh')), 'nnn', toUInt8(equals(d_p_name, 'eee4')), 'vvv', toUInt8(equals(d_p_name, 'eee')), 'vvv', toUInt8(equals(d_p_name, 'hhh')), 'mmm', toUInt8(equals(d_p_name, 'hhh ')), 'mmm', toUInt8(equals(d_p_name, 'ggg')), 'mmm', toUInt8(equals(d_p_name, 'ggg ')), 'mmm', toUInt8(equals(d_p_name, 'hhh')), 'mmm', toUInt8(equals(d_p_name, 'hh')), 'jj', toUInt8(equals(d_p_name, 'hh')), 'jj', toUInt8(equals(d_p_name, 'gg')), 'jj', toUInt8(equals(d_p_name, ' mm')), 'mm', toUInt8(equals(d_p_name, 'ff')), 'mm', toUInt8(equals(d_p_name, 'ee')), 'mm', toUInt8(equals(d_p_name, 'dd')), 'mm', toUInt8(equals(d_p_name, 'cc')), 'mm', toUInt8(equals(d_p_name, 'bb')), 'mm', toUInt8(equals(d_p_name, 'aa')), 'aa', toUInt8(equals(d_p_name, 'zzz')), 'aa', toUInt8(equals(d_p_name, 'zzz')), 'aa', toUInt8(equals(d_p_name, 'aa')), 'aa', toUInt8(equals(d_p_name, 'sss')), 'aa', toUInt8(equals(d_p_name, 'yyy')), 'kkk', toUInt8(equals(d_p_name, 'yyy ')), 'kkk', toUInt8(equals(d_p_name, 'uuu')), 'lll', toUInt8(equals(d_p_name, 'ccc')), 'lll', toUInt8(equals(d_p_name, ' ccc')), 'ccc', toUInt8(equals(d_p_name, ' ccc ')), 'ccc', toUInt8(equals(d_p_name, ' bbb')), 'bbb', toUInt8(equals(d_p_name, 'www')), 'bbb', toUInt8(equals(d_p_name, 'qqq')), 'bbb', toUInt8(equals(d_p_name, 'qqq')), 'bbb', toUInt8(equals(d_p_name, 'ccc')), 'nn', toUInt8(equals(d_p_name, 'ccc')), 'nn', NULL)", "Type": "Nullable(String)"}, {"Name": "rom", "Type": "Nullable(String)"}, {"Name": "b_ran", "Type": "Nullable(String)"}, {"Name": "d_a_cnt", "Type": "Nullable(Int64)"}, {"Name": "pt_d", "Type": "Date"}, {"Name": "and(and(notIn(multiIf(toUInt8(equals(d_p_name, 'aaa')), 'nn', toUInt8(equals(d_p_name, 'aaa')), 'nn', toUInt8(equals(d_p_name, 'aaa')), 'nn', toUInt8(equals(d_p_name, 'bbb ')), 'ttt', toUInt8(equals(d_p_name, 'bbb')), 'ttt', toUInt8(equals(d_p_name, 'bbb')), 'ttt', toUInt8(equals(d_p_name, 'ddd')), 'ttt', toUInt8(equals(d_p_name, 'bbb ')), 'ttt', toUInt8(equals(d_p_name, 'bbb  ttt')), 'ttt', toUInt8(equals(d_p_name, 'ddd')), 'ttt', toUInt8(equals(d_p_name, 'ccc')), 'ttt', toUInt8(equals(d_p_name, 'ccc ')), 'ttt', toUInt8(equals(d_p_name, 'ccc')), 'ttt', toUInt8(equals(d_p_name, 'ddd')), 'ttt', toUInt8(equals(d_p_name, 'iii')), 'nnn', toUInt8(equals(d_p_name, 'ppp')), 'nnn', toUInt8(equals(d_p_name, 'ppp')), 'nnn', toUInt8(equals(d_p_name, 'kkk')), 'nnn', toUInt8(equals(d_p_name, 'fff5')), 'nnn', toUInt8(equals(d_p_name, 'fff5 hhh')), 'nnn', toUInt8(equals(d_p_name, 'eee4')), 'vvv', toUInt8(equals(d_p_name, 'eee')), 'vvv', toUInt8(equals(d_p_name, 'hhh')), 'mmm', toUInt8(equals(d_p_name, 'hhh ')), 'mmm', toUInt8(equals(d_p_name, 'ggg')), 'mmm', toUInt8(equals(d_p_name, 'ggg ')), 'mmm', toUInt8(equals(d_p_name, 'hhh')), 'mmm', toUInt8(equals(d_p_name, 'hh')), 'jj', toUInt8(equals(d_p_name, 'hh')), 'jj', toUInt8(equals(d_p_name, 'gg')), 'jj', toUInt8(equals(d_p_name, ' mm')), 'mm', toUInt8(equals(d_p_name, 'ff')), 'mm', toUInt8(equals(d_p_name, 'ee')), 'mm', toUInt8(equals(d_p_name, 'dd')), 'mm', toUInt8(equals(d_p_name, 'cc')), 'mm', toUInt8(equals(d_p_name, 'bb')), 'mm', toUInt8(equals(d_p_name, 'aa')), 'aa', toUInt8(equals(d_p_name, 'zzz')), 'aa', toUInt8(equals(d_p_name, 'zzz')), 'aa', toUInt8(equals(d_p_name, 'aa')), 'aa', toUInt8(equals(d_p_name, 'sss')), 'aa', toUInt8(equals(d_p_name, 'yyy')), 'kkk', toUInt8(equals(d_p_name, 'yyy ')), 'kkk', toUInt8(equals(d_p_name, 'uuu')), 'lll', toUInt8(equals(d_p_name, 'ccc')), 'lll', toUInt8(equals(d_p_name, ' ccc')), 'ccc', toUInt8(equals(d_p_name, ' ccc ')), 'ccc', toUInt8(equals(d_p_name, ' bbb')), 'bbb', toUInt8(equals(d_p_name, 'www')), 'bbb', toUInt8(equals(d_p_name, 'qqq')), 'bbb', toUInt8(equals(d_p_name, 'qqq')), 'bbb', toUInt8(equals(d_p_name, 'ccc')), 'nn', toUInt8(equals(d_p_name, 'ccc')), 'nn', NULL), ''), isNotNull(multiIf(toUInt8(equals(d_p_name, 'aaa')), 'nn', toUInt8(equals(d_p_name, 'aaa')), 'nn', toUInt8(equals(d_p_name, 'aaa')), 'nn', toUInt8(equals(d_p_name, 'bbb ')), 'ttt', toUInt8(equals(d_p_name, 'bbb')), 'ttt', toUInt8(equals(d_p_name, 'bbb')), 'ttt', toUInt8(equals(d_p_name, 'ddd')), 'ttt', toUInt8(equals(d_p_name, 'bbb ')), 'ttt', toUInt8(equals(d_p_name, 'bbb  ttt')), 'ttt', toUInt8(equals(d_p_name, 'ddd')), 'ttt', toUInt8(equals(d_p_name, 'ccc')), 'ttt', toUInt8(equals(d_p_name, 'ccc ')), 'ttt', toUInt8(equals(d_p_name, 'ccc')), 'ttt', toUInt8(equals(d_p_name, 'ddd')), 'ttt', toUInt8(equals(d_p_name, 'iii')), 'nnn', toUInt8(equals(d_p_name, 'ppp')), 'nnn', toUInt8(equals(d_p_name, 'ppp')), 'nnn', toUInt8(equals(d_p_name, 'kkk')), 'nnn', toUInt8(equals(d_p_name, 'fff5')), 'nnn', toUInt8(equals(d_p_name, 'fff5 hhh')), 'nnn', toUInt8(equals(d_p_name, 'eee4')), 'vvv', toUInt8(equals(d_p_name, 'eee')), 'vvv', toUInt8(equals(d_p_name, 'hhh')), 'mmm', toUInt8(equals(d_p_name, 'hhh ')), 'mmm', toUInt8(equals(d_p_name, 'ggg')), 'mmm', toUInt8(equals(d_p_name, 'ggg ')), 'mmm', toUInt8(equals(d_p_name, 'hhh')), 'mmm', toUInt8(equals(d_p_name, 'hh')), 'jj', toUInt8(equals(d_p_name, 'hh')), 'jj', toUInt8(equals(d_p_name, 'gg')), 'jj', toUInt8(equals(d_p_name, ' mm')), 'mm', toUInt8(equals(d_p_name, 'ff')), 'mm', toUInt8(equals(d_p_name, 'ee')), 'mm', toUInt8(equals(d_p_name, 'dd')), 'mm', toUInt8(equals(d_p_name, 'cc')), 'mm', toUInt8(equals(d_p_name, 'bb')), 'mm', toUInt8(equals(d_p_name, 'aa')), 'aa', toUInt8(equals(d_p_name, 'zzz')), 'aa', toUInt8(equals(d_p_name, 'zzz')), 'aa', toUInt8(equals(d_p_name, 'aa')), 'aa', toUInt8(equals(d_p_name, 'sss')), 'aa', toUInt8(equals(d_p_name, 'yyy')), 'kkk', toUInt8(equals(d_p_name, 'yyy ')), 'kkk', toUInt8(equals(d_p_name, 'uuu')), 'lll', toUInt8(equals(d_p_name, 'ccc')), 'lll', toUInt8(equals(d_p_name, ' ccc')), 'ccc', toUInt8(equals(d_p_name, ' ccc ')), 'ccc', toUInt8(equals(d_p_name, ' bbb')), 'bbb', toUInt8(equals(d_p_name, 'www')), 'bbb', toUInt8(equals(d_p_name, 'qqq')), 'bbb', toUInt8(equals(d_p_name, 'qqq')), 'bbb', toUInt8(equals(d_p_name, 'ccc')), 'nn', toUInt8(equals(d_p_name, 'ccc')), 'nn', NULL)), in(multiIf(toUInt8(equals(d_p_name, 'aaa')), 'nn', toUInt8(equals(d_p_name, 'aaa')), 'nn', toUInt8(equals(d_p_name, 'aaa')), 'nn', toUInt8(equals(d_p_name, 'bbb ')), 'ttt', toUInt8(equals(d_p_name, 'bbb')), 'ttt', toUInt8(equals(d_p_name, 'bbb')), 'ttt', toUInt8(equals(d_p_name, 'ddd')), 'ttt', toUInt8(equals(d_p_name, 'bbb ')), 'ttt', toUInt8(equals(d_p_name, 'bbb  ttt')), 'ttt', toUInt8(equals(d_p_name, 'ddd')), 'ttt', toUInt8(equals(d_p_name, 'ccc')), 'ttt', toUInt8(equals(d_p_name, 'ccc ')), 'ttt', toUInt8(equals(d_p_name, 'ccc')), 'ttt', toUInt8(equals(d_p_name, 'ddd')), 'ttt', toUInt8(equals(d_p_name, 'iii')), 'nnn', toUInt8(equals(d_p_name, 'ppp')), 'nnn', toUInt8(equals(d_p_name, 'ppp')), 'nnn', toUInt8(equals(d_p_name, 'kkk')), 'nnn', toUInt8(equals(d_p_name, 'fff5')), 'nnn', toUInt8(equals(d_p_name, 'fff5 hhh')), 'nnn', toUInt8(equals(d_p_name, 'eee4')), 'vvv', toUInt8(equals(d_p_name, 'eee')), 'vvv', toUInt8(equals(d_p_name, 'hhh')), 'mmm', toUInt8(equals(d_p_name, 'hhh ')), 'mmm', toUInt8(equals(d_p_name, 'ggg')), 'mmm', toUInt8(equals(d_p_name, 'ggg ')), 'mmm', toUInt8(equals(d_p_name, 'hhh')), 'mmm', toUInt8(equals(d_p_name, 'hh')), 'jj', toUInt8(equals(d_p_name, 'hh')), 'jj', toUInt8(equals(d_p_name, 'gg')), 'jj', toUInt8(equals(d_p_name, ' mm')), 'mm', toUInt8(equals(d_p_name, 'ff')), 'mm', toUInt8(equals(d_p_name, 'ee')), 'mm', toUInt8(equals(d_p_name, 'dd')), 'mm', toUInt8(equals(d_p_name, 'cc')), 'mm', toUInt8(equals(d_p_name, 'bb')), 'mm', toUInt8(equals(d_p_name, 'aa')), 'aa', toUInt8(equals(d_p_name, 'zzz')), 'aa', toUInt8(equals(d_p_name, 'zzz')), 'aa', toUInt8(equals(d_p_name, 'aa')), 'aa', toUInt8(equals(d_p_name, 'sss')), 'aa', toUInt8(equals(d_p_name, 'yyy')), 'kkk', toUInt8(equals(d_p_name, 'yyy ')), 'kkk', toUInt8(equals(d_p_name, 'uuu')), 'lll', toUInt8(equals(d_p_name, 'ccc')), 'lll', toUInt8(equals(d_p_name, ' ccc')), 'ccc', toUInt8(equals(d_p_name, ' ccc ')), 'ccc', toUInt8(equals(d_p_name, ' bbb')), 'bbb', toUInt8(equals(d_p_name, 'www')), 'bbb', toUInt8(equals(d_p_name, 'qqq')), 'bbb', toUInt8(equals(d_p_name, 'qqq')), 'bbb', toUInt8(equals(d_p_name, 'ccc')), 'nn', toUInt8(equals(d_p_name, 'ccc')), 'nn', NULL), ('mmm', 'jj', 'mm', 'aa', 'kkk'))), and(or(notIn(b_ran, 'null'), equals(b_ran, ''), isNull(b_ran)), in(rom, '128'), in(rom, '128'), less(pt_d, toDate(16356096000)), greaterOrEquals(pt_d, toDate(163552)), less(pt_d, toDate(16356096000)), greaterOrEquals(pt_d, toDate(163552))))", "Type": "Nullable(UInt8)"}], "Positions": [1, 2, 3, 4, 5, 9], "Project Input": true}, "Plans": [{"Node Type": "SettingQuotaAndLimits", "Description": "Set limits and quota after reading from storage", "Header": [{"Name": "and(notIn(multiIf(toUInt8(equals(d_p_name, 'aaa')), 'nn', toUInt8(equals(d_p_name, 'aaa')), 'nn', toUInt8(equals(d_p_name, 'aaa')), 'nn', toUInt8(equals(d_p_name, 'bbb ')), 'ttt', toUInt8(equals(d_p_name, 'bbb')), 'ttt', toUInt8(equals(d_p_name, 'bbb')), 'ttt', toUInt8(equals(d_p_name, 'ddd')), 'ttt', toUInt8(equals(d_p_name, 'bbb ')), 'ttt', toUInt8(equals(d_p_name, 'bbb  ttt')), 'ttt', toUInt8(equals(d_p_name, 'ddd')), 'ttt', toUInt8(equals(d_p_name, 'ccc')), 'ttt', toUInt8(equals(d_p_name, 'ccc ')), 'ttt', toUInt8(equals(d_p_name, 'ccc')), 'ttt', toUInt8(equals(d_p_name, 'ddd')), 'ttt', toUInt8(equals(d_p_name, 'iii')), 'nnn', toUInt8(equals(d_p_name, 'ppp')), 'nnn', toUInt8(equals(d_p_name, 'ppp')), 'nnn', toUInt8(equals(d_p_name, 'kkk')), 'nnn', toUInt8(equals(d_p_name, 'fff5')), 'nnn', toUInt8(equals(d_p_name, 'fff5 hhh')), 'nnn', toUInt8(equals(d_p_name, 'eee4')), 'vvv', toUInt8(equals(d_p_name, 'eee')), 'vvv', toUInt8(equals(d_p_name, 'hhh')), 'mmm', toUInt8(equals(d_p_name, 'hhh ')), 'mmm', toUInt8(equals(d_p_name, 'ggg')), 'mmm', toUInt8(equals(d_p_name, 'ggg ')), 'mmm', toUInt8(equals(d_p_name, 'hhh')), 'mmm', toUInt8(equals(d_p_name, 'hh')), 'jj', toUInt8(equals(d_p_name, 'hh')), 'jj', toUInt8(equals(d_p_name, 'gg')), 'jj', toUInt8(equals(d_p_name, ' mm')), 'mm', toUInt8(equals(d_p_name, 'ff')), 'mm', toUInt8(equals(d_p_name, 'ee')), 'mm', toUInt8(equals(d_p_name, 'dd')), 'mm', toUInt8(equals(d_p_name, 'cc')), 'mm', toUInt8(equals(d_p_name, 'bb')), 'mm', toUInt8(equals(d_p_name, 'aa')), 'aa', toUInt8(equals(d_p_name, 'zzz')), 'aa', toUInt8(equals(d_p_name, 'zzz')), 'aa', toUInt8(equals(d_p_name, 'aa')), 'aa', toUInt8(equals(d_p_name, 'sss')), 'aa', toUInt8(equals(d_p_name, 'yyy')), 'kkk', toUInt8(equals(d_p_name, 'yyy ')), 'kkk', toUInt8(equals(d_p_name, 'uuu')), 'lll', toUInt8(equals(d_p_name, 'ccc')), 'lll', toUInt8(equals(d_p_name, ' ccc')), 'ccc', toUInt8(equals(d_p_name, ' ccc ')), 'ccc', toUInt8(equals(d_p_name, ' bbb')), 'bbb', toUInt8(equals(d_p_name, 'www')), 'bbb', toUInt8(equals(d_p_name, 'qqq')), 'bbb', toUInt8(equals(d_p_name, 'qqq')), 'bbb', toUInt8(equals(d_p_name, 'ccc')), 'nn', toUInt8(equals(d_p_name, 'ccc')), 'nn', NULL), ''), isNotNull(multiIf(toUInt8(equals(d_p_name, 'aaa')), 'nn', toUInt8(equals(d_p_name, 'aaa')), 'nn', toUInt8(equals(d_p_name, 'aaa')), 'nn', toUInt8(equals(d_p_name, 'bbb ')), 'ttt', toUInt8(equals(d_p_name, 'bbb')), 'ttt', toUInt8(equals(d_p_name, 'bbb')), 'ttt', toUInt8(equals(d_p_name, 'ddd')), 'ttt', toUInt8(equals(d_p_name, 'bbb ')), 'ttt', toUInt8(equals(d_p_name, 'bbb  ttt')), 'ttt', toUInt8(equals(d_p_name, 'ddd')), 'ttt', toUInt8(equals(d_p_name, 'ccc')), 'ttt', toUInt8(equals(d_p_name, 'ccc ')), 'ttt', toUInt8(equals(d_p_name, 'ccc')), 'ttt', toUInt8(equals(d_p_name, 'ddd')), 'ttt', toUInt8(equals(d_p_name, 'iii')), 'nnn', toUInt8(equals(d_p_name, 'ppp')), 'nnn', toUInt8(equals(d_p_name, 'ppp')), 'nnn', toUInt8(equals(d_p_name, 'kkk')), 'nnn', toUInt8(equals(d_p_name, 'fff5')), 'nnn', toUInt8(equals(d_p_name, 'fff5 hhh')), 'nnn', toUInt8(equals(d_p_name, 'eee4')), 'vvv', toUInt8(equals(d_p_name, 'eee')), 'vvv', toUInt8(equals(d_p_name, 'hhh')), 'mmm', toUInt8(equals(d_p_name, 'hhh ')), 'mmm', toUInt8(equals(d_p_name, 'ggg')), 'mmm', toUInt8(equals(d_p_name, 'ggg ')), 'mmm', toUInt8(equals(d_p_name, 'hhh')), 'mmm', toUInt8(equals(d_p_name, 'hh')), 'jj', toUInt8(equals(d_p_name, 'hh')), 'jj', toUInt8(equals(d_p_name, 'gg')), 'jj', toUInt8(equals(d_p_name, ' mm')), 'mm', toUInt8(equals(d_p_name, 'ff')), 'mm', toUInt8(equals(d_p_name, 'ee')), 'mm', toUInt8(equals(d_p_name, 'dd')), 'mm', toUInt8(equals(d_p_name, 'cc')), 'mm', toUInt8(equals(d_p_name, 'bb')), 'mm', toUInt8(equals(d_p_name, 'aa')), 'aa', toUInt8(equals(d_p_name, 'zzz')), 'aa', toUInt8(equals(d_p_name, 'zzz')), 'aa', toUInt8(equals(d_p_name, 'aa')), 'aa', toUInt8(equals(d_p_name, 'sss')), 'aa', toUInt8(equals(d_p_name, 'yyy')), 'kkk', toUInt8(equals(d_p_name, 'yyy ')), 'kkk', toUInt8(equals(d_p_name, 'uuu')), 'lll', toUInt8(equals(d_p_name, 'ccc')), 'lll', toUInt8(equals(d_p_name, ' ccc')), 'ccc', toUInt8(equals(d_p_name, ' ccc ')), 'ccc', toUInt8(equals(d_p_name, ' bbb')), 'bbb', toUInt8(equals(d_p_name, 'www')), 'bbb', toUInt8(equals(d_p_name, 'qqq')), 'bbb', toUInt8(equals(d_p_name, 'qqq')), 'bbb', toUInt8(equals(d_p_name, 'ccc')), 'nn', toUInt8(equals(d_p_name, 'ccc')), 'nn', NULL)), in(multiIf(toUInt8(equals(d_p_name, 'aaa')), 'nn', toUInt8(equals(d_p_name, 'aaa')), 'nn', toUInt8(equals(d_p_name, 'aaa')), 'nn', toUInt8(equals(d_p_name, 'bbb ')), 'ttt', toUInt8(equals(d_p_name, 'bbb')), 'ttt', toUInt8(equals(d_p_name, 'bbb')), 'ttt', toUInt8(equals(d_p_name, 'ddd')), 'ttt', toUInt8(equals(d_p_name, 'bbb ')), 'ttt', toUInt8(equals(d_p_name, 'bbb  ttt')), 'ttt', toUInt8(equals(d_p_name, 'ddd')), 'ttt', toUInt8(equals(d_p_name, 'ccc')), 'ttt', toUInt8(equals(d_p_name, 'ccc ')), 'ttt', toUInt8(equals(d_p_name, 'ccc')), 'ttt', toUInt8(equals(d_p_name, 'ddd')), 'ttt', toUInt8(equals(d_p_name, 'iii')), 'nnn', toUInt8(equals(d_p_name, 'ppp')), 'nnn', toUInt8(equals(d_p_name, 'ppp')), 'nnn', toUInt8(equals(d_p_name, 'kkk')), 'nnn', toUInt8(equals(d_p_name, 'fff5')), 'nnn', toUInt8(equals(d_p_name, 'fff5 hhh')), 'nnn', toUInt8(equals(d_p_name, 'eee4')), 'vvv', toUInt8(equals(d_p_name, 'eee')), 'vvv', toUInt8(equals(d_p_name, 'hhh')), 'mmm', toUInt8(equals(d_p_name, 'hhh ')), 'mmm', toUInt8(equals(d_p_name, 'ggg')), 'mmm', toUInt8(equals(d_p_name, 'ggg ')), 'mmm', toUInt8(equals(d_p_name, 'hhh')), 'mmm', toUInt8(equals(d_p_name, 'hh')), 'jj', toUInt8(equals(d_p_name, 'hh')), 'jj', toUInt8(equals(d_p_name, 'gg')), 'jj', toUInt8(equals(d_p_name, ' mm')), 'mm', toUInt8(equals(d_p_name, 'ff')), 'mm', toUInt8(equals(d_p_name, 'ee')), 'mm', toUInt8(equals(d_p_name, 'dd')), 'mm', toUInt8(equals(d_p_name, 'cc')), 'mm', toUInt8(equals(d_p_name, 'bb')), 'mm', toUInt8(equals(d_p_name, 'aa')), 'aa', toUInt8(equals(d_p_name, 'zzz')), 'aa', toUInt8(equals(d_p_name, 'zzz')), 'aa', toUInt8(equals(d_p_name, 'aa')), 'aa', toUInt8(equals(d_p_name, 'sss')), 'aa', toUInt8(equals(d_p_name, 'yyy')), 'kkk', toUInt8(equals(d_p_name, 'yyy ')), 'kkk', toUInt8(equals(d_p_name, 'uuu')), 'lll', toUInt8(equals(d_p_name, 'ccc')), 'lll', toUInt8(equals(d_p_name, ' ccc')), 'ccc', toUInt8(equals(d_p_name, ' ccc ')), 'ccc', toUInt8(equals(d_p_name, ' bbb')), 'bbb', toUInt8(equals(d_p_name, 'www')), 'bbb', toUInt8(equals(d_p_name, 'qqq')), 'bbb', toUInt8(equals(d_p_name, 'qqq')), 'bbb', toUInt8(equals(d_p_name, 'ccc')), 'nn', toUInt8(equals(d_p_name, 'ccc')), 'nn', NULL), ('mmm', 'jj', 'mm', 'aa', 'kkk')))", "Type": "Nullable(UInt8)"}, {"Name": "multiIf(toUInt8(equals(d_p_name, 'aaa')), 'nn', toUInt8(equals(d_p_name, 'aaa')), 'nn', toUInt8(equals(d_p_name, 'aaa')), 'nn', toUInt8(equals(d_p_name, 'bbb ')), 'ttt', toUInt8(equals(d_p_name, 'bbb')), 'ttt', toUInt8(equals(d_p_name, 'bbb')), 'ttt', toUInt8(equals(d_p_name, 'ddd')), 'ttt', toUInt8(equals(d_p_name, 'bbb ')), 'ttt', toUInt8(equals(d_p_name, 'bbb  ttt')), 'ttt', toUInt8(equals(d_p_name, 'ddd')), 'ttt', toUInt8(equals(d_p_name, 'ccc')), 'ttt', toUInt8(equals(d_p_name, 'ccc ')), 'ttt', toUInt8(equals(d_p_name, 'ccc')), 'ttt', toUInt8(equals(d_p_name, 'ddd')), 'ttt', toUInt8(equals(d_p_name, 'iii')), 'nnn', toUInt8(equals(d_p_name, 'ppp')), 'nnn', toUInt8(equals(d_p_name, 'ppp')), 'nnn', toUInt8(equals(d_p_name, 'kkk')), 'nnn', toUInt8(equals(d_p_name, 'fff5')), 'nnn', toUInt8(equals(d_p_name, 'fff5 hhh')), 'nnn', toUInt8(equals(d_p_name, 'eee4')), 'vvv', toUInt8(equals(d_p_name, 'eee')), 'vvv', toUInt8(equals(d_p_name, 'hhh')), 'mmm', toUInt8(equals(d_p_name, 'hhh ')), 'mmm', toUInt8(equals(d_p_name, 'ggg')), 'mmm', toUInt8(equals(d_p_name, 'ggg ')), 'mmm', toUInt8(equals(d_p_name, 'hhh')), 'mmm', toUInt8(equals(d_p_name, 'hh')), 'jj', toUInt8(equals(d_p_name, 'hh')), 'jj', toUInt8(equals(d_p_name, 'gg')), 'jj', toUInt8(equals(d_p_name, ' mm')), 'mm', toUInt8(equals(d_p_name, 'ff')), 'mm', toUInt8(equals(d_p_name, 'ee')), 'mm', toUInt8(equals(d_p_name, 'dd')), 'mm', toUInt8(equals(d_p_name, 'cc')), 'mm', toUInt8(equals(d_p_name, 'bb')), 'mm', toUInt8(equals(d_p_name, 'aa')), 'aa', toUInt8(equals(d_p_name, 'zzz')), 'aa', toUInt8(equals(d_p_name, 'zzz')), 'aa', toUInt8(equals(d_p_name, 'aa')), 'aa', toUInt8(equals(d_p_name, 'sss')), 'aa', toUInt8(equals(d_p_name, 'yyy')), 'kkk', toUInt8(equals(d_p_name, 'yyy ')), 'kkk', toUInt8(equals(d_p_name, 'uuu')), 'lll', toUInt8(equals(d_p_name, 'ccc')), 'lll', toUInt8(equals(d_p_name, ' ccc')), 'ccc', toUInt8(equals(d_p_name, ' ccc ')), 'ccc', toUInt8(equals(d_p_name, ' bbb')), 'bbb', toUInt8(equals(d_p_name, 'www')), 'bbb', toUInt8(equals(d_p_name, 'qqq')), 'bbb', toUInt8(equals(d_p_name, 'qqq')), 'bbb', toUInt8(equals(d_p_name, 'ccc')), 'nn', toUInt8(equals(d_p_name, 'ccc')), 'nn', NULL)", "Type": "Nullable(String)"}, {"Name": "rom", "Type": "Nullable(String)"}, {"Name": "b_ran", "Type": "Nullable(String)"}, {"Name": "d_a_cnt", "Type": "Nullable(Int64)"}, {"Name": "pt_d", "Type": "Date"}], "Plans": [{"Node Type": "ReadFromMergeTree", "Header": [{"Name": "and(notIn(multiIf(toUInt8(equals(d_p_name, 'aaa')), 'nn', toUInt8(equals(d_p_name, 'aaa')), 'nn', toUInt8(equals(d_p_name, 'aaa')), 'nn', toUInt8(equals(d_p_name, 'bbb ')), 'ttt', toUInt8(equals(d_p_name, 'bbb')), 'ttt', toUInt8(equals(d_p_name, 'bbb')), 'ttt', toUInt8(equals(d_p_name, 'ddd')), 'ttt', toUInt8(equals(d_p_name, 'bbb ')), 'ttt', toUInt8(equals(d_p_name, 'bbb  ttt')), 'ttt', toUInt8(equals(d_p_name, 'ddd')), 'ttt', toUInt8(equals(d_p_name, 'ccc')), 'ttt', toUInt8(equals(d_p_name, 'ccc ')), 'ttt', toUInt8(equals(d_p_name, 'ccc')), 'ttt', toUInt8(equals(d_p_name, 'ddd')), 'ttt', toUInt8(equals(d_p_name, 'iii')), 'nnn', toUInt8(equals(d_p_name, 'ppp')), 'nnn', toUInt8(equals(d_p_name, 'ppp')), 'nnn', toUInt8(equals(d_p_name, 'kkk')), 'nnn', toUInt8(equals(d_p_name, 'fff5')), 'nnn', toUInt8(equals(d_p_name, 'fff5 hhh')), 'nnn', toUInt8(equals(d_p_name, 'eee4')), 'vvv', toUInt8(equals(d_p_name, 'eee')), 'vvv', toUInt8(equals(d_p_name, 'hhh')), 'mmm', toUInt8(equals(d_p_name, 'hhh ')), 'mmm', toUInt8(equals(d_p_name, 'ggg')), 'mmm', toUInt8(equals(d_p_name, 'ggg ')), 'mmm', toUInt8(equals(d_p_name, 'hhh')), 'mmm', toUInt8(equals(d_p_name, 'hh')), 'jj', toUInt8(equals(d_p_name, 'hh')), 'jj', toUInt8(equals(d_p_name, 'gg')), 'jj', toUInt8(equals(d_p_name, ' mm')), 'mm', toUInt8(equals(d_p_name, 'ff')), 'mm', toUInt8(equals(d_p_name, 'ee')), 'mm', toUInt8(equals(d_p_name, 'dd')), 'mm', toUInt8(equals(d_p_name, 'cc')), 'mm', toUInt8(equals(d_p_name, 'bb')), 'mm', toUInt8(equals(d_p_name, 'aa')), 'aa', toUInt8(equals(d_p_name, 'zzz')), 'aa', toUInt8(equals(d_p_name, 'zzz')), 'aa', toUInt8(equals(d_p_name, 'aa')), 'aa', toUInt8(equals(d_p_name, 'sss')), 'aa', toUInt8(equals(d_p_name, 'yyy')), 'kkk', toUInt8(equals(d_p_name, 'yyy ')), 'kkk', toUInt8(equals(d_p_name, 'uuu')), 'lll', toUInt8(equals(d_p_name, 'ccc')), 'lll', toUInt8(equals(d_p_name, ' ccc')), 'ccc', toUInt8(equals(d_p_name, ' ccc ')), 'ccc', toUInt8(equals(d_p_name, ' bbb')), 'bbb', toUInt8(equals(d_p_name, 'www')), 'bbb', toUInt8(equals(d_p_name, 'qqq')), 'bbb', toUInt8(equals(d_p_name, 'qqq')), 'bbb', toUInt8(equals(d_p_name, 'ccc')), 'nn', toUInt8(equals(d_p_name, 'ccc')), 'nn', NULL), ''), isNotNull(multiIf(toUInt8(equals(d_p_name, 'aaa')), 'nn', toUInt8(equals(d_p_name, 'aaa')), 'nn', toUInt8(equals(d_p_name, 'aaa')), 'nn', toUInt8(equals(d_p_name, 'bbb ')), 'ttt', toUInt8(equals(d_p_name, 'bbb')), 'ttt', toUInt8(equals(d_p_name, 'bbb')), 'ttt', toUInt8(equals(d_p_name, 'ddd')), 'ttt', toUInt8(equals(d_p_name, 'bbb ')), 'ttt', toUInt8(equals(d_p_name, 'bbb  ttt')), 'ttt', toUInt8(equals(d_p_name, 'ddd')), 'ttt', toUInt8(equals(d_p_name, 'ccc')), 'ttt', toUInt8(equals(d_p_name, 'ccc ')), 'ttt', toUInt8(equals(d_p_name, 'ccc')), 'ttt', toUInt8(equals(d_p_name, 'ddd')), 'ttt', toUInt8(equals(d_p_name, 'iii')), 'nnn', toUInt8(equals(d_p_name, 'ppp')), 'nnn', toUInt8(equals(d_p_name, 'ppp')), 'nnn', toUInt8(equals(d_p_name, 'kkk')), 'nnn', toUInt8(equals(d_p_name, 'fff5')), 'nnn', toUInt8(equals(d_p_name, 'fff5 hhh')), 'nnn', toUInt8(equals(d_p_name, 'eee4')), 'vvv', toUInt8(equals(d_p_name, 'eee')), 'vvv', toUInt8(equals(d_p_name, 'hhh')), 'mmm', toUInt8(equals(d_p_name, 'hhh ')), 'mmm', toUInt8(equals(d_p_name, 'ggg')), 'mmm', toUInt8(equals(d_p_name, 'ggg ')), 'mmm', toUInt8(equals(d_p_name, 'hhh')), 'mmm', toUInt8(equals(d_p_name, 'hh')), 'jj', toUInt8(equals(d_p_name, 'hh')), 'jj', toUInt8(equals(d_p_name, 'gg')), 'jj', toUInt8(equals(d_p_name, ' mm')), 'mm', toUInt8(equals(d_p_name, 'ff')), 'mm', toUInt8(equals(d_p_name, 'ee')), 'mm', toUInt8(equals(d_p_name, 'dd')), 'mm', toUInt8(equals(d_p_name, 'cc')), 'mm', toUInt8(equals(d_p_name, 'bb')), 'mm', toUInt8(equals(d_p_name, 'aa')), 'aa', toUInt8(equals(d_p_name, 'zzz')), 'aa', toUInt8(equals(d_p_name, 'zzz')), 'aa', toUInt8(equals(d_p_name, 'aa')), 'aa', toUInt8(equals(d_p_name, 'sss')), 'aa', toUInt8(equals(d_p_name, 'yyy')), 'kkk', toUInt8(equals(d_p_name, 'yyy ')), 'kkk', toUInt8(equals(d_p_name, 'uuu')), 'lll', toUInt8(equals(d_p_name, 'ccc')), 'lll', toUInt8(equals(d_p_name, ' ccc')), 'ccc', toUInt8(equals(d_p_name, ' ccc ')), 'ccc', toUInt8(equals(d_p_name, ' bbb')), 'bbb', toUInt8(equals(d_p_name, 'www')), 'bbb', toUInt8(equals(d_p_name, 'qqq')), 'bbb', toUInt8(equals(d_p_name, 'qqq')), 'bbb', toUInt8(equals(d_p_name, 'ccc')), 'nn', toUInt8(equals(d_p_name, 'ccc')), 'nn', NULL)), in(multiIf(toUInt8(equals(d_p_name, 'aaa')), 'nn', toUInt8(equals(d_p_name, 'aaa')), 'nn', toUInt8(equals(d_p_name, 'aaa')), 'nn', toUInt8(equals(d_p_name, 'bbb ')), 'ttt', toUInt8(equals(d_p_name, 'bbb')), 'ttt', toUInt8(equals(d_p_name, 'bbb')), 'ttt', toUInt8(equals(d_p_name, 'ddd')), 'ttt', toUInt8(equals(d_p_name, 'bbb ')), 'ttt', toUInt8(equals(d_p_name, 'bbb  ttt')), 'ttt', toUInt8(equals(d_p_name, 'ddd')), 'ttt', toUInt8(equals(d_p_name, 'ccc')), 'ttt', toUInt8(equals(d_p_name, 'ccc ')), 'ttt', toUInt8(equals(d_p_name, 'ccc')), 'ttt', toUInt8(equals(d_p_name, 'ddd')), 'ttt', toUInt8(equals(d_p_name, 'iii')), 'nnn', toUInt8(equals(d_p_name, 'ppp')), 'nnn', toUInt8(equals(d_p_name, 'ppp')), 'nnn', toUInt8(equals(d_p_name, 'kkk')), 'nnn', toUInt8(equals(d_p_name, 'fff5')), 'nnn', toUInt8(equals(d_p_name, 'fff5 hhh')), 'nnn', toUInt8(equals(d_p_name, 'eee4')), 'vvv', toUInt8(equals(d_p_name, 'eee')), 'vvv', toUInt8(equals(d_p_name, 'hhh')), 'mmm', toUInt8(equals(d_p_name, 'hhh ')), 'mmm', toUInt8(equals(d_p_name, 'ggg')), 'mmm', toUInt8(equals(d_p_name, 'ggg ')), 'mmm', toUInt8(equals(d_p_name, 'hhh')), 'mmm', toUInt8(equals(d_p_name, 'hh')), 'jj', toUInt8(equals(d_p_name, 'hh')), 'jj', toUInt8(equals(d_p_name, 'gg')), 'jj', toUInt8(equals(d_p_name, ' mm')), 'mm', toUInt8(equals(d_p_name, 'ff')), 'mm', toUInt8(equals(d_p_name, 'ee')), 'mm', toUInt8(equals(d_p_name, 'dd')), 'mm', toUInt8(equals(d_p_name, 'cc')), 'mm', toUInt8(equals(d_p_name, 'bb')), 'mm', toUInt8(equals(d_p_name, 'aa')), 'aa', toUInt8(equals(d_p_name, 'zzz')), 'aa', toUInt8(equals(d_p_name, 'zzz')), 'aa', toUInt8(equals(d_p_name, 'aa')), 'aa', toUInt8(equals(d_p_name, 'sss')), 'aa', toUInt8(equals(d_p_name, 'yyy')), 'kkk', toUInt8(equals(d_p_name, 'yyy ')), 'kkk', toUInt8(equals(d_p_name, 'uuu')), 'lll', toUInt8(equals(d_p_name, 'ccc')), 'lll', toUInt8(equals(d_p_name, ' ccc')), 'ccc', toUInt8(equals(d_p_name, ' ccc ')), 'ccc', toUInt8(equals(d_p_name, ' bbb')), 'bbb', toUInt8(equals(d_p_name, 'www')), 'bbb', toUInt8(equals(d_p_name, 'qqq')), 'bbb', toUInt8(equals(d_p_name, 'qqq')), 'bbb', toUInt8(equals(d_p_name, 'ccc')), 'nn', toUInt8(equals(d_p_name, 'ccc')), 'nn', NULL), ('mmm', 'jj', 'mm', 'aa', 'kkk')))", "Type": "Nullable(UInt8)"}, {"Name": "multiIf(toUInt8(equals(d_p_name, 'aaa')), 'nn', toUInt8(equals(d_p_name, 'aaa')), 'nn', toUInt8(equals(d_p_name, 'aaa')), 'nn', toUInt8(equals(d_p_name, 'bbb ')), 'ttt', toUInt8(equals(d_p_name, 'bbb')), 'ttt', toUInt8(equals(d_p_name, 'bbb')), 'ttt', toUInt8(equals(d_p_name, 'ddd')), 'ttt', toUInt8(equals(d_p_name, 'bbb ')), 'ttt', toUInt8(equals(d_p_name, 'bbb  ttt')), 'ttt', toUInt8(equals(d_p_name, 'ddd')), 'ttt', toUInt8(equals(d_p_name, 'ccc')), 'ttt', toUInt8(equals(d_p_name, 'ccc ')), 'ttt', toUInt8(equals(d_p_name, 'ccc')), 'ttt', toUInt8(equals(d_p_name, 'ddd')), 'ttt', toUInt8(equals(d_p_name, 'iii')), 'nnn', toUInt8(equals(d_p_name, 'ppp')), 'nnn', toUInt8(equals(d_p_name, 'ppp')), 'nnn', toUInt8(equals(d_p_name, 'kkk')), 'nnn', toUInt8(equals(d_p_name, 'fff5')), 'nnn', toUInt8(equals(d_p_name, 'fff5 hhh')), 'nnn', toUInt8(equals(d_p_name, 'eee4')), 'vvv', toUInt8(equals(d_p_name, 'eee')), 'vvv', toUInt8(equals(d_p_name, 'hhh')), 'mmm', toUInt8(equals(d_p_name, 'hhh ')), 'mmm', toUInt8(equals(d_p_name, 'ggg')), 'mmm', toUInt8(equals(d_p_name, 'ggg ')), 'mmm', toUInt8(equals(d_p_name, 'hhh')), 'mmm', toUInt8(equals(d_p_name, 'hh')), 'jj', toUInt8(equals(d_p_name, 'hh')), 'jj', toUInt8(equals(d_p_name, 'gg')), 'jj', toUInt8(equals(d_p_name, ' mm')), 'mm', toUInt8(equals(d_p_name, 'ff')), 'mm', toUInt8(equals(d_p_name, 'ee')), 'mm', toUInt8(equals(d_p_name, 'dd')), 'mm', toUInt8(equals(d_p_name, 'cc')), 'mm', toUInt8(equals(d_p_name, 'bb')), 'mm', toUInt8(equals(d_p_name, 'aa')), 'aa', toUInt8(equals(d_p_name, 'zzz')), 'aa', toUInt8(equals(d_p_name, 'zzz')), 'aa', toUInt8(equals(d_p_name, 'aa')), 'aa', toUInt8(equals(d_p_name, 'sss')), 'aa', toUInt8(equals(d_p_name, 'yyy')), 'kkk', toUInt8(equals(d_p_name, 'yyy ')), 'kkk', toUInt8(equals(d_p_name, 'uuu')), 'lll', toUInt8(equals(d_p_name, 'ccc')), 'lll', toUInt8(equals(d_p_name, ' ccc')), 'ccc', toUInt8(equals(d_p_name, ' ccc ')), 'ccc', toUInt8(equals(d_p_name, ' bbb')), 'bbb', toUInt8(equals(d_p_name, 'www')), 'bbb', toUInt8(equals(d_p_name, 'qqq')), 'bbb', toUInt8(equals(d_p_name, 'qqq')), 'bbb', toUInt8(equals(d_p_name, 'ccc')), 'nn', toUInt8(equals(d_p_name, 'ccc')), 'nn', NULL)", "Type": "Nullable(String)"}, {"Name": "rom", "Type": "Nullable(String)"}, {"Name": "b_ran", "Type": "Nullable(String)"}, {"Name": "d_a_cnt", "Type": "Nullable(Int64)"}, {"Name": "pt_d", "Type": "Date"}], "Read Type": "Default", "Parts": 11, "Granules": 11}]}]}]}}]