[{"Plan": {"Node Type": "Expression", "Description": "(Projection + Before ORDER BY)", "Header": [{"Name": "__fcol_49", "Type": "Date"}], "Expression": {"Inputs": [{"Name": "toDate(pt_d)", "Type": "Date"}], "Actions": [{"Node Type": "INPUT", "Result Type": "INPUT", "Arguments": [0], "Removed Arguments": [], "Result": 0}, {"Node Type": "ALIAS", "Result Type": "ALIAS", "Arguments": [0], "Removed Arguments": [0], "Result": 1}], "Outputs": [{"Name": "__fcol_49", "Type": "Date"}], "Positions": [1], "Project Input": true}, "Plans": [{"Node Type": "Aggregating", "Header": [{"Name": "toDate(pt_d)", "Type": "Date"}], "Keys": ["toDate(pt_d)"], "Plans": [{"Node Type": "Expression", "Description": "Before GROUP BY", "Header": [{"Name": "toDate(pt_d)", "Type": "Date"}], "Expression": {"Inputs": [{"Name": "pt_d", "Type": "Date"}], "Actions": [{"Node Type": "INPUT", "Result Type": "INPUT", "Arguments": [0], "Removed Arguments": [], "Result": 0}, {"Node Type": "FUNCTION", "Result Type": "FUNCTION", "Function": "toDate", "Compiled": false, "Arguments": [0], "Removed Arguments": [0], "Result": 1}], "Outputs": [{"Name": "toDate(pt_d)", "Type": "Date"}], "Positions": [1], "Project Input": false}, "Plans": [{"Node Type": "SettingQuotaAndLimits", "Description": "Set limits and quota after reading from storage", "Header": [{"Name": "pt_d", "Type": "Date"}], "Plans": [{"Node Type": "ReadFromMergeTree", "Header": [{"Name": "pt_d", "Type": "Date"}], "Read Type": "Default", "Parts": 11, "Granules": 11}]}]}]}]}}]