[{"Plan": {"Node Type": "Expression", "Description": "(Projection + Before ORDER BY)", "Header": [{"Name": "__fcol_49", "Type": "Date"}, {"Name": "__fcol_50", "Type": "Nullable(Int64)"}], "Expression": {"Inputs": [{"Name": "toDate(pt_d)", "Type": "Date"}, {"Name": "sum(d_a_cnt)", "Type": "Nullable(Int64)"}], "Actions": [{"Node Type": "INPUT", "Result Type": "INPUT", "Arguments": [0], "Removed Arguments": [], "Result": 0}, {"Node Type": "INPUT", "Result Type": "INPUT", "Arguments": [1], "Removed Arguments": [], "Result": 1}, {"Node Type": "ALIAS", "Result Type": "ALIAS", "Arguments": [0], "Removed Arguments": [0], "Result": 2}, {"Node Type": "ALIAS", "Result Type": "ALIAS", "Arguments": [1], "Removed Arguments": [1], "Result": 0}], "Outputs": [{"Name": "__fcol_49", "Type": "Date"}, {"Name": "__fcol_50", "Type": "Nullable(Int64)"}], "Positions": [2, 0], "Project Input": true}, "Plans": [{"Node Type": "Aggregating", "Header": [{"Name": "toDate(pt_d)", "Type": "Date"}, {"Name": "sum(d_a_cnt)", "Type": "Nullable(Int64)"}], "Keys": ["toDate(pt_d)"], "Aggregates": [{"Name": "sum(d_a_cnt)", "Function": {"Name": "sum", "Argument Types": ["Nullable(Int64)"], "Result Type": "Nullable(Int64)"}, "Arguments": ["d_a_cnt"], "Argument Positions": [1]}], "Plans": [{"Node Type": "Expression", "Description": "Before GROUP BY", "Header": [{"Name": "toDate(pt_d)", "Type": "Date"}, {"Name": "d_a_cnt", "Type": "Nullable(Int64)"}], "Expression": {"Inputs": [{"Name": "toDate(pt_d)", "Type": "Date"}, {"Name": "d_a_cnt", "Type": "Nullable(Int64)"}], "Actions": [{"Node Type": "INPUT", "Result Type": "INPUT", "Arguments": [0], "Removed Arguments": [0], "Result": 0}, {"Node Type": "INPUT", "Result Type": "INPUT", "Arguments": [1], "Removed Arguments": [1], "Result": 1}], "Outputs": [{"Name": "toDate(pt_d)", "Type": "Date"}, {"Name": "d_a_cnt", "Type": "Nullable(Int64)"}], "Positions": [0, 1], "Project Input": false}, "Plans": [{"Node Type": "SettingQuotaAndLimits", "Description": "Set limits and quota after reading from storage", "Header": [{"Name": "toDate(pt_d)", "Type": "Date"}, {"Name": "d_a_cnt", "Type": "Nullable(Int64)"}], "Plans": [{"Node Type": "ReadFromMergeTree", "Header": [{"Name": "toDate(pt_d)", "Type": "Date"}, {"Name": "d_a_cnt", "Type": "Nullable(Int64)"}], "Read Type": "Default", "Parts": 1, "Granules": 1}]}]}]}]}}]