[{"Plan": {"Node Type": "Expression", "Description": "(Projection + Before ORDER BY)", "Header": [{"Name": "__fcol_49", "Type": "Nullable(String)"}], "Expression": {"Inputs": [{"Name": "multiIf(toUInt8(equals(d_p_name, 'aaa')), 'nn', toUInt8(equals(d_p_name, 'aaa')), 'nn', toUInt8(equals(d_p_name, 'aaa')), 'nn', toUInt8(equals(d_p_name, 'bbb ')), 'ttt', toUInt8(equals(d_p_name, 'bbb')), 'ttt', toUInt8(equals(d_p_name, 'bbb')), 'ttt', toUInt8(equals(d_p_name, 'ddd')), 'ttt', toUInt8(equals(d_p_name, 'bbb ')), 'ttt', toUInt8(equals(d_p_name, 'bbb  ttt')), 'ttt', toUInt8(equals(d_p_name, 'ddd')), 'ttt', toUInt8(equals(d_p_name, 'ccc')), 'ttt', toUInt8(equals(d_p_name, 'ccc ')), 'ttt', toUInt8(equals(d_p_name, 'ccc')), 'ttt', toUInt8(equals(d_p_name, 'ddd')), 'ttt', toUInt8(equals(d_p_name, 'iii')), 'nnn', toUInt8(equals(d_p_name, 'ppp')), 'nnn', toUInt8(equals(d_p_name, 'ppp')), 'nnn', toUInt8(equals(d_p_name, 'kkk')), 'nnn', toUInt8(equals(d_p_name, 'fff5')), 'nnn', toUInt8(equals(d_p_name, 'fff5 hhh')), 'nnn', toUInt8(equals(d_p_name, 'eee4')), 'vvv', toUInt8(equals(d_p_name, 'eee')), 'vvv', toUInt8(equals(d_p_name, 'hhh')), 'mmm', toUInt8(equals(d_p_name, 'hhh ')), 'mmm', toUInt8(equals(d_p_name, 'ggg')), 'mmm', toUInt8(equals(d_p_name, 'ggg ')), 'mmm', toUInt8(equals(d_p_name, 'hhh')), 'mmm', toUInt8(equals(d_p_name, 'hh')), 'jj', toUInt8(equals(d_p_name, 'hh')), 'jj', toUInt8(equals(d_p_name, 'gg')), 'jj', toUInt8(equals(d_p_name, ' mm')), 'mm', toUInt8(equals(d_p_name, 'ff')), 'mm', toUInt8(equals(d_p_name, 'ee')), 'mm', toUInt8(equals(d_p_name, 'dd')), 'mm', toUInt8(equals(d_p_name, 'cc')), 'mm', toUInt8(equals(d_p_name, 'bb')), 'mm', toUInt8(equals(d_p_name, 'aa')), 'aa', toUInt8(equals(d_p_name, 'zzz')), 'aa', toUInt8(equals(d_p_name, 'zzz')), 'aa', toUInt8(equals(d_p_name, 'aa')), 'aa', toUInt8(equals(d_p_name, 'sss')), 'aa', toUInt8(equals(d_p_name, 'yyy')), 'kkk', toUInt8(equals(d_p_name, 'yyy ')), 'kkk', toUInt8(equals(d_p_name, 'uuu')), 'lll', toUInt8(equals(d_p_name, 'ccc')), 'lll', toUInt8(equals(d_p_name, ' ccc')), 'ccc', toUInt8(equals(d_p_name, ' ccc ')), 'ccc', toUInt8(equals(d_p_name, ' bbb')), 'bbb', toUInt8(equals(d_p_name, 'www')), 'bbb', toUInt8(equals(d_p_name, 'qqq')), 'bbb', toUInt8(equals(d_p_name, 'qqq')), 'bbb', toUInt8(equals(d_p_name, 'ccc')), 'nn', toUInt8(equals(d_p_name, 'ccc')), 'nn', NULL)", "Type": "Nullable(String)"}], "Actions": [{"Node Type": "INPUT", "Result Type": "INPUT", "Arguments": [0], "Removed Arguments": [], "Result": 0}, {"Node Type": "ALIAS", "Result Type": "ALIAS", "Arguments": [0], "Removed Arguments": [0], "Result": 1}], "Outputs": [{"Name": "__fcol_49", "Type": "Nullable(String)"}], "Positions": [1], "Project Input": true}, "Plans": [{"Node Type": "Filter", "Description": "WHERE", "Header": [{"Name": "multiIf(toUInt8(equals(d_p_name, 'aaa')), 'nn', toUInt8(equals(d_p_name, 'aaa')), 'nn', toUInt8(equals(d_p_name, 'aaa')), 'nn', toUInt8(equals(d_p_name, 'bbb ')), 'ttt', toUInt8(equals(d_p_name, 'bbb')), 'ttt', toUInt8(equals(d_p_name, 'bbb')), 'ttt', toUInt8(equals(d_p_name, 'ddd')), 'ttt', toUInt8(equals(d_p_name, 'bbb ')), 'ttt', toUInt8(equals(d_p_name, 'bbb  ttt')), 'ttt', toUInt8(equals(d_p_name, 'ddd')), 'ttt', toUInt8(equals(d_p_name, 'ccc')), 'ttt', toUInt8(equals(d_p_name, 'ccc ')), 'ttt', toUInt8(equals(d_p_name, 'ccc')), 'ttt', toUInt8(equals(d_p_name, 'ddd')), 'ttt', toUInt8(equals(d_p_name, 'iii')), 'nnn', toUInt8(equals(d_p_name, 'ppp')), 'nnn', toUInt8(equals(d_p_name, 'ppp')), 'nnn', toUInt8(equals(d_p_name, 'kkk')), 'nnn', toUInt8(equals(d_p_name, 'fff5')), 'nnn', toUInt8(equals(d_p_name, 'fff5 hhh')), 'nnn', toUInt8(equals(d_p_name, 'eee4')), 'vvv', toUInt8(equals(d_p_name, 'eee')), 'vvv', toUInt8(equals(d_p_name, 'hhh')), 'mmm', toUInt8(equals(d_p_name, 'hhh ')), 'mmm', toUInt8(equals(d_p_name, 'ggg')), 'mmm', toUInt8(equals(d_p_name, 'ggg ')), 'mmm', toUInt8(equals(d_p_name, 'hhh')), 'mmm', toUInt8(equals(d_p_name, 'hh')), 'jj', toUInt8(equals(d_p_name, 'hh')), 'jj', toUInt8(equals(d_p_name, 'gg')), 'jj', toUInt8(equals(d_p_name, ' mm')), 'mm', toUInt8(equals(d_p_name, 'ff')), 'mm', toUInt8(equals(d_p_name, 'ee')), 'mm', toUInt8(equals(d_p_name, 'dd')), 'mm', toUInt8(equals(d_p_name, 'cc')), 'mm', toUInt8(equals(d_p_name, 'bb')), 'mm', toUInt8(equals(d_p_name, 'aa')), 'aa', toUInt8(equals(d_p_name, 'zzz')), 'aa', toUInt8(equals(d_p_name, 'zzz')), 'aa', toUInt8(equals(d_p_name, 'aa')), 'aa', toUInt8(equals(d_p_name, 'sss')), 'aa', toUInt8(equals(d_p_name, 'yyy')), 'kkk', toUInt8(equals(d_p_name, 'yyy ')), 'kkk', toUInt8(equals(d_p_name, 'uuu')), 'lll', toUInt8(equals(d_p_name, 'ccc')), 'lll', toUInt8(equals(d_p_name, ' ccc')), 'ccc', toUInt8(equals(d_p_name, ' ccc ')), 'ccc', toUInt8(equals(d_p_name, ' bbb')), 'bbb', toUInt8(equals(d_p_name, 'www')), 'bbb', toUInt8(equals(d_p_name, 'qqq')), 'bbb', toUInt8(equals(d_p_name, 'qqq')), 'bbb', toUInt8(equals(d_p_name, 'ccc')), 'nn', toUInt8(equals(d_p_name, 'ccc')), 'nn', NULL)", "Type": "Nullable(String)"}], "Filter Column": "and(notIn(multiIf(toUInt8(equals(d_p_name, 'aaa')), 'nn', toUInt8(equals(d_p_name, 'aaa')), 'nn', toUInt8(equals(d_p_name, 'aaa')), 'nn', toUInt8(equals(d_p_name, 'bbb ')), 'ttt', toUInt8(equals(d_p_name, 'bbb')), 'ttt', toUInt8(equals(d_p_name, 'bbb')), 'ttt', toUInt8(equals(d_p_name, 'ddd')), 'ttt', toUInt8(equals(d_p_name, 'bbb ')), 'ttt', toUInt8(equals(d_p_name, 'bbb  ttt')), 'ttt', toUInt8(equals(d_p_name, 'ddd')), 'ttt', toUInt8(equals(d_p_name, 'ccc')), 'ttt', toUInt8(equals(d_p_name, 'ccc ')), 'ttt', toUInt8(equals(d_p_name, 'ccc')), 'ttt', toUInt8(equals(d_p_name, 'ddd')), 'ttt', toUInt8(equals(d_p_name, 'iii')), 'nnn', toUInt8(equals(d_p_name, 'ppp')), 'nnn', toUInt8(equals(d_p_name, 'ppp')), 'nnn', toUInt8(equals(d_p_name, 'kkk')), 'nnn', toUInt8(equals(d_p_name, 'fff5')), 'nnn', toUInt8(equals(d_p_name, 'fff5 hhh')), 'nnn', toUInt8(equals(d_p_name, 'eee4')), 'vvv', toUInt8(equals(d_p_name, 'eee')), 'vvv', toUInt8(equals(d_p_name, 'hhh')), 'mmm', toUInt8(equals(d_p_name, 'hhh ')), 'mmm', toUInt8(equals(d_p_name, 'ggg')), 'mmm', toUInt8(equals(d_p_name, 'ggg ')), 'mmm', toUInt8(equals(d_p_name, 'hhh')), 'mmm', toUInt8(equals(d_p_name, 'hh')), 'jj', toUInt8(equals(d_p_name, 'hh')), 'jj', toUInt8(equals(d_p_name, 'gg')), 'jj', toUInt8(equals(d_p_name, ' mm')), 'mm', toUInt8(equals(d_p_name, 'ff')), 'mm', toUInt8(equals(d_p_name, 'ee')), 'mm', toUInt8(equals(d_p_name, 'dd')), 'mm', toUInt8(equals(d_p_name, 'cc')), 'mm', toUInt8(equals(d_p_name, 'bb')), 'mm', toUInt8(equals(d_p_name, 'aa')), 'aa', toUInt8(equals(d_p_name, 'zzz')), 'aa', toUInt8(equals(d_p_name, 'zzz')), 'aa', toUInt8(equals(d_p_name, 'aa')), 'aa', toUInt8(equals(d_p_name, 'sss')), 'aa', toUInt8(equals(d_p_name, 'yyy')), 'kkk', toUInt8(equals(d_p_name, 'yyy ')), 'kkk', toUInt8(equals(d_p_name, 'uuu')), 'lll', toUInt8(equals(d_p_name, 'ccc')), 'lll', toUInt8(equals(d_p_name, ' ccc')), 'ccc', toUInt8(equals(d_p_name, ' ccc ')), 'ccc', toUInt8(equals(d_p_name, ' bbb')), 'bbb', toUInt8(equals(d_p_name, 'www')), 'bbb', toUInt8(equals(d_p_name, 'qqq')), 'bbb', toUInt8(equals(d_p_name, 'qqq')), 'bbb', toUInt8(equals(d_p_name, 'ccc')), 'nn', toUInt8(equals(d_p_name, 'ccc')), 'nn', NULL), ''), isNotNull(multiIf(toUInt8(equals(d_p_name, 'aaa')), 'nn', toUInt8(equals(d_p_name, 'aaa')), 'nn', toUInt8(equals(d_p_name, 'aaa')), 'nn', toUInt8(equals(d_p_name, 'bbb ')), 'ttt', toUInt8(equals(d_p_name, 'bbb')), 'ttt', toUInt8(equals(d_p_name, 'bbb')), 'ttt', toUInt8(equals(d_p_name, 'ddd')), 'ttt', toUInt8(equals(d_p_name, 'bbb ')), 'ttt', toUInt8(equals(d_p_name, 'bbb  ttt')), 'ttt', toUInt8(equals(d_p_name, 'ddd')), 'ttt', toUInt8(equals(d_p_name, 'ccc')), 'ttt', toUInt8(equals(d_p_name, 'ccc ')), 'ttt', toUInt8(equals(d_p_name, 'ccc')), 'ttt', toUInt8(equals(d_p_name, 'ddd')), 'ttt', toUInt8(equals(d_p_name, 'iii')), 'nnn', toUInt8(equals(d_p_name, 'ppp')), 'nnn', toUInt8(equals(d_p_name, 'ppp')), 'nnn', toUInt8(equals(d_p_name, 'kkk')), 'nnn', toUInt8(equals(d_p_name, 'fff5')), 'nnn', toUInt8(equals(d_p_name, 'fff5 hhh')), 'nnn', toUInt8(equals(d_p_name, 'eee4')), 'vvv', toUInt8(equals(d_p_name, 'eee')), 'vvv', toUInt8(equals(d_p_name, 'hhh')), 'mmm', toUInt8(equals(d_p_name, 'hhh ')), 'mmm', toUInt8(equals(d_p_name, 'ggg')), 'mmm', toUInt8(equals(d_p_name, 'ggg ')), 'mmm', toUInt8(equals(d_p_name, 'hhh')), 'mmm', toUInt8(equals(d_p_name, 'hh')), 'jj', toUInt8(equals(d_p_name, 'hh')), 'jj', toUInt8(equals(d_p_name, 'gg')), 'jj', toUInt8(equals(d_p_name, ' mm')), 'mm', toUInt8(equals(d_p_name, 'ff')), 'mm', toUInt8(equals(d_p_name, 'ee')), 'mm', toUInt8(equals(d_p_name, 'dd')), 'mm', toUInt8(equals(d_p_name, 'cc')), 'mm', toUInt8(equals(d_p_name, 'bb')), 'mm', toUInt8(equals(d_p_name, 'aa')), 'aa', toUInt8(equals(d_p_name, 'zzz')), 'aa', toUInt8(equals(d_p_name, 'zzz')), 'aa', toUInt8(equals(d_p_name, 'aa')), 'aa', toUInt8(equals(d_p_name, 'sss')), 'aa', toUInt8(equals(d_p_name, 'yyy')), 'kkk', toUInt8(equals(d_p_name, 'yyy ')), 'kkk', toUInt8(equals(d_p_name, 'uuu')), 'lll', toUInt8(equals(d_p_name, 'ccc')), 'lll', toUInt8(equals(d_p_name, ' ccc')), 'ccc', toUInt8(equals(d_p_name, ' ccc ')), 'ccc', toUInt8(equals(d_p_name, ' bbb')), 'bbb', toUInt8(equals(d_p_name, 'www')), 'bbb', toUInt8(equals(d_p_name, 'qqq')), 'bbb', toUInt8(equals(d_p_name, 'qqq')), 'bbb', toUInt8(equals(d_p_name, 'ccc')), 'nn', toUInt8(equals(d_p_name, 'ccc')), 'nn', NULL)))", "Removes Filter": true, "Expression": {"Inputs": [{"Name": "d_p_name", "Type": "Nullable(String)"}], "Actions": [{"Node Type": "INPUT", "Result Type": "INPUT", "Arguments": [0], "Removed Arguments": [], "Result": 0}, {"Node Type": "COLUMN", "Result Type": "COLUMN", "Column": "Const(String)", "Arguments": [], "Removed Arguments": [], "Result": 1}, {"Node Type": "COLUMN", "Result Type": "COLUMN", "Column": "Const(String)", "Arguments": [], "Removed Arguments": [], "Result": 2}, {"Node Type": "COLUMN", "Result Type": "COLUMN", "Column": "Const(String)", "Arguments": [], "Removed Arguments": [], "Result": 3}, {"Node Type": "COLUMN", "Result Type": "COLUMN", "Column": "Const(String)", "Arguments": [], "Removed Arguments": [], "Result": 4}, {"Node Type": "COLUMN", "Result Type": "COLUMN", "Column": "Const(String)", "Arguments": [], "Removed Arguments": [], "Result": 5}, {"Node Type": "COLUMN", "Result Type": "COLUMN", "Column": "Const(String)", "Arguments": [], "Removed Arguments": [], "Result": 6}, {"Node Type": "COLUMN", "Result Type": "COLUMN", "Column": "Const(String)", "Arguments": [], "Removed Arguments": [], "Result": 7}, {"Node Type": "COLUMN", "Result Type": "COLUMN", "Column": "Const(String)", "Arguments": [], "Removed Arguments": [], "Result": 8}, {"Node Type": "COLUMN", "Result Type": "COLUMN", "Column": "Const(String)", "Arguments": [], "Removed Arguments": [], "Result": 9}, {"Node Type": "COLUMN", "Result Type": "COLUMN", "Column": "Const(String)", "Arguments": [], "Removed Arguments": [], "Result": 10}, {"Node Type": "COLUMN", "Result Type": "COLUMN", "Column": "Const(String)", "Arguments": [], "Removed Arguments": [], "Result": 11}, {"Node Type": "COLUMN", "Result Type": "COLUMN", "Column": "Const(String)", "Arguments": [], "Removed Arguments": [], "Result": 12}, {"Node Type": "COLUMN", "Result Type": "COLUMN", "Column": "Const(String)", "Arguments": [], "Removed Arguments": [], "Result": 13}, {"Node Type": "COLUMN", "Result Type": "COLUMN", "Column": "Const(String)", "Arguments": [], "Removed Arguments": [], "Result": 14}, {"Node Type": "COLUMN", "Result Type": "COLUMN", "Column": "Const(String)", "Arguments": [], "Removed Arguments": [], "Result": 15}, {"Node Type": "COLUMN", "Result Type": "COLUMN", "Column": "Const(String)", "Arguments": [], "Removed Arguments": [], "Result": 16}, {"Node Type": "COLUMN", "Result Type": "COLUMN", "Column": "Const(String)", "Arguments": [], "Removed Arguments": [], "Result": 17}, {"Node Type": "COLUMN", "Result Type": "COLUMN", "Column": "Const(String)", "Arguments": [], "Removed Arguments": [], "Result": 18}, {"Node Type": "COLUMN", "Result Type": "COLUMN", "Column": "Const(String)", "Arguments": [], "Removed Arguments": [], "Result": 19}, {"Node Type": "COLUMN", "Result Type": "COLUMN", "Column": "Const(String)", "Arguments": [], "Removed Arguments": [], "Result": 20}, {"Node Type": "COLUMN", "Result Type": "COLUMN", "Column": "Const(String)", "Arguments": [], "Removed Arguments": [], "Result": 21}, {"Node Type": "COLUMN", "Result Type": "COLUMN", "Column": "Const(String)", "Arguments": [], "Removed Arguments": [], "Result": 22}, {"Node Type": "COLUMN", "Result Type": "COLUMN", "Column": "Const(String)", "Arguments": [], "Removed Arguments": [], "Result": 23}, {"Node Type": "COLUMN", "Result Type": "COLUMN", "Column": "Const(String)", "Arguments": [], "Removed Arguments": [], "Result": 24}, {"Node Type": "COLUMN", "Result Type": "COLUMN", "Column": "Const(String)", "Arguments": [], "Removed Arguments": [], "Result": 25}, {"Node Type": "COLUMN", "Result Type": "COLUMN", "Column": "Const(String)", "Arguments": [], "Removed Arguments": [], "Result": 26}, {"Node Type": "COLUMN", "Result Type": "COLUMN", "Column": "Const(String)", "Arguments": [], "Removed Arguments": [], "Result": 27}, {"Node Type": "COLUMN", "Result Type": "COLUMN", "Column": "Const(String)", "Arguments": [], "Removed Arguments": [], "Result": 28}, {"Node Type": "COLUMN", "Result Type": "COLUMN", "Column": "Const(String)", "Arguments": [], "Removed Arguments": [], "Result": 29}, {"Node Type": "COLUMN", "Result Type": "COLUMN", "Column": "Const(String)", "Arguments": [], "Removed Arguments": [], "Result": 30}, {"Node Type": "COLUMN", "Result Type": "COLUMN", "Column": "Const(String)", "Arguments": [], "Removed Arguments": [], "Result": 31}, {"Node Type": "COLUMN", "Result Type": "COLUMN", "Column": "Const(String)", "Arguments": [], "Removed Arguments": [], "Result": 32}, {"Node Type": "COLUMN", "Result Type": "COLUMN", "Column": "Const(String)", "Arguments": [], "Removed Arguments": [], "Result": 33}, {"Node Type": "COLUMN", "Result Type": "COLUMN", "Column": "Const(String)", "Arguments": [], "Removed Arguments": [], "Result": 34}, {"Node Type": "COLUMN", "Result Type": "COLUMN", "Column": "Const(String)", "Arguments": [], "Removed Arguments": [], "Result": 35}, {"Node Type": "COLUMN", "Result Type": "COLUMN", "Column": "Const(String)", "Arguments": [], "Removed Arguments": [], "Result": 36}, {"Node Type": "COLUMN", "Result Type": "COLUMN", "Column": "Const(String)", "Arguments": [], "Removed Arguments": [], "Result": 37}, {"Node Type": "COLUMN", "Result Type": "COLUMN", "Column": "Const(String)", "Arguments": [], "Removed Arguments": [], "Result": 38}, {"Node Type": "COLUMN", "Result Type": "COLUMN", "Column": "Const(String)", "Arguments": [], "Removed Arguments": [], "Result": 39}, {"Node Type": "COLUMN", "Result Type": "COLUMN", "Column": "Const(String)", "Arguments": [], "Removed Arguments": [], "Result": 40}, {"Node Type": "COLUMN", "Result Type": "COLUMN", "Column": "Const(String)", "Arguments": [], "Removed Arguments": [], "Result": 41}, {"Node Type": "COLUMN", "Result Type": "COLUMN", "Column": "Const(String)", "Arguments": [], "Removed Arguments": [], "Result": 42}, {"Node Type": "COLUMN", "Result Type": "COLUMN", "Column": "Const(String)", "Arguments": [], "Removed Arguments": [], "Result": 43}, {"Node Type": "COLUMN", "Result Type": "COLUMN", "Column": "Const(String)", "Arguments": [], "Removed Arguments": [], "Result": 44}, {"Node Type": "COLUMN", "Result Type": "COLUMN", "Column": "Const(String)", "Arguments": [], "Removed Arguments": [], "Result": 45}, {"Node Type": "COLUMN", "Result Type": "COLUMN", "Column": "Const(Nullable(Nothing))", "Arguments": [], "Removed Arguments": [], "Result": 46}, {"Node Type": "COLUMN", "Result Type": "COLUMN", "Column": "Const(Set)", "Arguments": [], "Removed Arguments": [], "Result": 47}, {"Node Type": "FUNCTION", "Result Type": "FUNCTION", "Function": "equals", "Compiled": false, "Arguments": [0, 1], "Removed Arguments": [1], "Result": 48}, {"Node Type": "FUNCTION", "Result Type": "FUNCTION", "Function": "equals", "Compiled": false, "Arguments": [0, 3], "Removed Arguments": [3], "Result": 1}, {"Node Type": "FUNCTION", "Result Type": "FUNCTION", "Function": "equals", "Compiled": false, "Arguments": [0, 5], "Removed Arguments": [], "Result": 3}, {"Node Type": "FUNCTION", "Result Type": "FUNCTION", "Function": "equals", "Compiled": false, "Arguments": [0, 6], "Removed Arguments": [6], "Result": 49}, {"Node Type": "FUNCTION", "Result Type": "FUNCTION", "Function": "equals", "Compiled": false, "Arguments": [0, 7], "Removed Arguments": [7], "Result": 6}, {"Node Type": "FUNCTION", "Result Type": "FUNCTION", "Function": "equals", "Compiled": false, "Arguments": [0, 8], "Removed Arguments": [], "Result": 7}, {"Node Type": "FUNCTION", "Result Type": "FUNCTION", "Function": "equals", "Compiled": false, "Arguments": [0, 9], "Removed Arguments": [9], "Result": 50}, {"Node Type": "FUNCTION", "Result Type": "FUNCTION", "Function": "equals", "Compiled": false, "Arguments": [0, 10], "Removed Arguments": [10], "Result": 9}, {"Node Type": "FUNCTION", "Result Type": "FUNCTION", "Function": "equals", "Compiled": false, "Arguments": [0, 12], "Removed Arguments": [12], "Result": 10}, {"Node Type": "FUNCTION", "Result Type": "FUNCTION", "Function": "equals", "Compiled": false, "Arguments": [0, 13], "Removed Arguments": [], "Result": 12}, {"Node Type": "FUNCTION", "Result Type": "FUNCTION", "Function": "equals", "Compiled": false, "Arguments": [0, 14], "Removed Arguments": [14], "Result": 51}, {"Node Type": "FUNCTION", "Result Type": "FUNCTION", "Function": "equals", "Compiled": false, "Arguments": [0, 15], "Removed Arguments": [15], "Result": 14}, {"Node Type": "FUNCTION", "Result Type": "FUNCTION", "Function": "equals", "Compiled": false, "Arguments": [0, 16], "Removed Arguments": [16], "Result": 15}, {"Node Type": "FUNCTION", "Result Type": "FUNCTION", "Function": "equals", "Compiled": false, "Arguments": [0, 18], "Removed Arguments": [18], "Result": 16}, {"Node Type": "FUNCTION", "Result Type": "FUNCTION", "Function": "equals", "Compiled": false, "Arguments": [0, 19], "Removed Arguments": [19], "Result": 18}, {"Node Type": "FUNCTION", "Result Type": "FUNCTION", "Function": "equals", "Compiled": false, "Arguments": [0, 21], "Removed Arguments": [21], "Result": 19}, {"Node Type": "FUNCTION", "Result Type": "FUNCTION", "Function": "equals", "Compiled": false, "Arguments": [0, 22], "Removed Arguments": [22], "Result": 21}, {"Node Type": "FUNCTION", "Result Type": "FUNCTION", "Function": "equals", "Compiled": false, "Arguments": [0, 23], "Removed Arguments": [23], "Result": 22}, {"Node Type": "FUNCTION", "Result Type": "FUNCTION", "Function": "equals", "Compiled": false, "Arguments": [0, 24], "Removed Arguments": [24], "Result": 23}, {"Node Type": "FUNCTION", "Result Type": "FUNCTION", "Function": "equals", "Compiled": false, "Arguments": [0, 26], "Removed Arguments": [26], "Result": 24}, {"Node Type": "FUNCTION", "Result Type": "FUNCTION", "Function": "equals", "Compiled": false, "Arguments": [0, 27], "Removed Arguments": [27], "Result": 26}, {"Node Type": "FUNCTION", "Result Type": "FUNCTION", "Function": "equals", "Compiled": false, "Arguments": [0, 29], "Removed Arguments": [29], "Result": 27}, {"Node Type": "FUNCTION", "Result Type": "FUNCTION", "Function": "equals", "Compiled": false, "Arguments": [0, 30], "Removed Arguments": [30], "Result": 29}, {"Node Type": "FUNCTION", "Result Type": "FUNCTION", "Function": "equals", "Compiled": false, "Arguments": [0, 31], "Removed Arguments": [31], "Result": 30}, {"Node Type": "FUNCTION", "Result Type": "FUNCTION", "Function": "equals", "Compiled": false, "Arguments": [0, 32], "Removed Arguments": [32], "Result": 31}, {"Node Type": "FUNCTION", "Result Type": "FUNCTION", "Function": "equals", "Compiled": false, "Arguments": [0, 33], "Removed Arguments": [33], "Result": 32}, {"Node Type": "FUNCTION", "Result Type": "FUNCTION", "Function": "equals", "Compiled": false, "Arguments": [0, 34], "Removed Arguments": [], "Result": 33}, {"Node Type": "FUNCTION", "Result Type": "FUNCTION", "Function": "equals", "Compiled": false, "Arguments": [0, 35], "Removed Arguments": [35], "Result": 52}, {"Node Type": "FUNCTION", "Result Type": "FUNCTION", "Function": "equals", "Compiled": false, "Arguments": [0, 36], "Removed Arguments": [36], "Result": 35}, {"Node Type": "FUNCTION", "Result Type": "FUNCTION", "Function": "equals", "Compiled": false, "Arguments": [0, 37], "Removed Arguments": [37], "Result": 36}, {"Node Type": "FUNCTION", "Result Type": "FUNCTION", "Function": "equals", "Compiled": false, "Arguments": [0, 38], "Removed Arguments": [38], "Result": 37}, {"Node Type": "FUNCTION", "Result Type": "FUNCTION", "Function": "equals", "Compiled": false, "Arguments": [0, 39], "Removed Arguments": [39], "Result": 38}, {"Node Type": "FUNCTION", "Result Type": "FUNCTION", "Function": "equals", "Compiled": false, "Arguments": [0, 41], "Removed Arguments": [41], "Result": 39}, {"Node Type": "FUNCTION", "Result Type": "FUNCTION", "Function": "equals", "Compiled": false, "Arguments": [0, 42], "Removed Arguments": [42], "Result": 41}, {"Node Type": "FUNCTION", "Result Type": "FUNCTION", "Function": "equals", "Compiled": false, "Arguments": [0, 43], "Removed Arguments": [43], "Result": 42}, {"Node Type": "FUNCTION", "Result Type": "FUNCTION", "Function": "equals", "Compiled": false, "Arguments": [0, 44], "Removed Arguments": [44], "Result": 43}, {"Node Type": "FUNCTION", "Result Type": "FUNCTION", "Function": "equals", "Compiled": false, "Arguments": [0, 45], "Removed Arguments": [0, 45], "Result": 44}, {"Node Type": "FUNCTION", "Result Type": "FUNCTION", "Function": "toUInt8", "Compiled": false, "Arguments": [48], "Removed Arguments": [48], "Result": 45}, {"Node Type": "FUNCTION", "Result Type": "FUNCTION", "Function": "toUInt8", "Compiled": false, "Arguments": [1], "Removed Arguments": [1], "Result": 48}, {"Node Type": "FUNCTION", "Result Type": "FUNCTION", "Function": "toUInt8", "Compiled": false, "Arguments": [3], "Removed Arguments": [3], "Result": 1}, {"Node Type": "FUNCTION", "Result Type": "FUNCTION", "Function": "toUInt8", "Compiled": false, "Arguments": [49], "Removed Arguments": [49], "Result": 3}, {"Node Type": "FUNCTION", "Result Type": "FUNCTION", "Function": "toUInt8", "Compiled": false, "Arguments": [6], "Removed Arguments": [6], "Result": 49}, {"Node Type": "FUNCTION", "Result Type": "FUNCTION", "Function": "toUInt8", "Compiled": false, "Arguments": [7], "Removed Arguments": [7], "Result": 6}, {"Node Type": "FUNCTION", "Result Type": "FUNCTION", "Function": "toUInt8", "Compiled": false, "Arguments": [50], "Removed Arguments": [50], "Result": 7}, {"Node Type": "FUNCTION", "Result Type": "FUNCTION", "Function": "toUInt8", "Compiled": false, "Arguments": [9], "Removed Arguments": [9], "Result": 50}, {"Node Type": "FUNCTION", "Result Type": "FUNCTION", "Function": "toUInt8", "Compiled": false, "Arguments": [10], "Removed Arguments": [10], "Result": 9}, {"Node Type": "FUNCTION", "Result Type": "FUNCTION", "Function": "toUInt8", "Compiled": false, "Arguments": [12], "Removed Arguments": [12], "Result": 10}, {"Node Type": "FUNCTION", "Result Type": "FUNCTION", "Function": "toUInt8", "Compiled": false, "Arguments": [51], "Removed Arguments": [51], "Result": 12}, {"Node Type": "FUNCTION", "Result Type": "FUNCTION", "Function": "toUInt8", "Compiled": false, "Arguments": [14], "Removed Arguments": [14], "Result": 51}, {"Node Type": "FUNCTION", "Result Type": "FUNCTION", "Function": "toUInt8", "Compiled": false, "Arguments": [15], "Removed Arguments": [15], "Result": 14}, {"Node Type": "FUNCTION", "Result Type": "FUNCTION", "Function": "toUInt8", "Compiled": false, "Arguments": [16], "Removed Arguments": [16], "Result": 15}, {"Node Type": "FUNCTION", "Result Type": "FUNCTION", "Function": "toUInt8", "Compiled": false, "Arguments": [18], "Removed Arguments": [18], "Result": 16}, {"Node Type": "FUNCTION", "Result Type": "FUNCTION", "Function": "toUInt8", "Compiled": false, "Arguments": [19], "Removed Arguments": [19], "Result": 18}, {"Node Type": "FUNCTION", "Result Type": "FUNCTION", "Function": "toUInt8", "Compiled": false, "Arguments": [21], "Removed Arguments": [21], "Result": 19}, {"Node Type": "FUNCTION", "Result Type": "FUNCTION", "Function": "toUInt8", "Compiled": false, "Arguments": [22], "Removed Arguments": [22], "Result": 21}, {"Node Type": "FUNCTION", "Result Type": "FUNCTION", "Function": "toUInt8", "Compiled": false, "Arguments": [23], "Removed Arguments": [23], "Result": 22}, {"Node Type": "FUNCTION", "Result Type": "FUNCTION", "Function": "toUInt8", "Compiled": false, "Arguments": [24], "Removed Arguments": [24], "Result": 23}, {"Node Type": "FUNCTION", "Result Type": "FUNCTION", "Function": "toUInt8", "Compiled": false, "Arguments": [26], "Removed Arguments": [26], "Result": 24}, {"Node Type": "FUNCTION", "Result Type": "FUNCTION", "Function": "toUInt8", "Compiled": false, "Arguments": [27], "Removed Arguments": [27], "Result": 26}, {"Node Type": "FUNCTION", "Result Type": "FUNCTION", "Function": "toUInt8", "Compiled": false, "Arguments": [29], "Removed Arguments": [29], "Result": 27}, {"Node Type": "FUNCTION", "Result Type": "FUNCTION", "Function": "toUInt8", "Compiled": false, "Arguments": [30], "Removed Arguments": [30], "Result": 29}, {"Node Type": "FUNCTION", "Result Type": "FUNCTION", "Function": "toUInt8", "Compiled": false, "Arguments": [31], "Removed Arguments": [31], "Result": 30}, {"Node Type": "FUNCTION", "Result Type": "FUNCTION", "Function": "toUInt8", "Compiled": false, "Arguments": [32], "Removed Arguments": [32], "Result": 31}, {"Node Type": "FUNCTION", "Result Type": "FUNCTION", "Function": "toUInt8", "Compiled": false, "Arguments": [33], "Removed Arguments": [33], "Result": 32}, {"Node Type": "FUNCTION", "Result Type": "FUNCTION", "Function": "toUInt8", "Compiled": false, "Arguments": [52], "Removed Arguments": [52], "Result": 33}, {"Node Type": "FUNCTION", "Result Type": "FUNCTION", "Function": "toUInt8", "Compiled": false, "Arguments": [35], "Removed Arguments": [35], "Result": 52}, {"Node Type": "FUNCTION", "Result Type": "FUNCTION", "Function": "toUInt8", "Compiled": false, "Arguments": [36], "Removed Arguments": [36], "Result": 35}, {"Node Type": "FUNCTION", "Result Type": "FUNCTION", "Function": "toUInt8", "Compiled": false, "Arguments": [37], "Removed Arguments": [37], "Result": 36}, {"Node Type": "FUNCTION", "Result Type": "FUNCTION", "Function": "toUInt8", "Compiled": false, "Arguments": [38], "Removed Arguments": [38], "Result": 37}, {"Node Type": "FUNCTION", "Result Type": "FUNCTION", "Function": "toUInt8", "Compiled": false, "Arguments": [39], "Removed Arguments": [39], "Result": 38}, {"Node Type": "FUNCTION", "Result Type": "FUNCTION", "Function": "toUInt8", "Compiled": false, "Arguments": [41], "Removed Arguments": [41], "Result": 39}, {"Node Type": "FUNCTION", "Result Type": "FUNCTION", "Function": "toUInt8", "Compiled": false, "Arguments": [42], "Removed Arguments": [42], "Result": 41}, {"Node Type": "FUNCTION", "Result Type": "FUNCTION", "Function": "toUInt8", "Compiled": false, "Arguments": [43], "Removed Arguments": [43], "Result": 42}, {"Node Type": "FUNCTION", "Result Type": "FUNCTION", "Function": "toUInt8", "Compiled": false, "Arguments": [44], "Removed Arguments": [44], "Result": 43}, {"Node Type": "FUNCTION", "Result Type": "FUNCTION", "Function": "multiIf", "Compiled": false, "Arguments": [45, 2, 45, 2, 45, 2, 48, 4, 1, 4, 1, 4, 3, 4, 48, 4, 49, 4, 3, 4, 6, 4, 7, 4, 6, 4, 3, 4, 50, 11, 9, 11, 9, 11, 10, 11, 12, 11, 51, 11, 14, 17, 15, 17, 16, 20, 18, 20, 19, 20, 21, 20, 16, 20, 22, 25, 22, 25, 23, 25, 24, 28, 26, 28, 27, 28, 29, 28, 30, 28, 31, 28, 32, 34, 33, 34, 33, 34, 32, 34, 52, 34, 35, 13, 36, 13, 37, 40, 6, 40, 38, 8, 39, 8, 41, 5, 42, 5, 43, 5, 43, 5, 6, 2, 6, 2, 46], "Removed Arguments": [45, 1, 48, 49, 7, 3, 4, 50, 9, 10, 12, 51, 11, 14, 15, 17, 18, 19, 21, 16, 20, 22, 23, 25, 24, 26, 27, 29, 30, 31, 28, 33, 32, 52, 34, 35, 36, 13, 37, 40, 38, 39, 8, 41, 42, 43, 5, 6, 2, 46], "Result": 44}, {"Node Type": "FUNCTION", "Result Type": "FUNCTION", "Function": "notIn", "Compiled": false, "Arguments": [44, 47], "Removed Arguments": [47], "Result": 46}, {"Node Type": "FUNCTION", "Result Type": "FUNCTION", "Function": "isNotNull", "Compiled": false, "Arguments": [44], "Removed Arguments": [], "Result": 47}, {"Node Type": "FUNCTION", "Result Type": "FUNCTION", "Function": "and", "Compiled": false, "Arguments": [46, 47], "Removed Arguments": [46, 47], "Result": 2}], "Outputs": [{"Name": "multiIf(toUInt8(equals(d_p_name, 'aaa')), 'nn', toUInt8(equals(d_p_name, 'aaa')), 'nn', toUInt8(equals(d_p_name, 'aaa')), 'nn', toUInt8(equals(d_p_name, 'bbb ')), 'ttt', toUInt8(equals(d_p_name, 'bbb')), 'ttt', toUInt8(equals(d_p_name, 'bbb')), 'ttt', toUInt8(equals(d_p_name, 'ddd')), 'ttt', toUInt8(equals(d_p_name, 'bbb ')), 'ttt', toUInt8(equals(d_p_name, 'bbb  ttt')), 'ttt', toUInt8(equals(d_p_name, 'ddd')), 'ttt', toUInt8(equals(d_p_name, 'ccc')), 'ttt', toUInt8(equals(d_p_name, 'ccc ')), 'ttt', toUInt8(equals(d_p_name, 'ccc')), 'ttt', toUInt8(equals(d_p_name, 'ddd')), 'ttt', toUInt8(equals(d_p_name, 'iii')), 'nnn', toUInt8(equals(d_p_name, 'ppp')), 'nnn', toUInt8(equals(d_p_name, 'ppp')), 'nnn', toUInt8(equals(d_p_name, 'kkk')), 'nnn', toUInt8(equals(d_p_name, 'fff5')), 'nnn', toUInt8(equals(d_p_name, 'fff5 hhh')), 'nnn', toUInt8(equals(d_p_name, 'eee4')), 'vvv', toUInt8(equals(d_p_name, 'eee')), 'vvv', toUInt8(equals(d_p_name, 'hhh')), 'mmm', toUInt8(equals(d_p_name, 'hhh ')), 'mmm', toUInt8(equals(d_p_name, 'ggg')), 'mmm', toUInt8(equals(d_p_name, 'ggg ')), 'mmm', toUInt8(equals(d_p_name, 'hhh')), 'mmm', toUInt8(equals(d_p_name, 'hh')), 'jj', toUInt8(equals(d_p_name, 'hh')), 'jj', toUInt8(equals(d_p_name, 'gg')), 'jj', toUInt8(equals(d_p_name, ' mm')), 'mm', toUInt8(equals(d_p_name, 'ff')), 'mm', toUInt8(equals(d_p_name, 'ee')), 'mm', toUInt8(equals(d_p_name, 'dd')), 'mm', toUInt8(equals(d_p_name, 'cc')), 'mm', toUInt8(equals(d_p_name, 'bb')), 'mm', toUInt8(equals(d_p_name, 'aa')), 'aa', toUInt8(equals(d_p_name, 'zzz')), 'aa', toUInt8(equals(d_p_name, 'zzz')), 'aa', toUInt8(equals(d_p_name, 'aa')), 'aa', toUInt8(equals(d_p_name, 'sss')), 'aa', toUInt8(equals(d_p_name, 'yyy')), 'kkk', toUInt8(equals(d_p_name, 'yyy ')), 'kkk', toUInt8(equals(d_p_name, 'uuu')), 'lll', toUInt8(equals(d_p_name, 'ccc')), 'lll', toUInt8(equals(d_p_name, ' ccc')), 'ccc', toUInt8(equals(d_p_name, ' ccc ')), 'ccc', toUInt8(equals(d_p_name, ' bbb')), 'bbb', toUInt8(equals(d_p_name, 'www')), 'bbb', toUInt8(equals(d_p_name, 'qqq')), 'bbb', toUInt8(equals(d_p_name, 'qqq')), 'bbb', toUInt8(equals(d_p_name, 'ccc')), 'nn', toUInt8(equals(d_p_name, 'ccc')), 'nn', NULL)", "Type": "Nullable(String)"}, {"Name": "and(notIn(multiIf(toUInt8(equals(d_p_name, 'aaa')), 'nn', toUInt8(equals(d_p_name, 'aaa')), 'nn', toUInt8(equals(d_p_name, 'aaa')), 'nn', toUInt8(equals(d_p_name, 'bbb ')), 'ttt', toUInt8(equals(d_p_name, 'bbb')), 'ttt', toUInt8(equals(d_p_name, 'bbb')), 'ttt', toUInt8(equals(d_p_name, 'ddd')), 'ttt', toUInt8(equals(d_p_name, 'bbb ')), 'ttt', toUInt8(equals(d_p_name, 'bbb  ttt')), 'ttt', toUInt8(equals(d_p_name, 'ddd')), 'ttt', toUInt8(equals(d_p_name, 'ccc')), 'ttt', toUInt8(equals(d_p_name, 'ccc ')), 'ttt', toUInt8(equals(d_p_name, 'ccc')), 'ttt', toUInt8(equals(d_p_name, 'ddd')), 'ttt', toUInt8(equals(d_p_name, 'iii')), 'nnn', toUInt8(equals(d_p_name, 'ppp')), 'nnn', toUInt8(equals(d_p_name, 'ppp')), 'nnn', toUInt8(equals(d_p_name, 'kkk')), 'nnn', toUInt8(equals(d_p_name, 'fff5')), 'nnn', toUInt8(equals(d_p_name, 'fff5 hhh')), 'nnn', toUInt8(equals(d_p_name, 'eee4')), 'vvv', toUInt8(equals(d_p_name, 'eee')), 'vvv', toUInt8(equals(d_p_name, 'hhh')), 'mmm', toUInt8(equals(d_p_name, 'hhh ')), 'mmm', toUInt8(equals(d_p_name, 'ggg')), 'mmm', toUInt8(equals(d_p_name, 'ggg ')), 'mmm', toUInt8(equals(d_p_name, 'hhh')), 'mmm', toUInt8(equals(d_p_name, 'hh')), 'jj', toUInt8(equals(d_p_name, 'hh')), 'jj', toUInt8(equals(d_p_name, 'gg')), 'jj', toUInt8(equals(d_p_name, ' mm')), 'mm', toUInt8(equals(d_p_name, 'ff')), 'mm', toUInt8(equals(d_p_name, 'ee')), 'mm', toUInt8(equals(d_p_name, 'dd')), 'mm', toUInt8(equals(d_p_name, 'cc')), 'mm', toUInt8(equals(d_p_name, 'bb')), 'mm', toUInt8(equals(d_p_name, 'aa')), 'aa', toUInt8(equals(d_p_name, 'zzz')), 'aa', toUInt8(equals(d_p_name, 'zzz')), 'aa', toUInt8(equals(d_p_name, 'aa')), 'aa', toUInt8(equals(d_p_name, 'sss')), 'aa', toUInt8(equals(d_p_name, 'yyy')), 'kkk', toUInt8(equals(d_p_name, 'yyy ')), 'kkk', toUInt8(equals(d_p_name, 'uuu')), 'lll', toUInt8(equals(d_p_name, 'ccc')), 'lll', toUInt8(equals(d_p_name, ' ccc')), 'ccc', toUInt8(equals(d_p_name, ' ccc ')), 'ccc', toUInt8(equals(d_p_name, ' bbb')), 'bbb', toUInt8(equals(d_p_name, 'www')), 'bbb', toUInt8(equals(d_p_name, 'qqq')), 'bbb', toUInt8(equals(d_p_name, 'qqq')), 'bbb', toUInt8(equals(d_p_name, 'ccc')), 'nn', toUInt8(equals(d_p_name, 'ccc')), 'nn', NULL), ''), isNotNull(multiIf(toUInt8(equals(d_p_name, 'aaa')), 'nn', toUInt8(equals(d_p_name, 'aaa')), 'nn', toUInt8(equals(d_p_name, 'aaa')), 'nn', toUInt8(equals(d_p_name, 'bbb ')), 'ttt', toUInt8(equals(d_p_name, 'bbb')), 'ttt', toUInt8(equals(d_p_name, 'bbb')), 'ttt', toUInt8(equals(d_p_name, 'ddd')), 'ttt', toUInt8(equals(d_p_name, 'bbb ')), 'ttt', toUInt8(equals(d_p_name, 'bbb  ttt')), 'ttt', toUInt8(equals(d_p_name, 'ddd')), 'ttt', toUInt8(equals(d_p_name, 'ccc')), 'ttt', toUInt8(equals(d_p_name, 'ccc ')), 'ttt', toUInt8(equals(d_p_name, 'ccc')), 'ttt', toUInt8(equals(d_p_name, 'ddd')), 'ttt', toUInt8(equals(d_p_name, 'iii')), 'nnn', toUInt8(equals(d_p_name, 'ppp')), 'nnn', toUInt8(equals(d_p_name, 'ppp')), 'nnn', toUInt8(equals(d_p_name, 'kkk')), 'nnn', toUInt8(equals(d_p_name, 'fff5')), 'nnn', toUInt8(equals(d_p_name, 'fff5 hhh')), 'nnn', toUInt8(equals(d_p_name, 'eee4')), 'vvv', toUInt8(equals(d_p_name, 'eee')), 'vvv', toUInt8(equals(d_p_name, 'hhh')), 'mmm', toUInt8(equals(d_p_name, 'hhh ')), 'mmm', toUInt8(equals(d_p_name, 'ggg')), 'mmm', toUInt8(equals(d_p_name, 'ggg ')), 'mmm', toUInt8(equals(d_p_name, 'hhh')), 'mmm', toUInt8(equals(d_p_name, 'hh')), 'jj', toUInt8(equals(d_p_name, 'hh')), 'jj', toUInt8(equals(d_p_name, 'gg')), 'jj', toUInt8(equals(d_p_name, ' mm')), 'mm', toUInt8(equals(d_p_name, 'ff')), 'mm', toUInt8(equals(d_p_name, 'ee')), 'mm', toUInt8(equals(d_p_name, 'dd')), 'mm', toUInt8(equals(d_p_name, 'cc')), 'mm', toUInt8(equals(d_p_name, 'bb')), 'mm', toUInt8(equals(d_p_name, 'aa')), 'aa', toUInt8(equals(d_p_name, 'zzz')), 'aa', toUInt8(equals(d_p_name, 'zzz')), 'aa', toUInt8(equals(d_p_name, 'aa')), 'aa', toUInt8(equals(d_p_name, 'sss')), 'aa', toUInt8(equals(d_p_name, 'yyy')), 'kkk', toUInt8(equals(d_p_name, 'yyy ')), 'kkk', toUInt8(equals(d_p_name, 'uuu')), 'lll', toUInt8(equals(d_p_name, 'ccc')), 'lll', toUInt8(equals(d_p_name, ' ccc')), 'ccc', toUInt8(equals(d_p_name, ' ccc ')), 'ccc', toUInt8(equals(d_p_name, ' bbb')), 'bbb', toUInt8(equals(d_p_name, 'www')), 'bbb', toUInt8(equals(d_p_name, 'qqq')), 'bbb', toUInt8(equals(d_p_name, 'qqq')), 'bbb', toUInt8(equals(d_p_name, 'ccc')), 'nn', toUInt8(equals(d_p_name, 'ccc')), 'nn', NULL)))", "Type": "Nullable(UInt8)"}], "Positions": [44, 2], "Project Input": true}, "Plans": [{"Node Type": "SettingQuotaAndLimits", "Description": "Set limits and quota after reading from storage", "Header": [{"Name": "d_p_name", "Type": "Nullable(String)"}], "Plans": [{"Node Type": "ReadFromMergeTree", "Header": [{"Name": "d_p_name", "Type": "Nullable(String)"}], "Read Type": "Default", "Parts": 11, "Granules": 11}]}]}]}}]