[{"Plan": {"Node Type": "Expression", "Description": "(Projection + Before ORDER BY)", "Header": [{"Name": "__fcol_", "Type": "Nullable(String)"}, {"Name": "__fcol_45", "Type": "Date"}, {"Name": "__fcol_49", "Type": "Nullable(String)"}], "Expression": {"Inputs": [{"Name": "multiIf(toUInt8(equals(d_p_name, 'aaa')), 'nn', toUInt8(equals(d_p_name, 'aaa')), 'nn', toUInt8(equals(d_p_name, 'aaa')), 'nn', toUInt8(equals(d_p_name, 'bbb ')), 'ttt', toUInt8(equals(d_p_name, 'bbb')), 'ttt', toUInt8(equals(d_p_name, 'bbb')), 'ttt', toUInt8(equals(d_p_name, 'ddd')), 'ttt', toUInt8(equals(d_p_name, 'bbb ')), 'ttt', toUInt8(equals(d_p_name, 'bbb  ttt')), 'ttt', toUInt8(equals(d_p_name, 'ddd')), 'ttt', toUInt8(equals(d_p_name, 'ccc')), 'ttt', toUInt8(equals(d_p_name, 'ccc ')), 'ttt', toUInt8(equals(d_p_name, 'ccc')), 'ttt', toUInt8(equals(d_p_name, 'ddd')), 'ttt', toUInt8(equals(d_p_name, 'iii')), 'nnn', toUInt8(equals(d_p_name, 'ppp')), 'nnn', toUInt8(equals(d_p_name, 'ppp')), 'nnn', toUInt8(equals(d_p_name, 'kkk')), 'nnn', toUInt8(equals(d_p_name, 'fff5')), 'nnn', toUInt8(equals(d_p_name, 'fff5 hhh')), 'nnn', toUInt8(equals(d_p_name, 'eee4')), 'vvv', toUInt8(equals(d_p_name, 'eee')), 'vvv', toUInt8(equals(d_p_name, 'hhh')), 'mmm', toUInt8(equals(d_p_name, 'hhh ')), 'mmm', toUInt8(equals(d_p_name, 'ggg')), 'mmm', toUInt8(equals(d_p_name, 'ggg ')), 'mmm', toUInt8(equals(d_p_name, 'hhh')), 'mmm', toUInt8(equals(d_p_name, 'hh')), 'jj', toUInt8(equals(d_p_name, 'hh')), 'jj', toUInt8(equals(d_p_name, 'gg')), 'jj', toUInt8(equals(d_p_name, ' mm')), 'mm', toUInt8(equals(d_p_name, 'ff')), 'mm', toUInt8(equals(d_p_name, 'ee')), 'mm', toUInt8(equals(d_p_name, 'dd')), 'mm', toUInt8(equals(d_p_name, 'cc')), 'mm', toUInt8(equals(d_p_name, 'bb')), 'mm', toUInt8(equals(d_p_name, 'aa')), 'aa', toUInt8(equals(d_p_name, 'zzz')), 'aa', toUInt8(equals(d_p_name, 'zzz')), 'aa', toUInt8(equals(d_p_name, 'aa')), 'aa', toUInt8(equals(d_p_name, 'sss')), 'aa', toUInt8(equals(d_p_name, 'yyy')), 'kkk', toUInt8(equals(d_p_name, 'yyy ')), 'kkk', toUInt8(equals(d_p_name, 'uuu')), 'lll', toUInt8(equals(d_p_name, 'ccc')), 'lll', toUInt8(equals(d_p_name, ' ccc')), 'ccc', toUInt8(equals(d_p_name, ' ccc ')), 'ccc', toUInt8(equals(d_p_name, ' bbb')), 'bbb', toUInt8(equals(d_p_name, 'www')), 'bbb', toUInt8(equals(d_p_name, 'qqq')), 'bbb', toUInt8(equals(d_p_name, 'qqq')), 'bbb', toUInt8(equals(d_p_name, 'ccc')), 'nn', toUInt8(equals(d_p_name, 'ccc')), 'nn', NULL)", "Type": "Nullable(String)"}, {"Name": "d_p_name", "Type": "Nullable(String)"}, {"Name": "pt_d", "Type": "Date"}], "Actions": [{"Node Type": "INPUT", "Result Type": "INPUT", "Arguments": [0], "Removed Arguments": [], "Result": 0}, {"Node Type": "INPUT", "Result Type": "INPUT", "Arguments": [1], "Removed Arguments": [], "Result": 1}, {"Node Type": "INPUT", "Result Type": "INPUT", "Arguments": [2], "Removed Arguments": [], "Result": 2}, {"Node Type": "ALIAS", "Result Type": "ALIAS", "Arguments": [0], "Removed Arguments": [0], "Result": 3}, {"Node Type": "ALIAS", "Result Type": "ALIAS", "Arguments": [1], "Removed Arguments": [1], "Result": 0}, {"Node Type": "ALIAS", "Result Type": "ALIAS", "Arguments": [2], "Removed Arguments": [2], "Result": 1}], "Outputs": [{"Name": "__fcol_", "Type": "Nullable(String)"}, {"Name": "__fcol_45", "Type": "Date"}, {"Name": "__fcol_49", "Type": "Nullable(String)"}], "Positions": [0, 1, 3], "Project Input": true}, "Plans": [{"Node Type": "Filter", "Description": "WHERE", "Header": [{"Name": "multiIf(toUInt8(equals(d_p_name, 'aaa')), 'nn', toUInt8(equals(d_p_name, 'aaa')), 'nn', toUInt8(equals(d_p_name, 'aaa')), 'nn', toUInt8(equals(d_p_name, 'bbb ')), 'ttt', toUInt8(equals(d_p_name, 'bbb')), 'ttt', toUInt8(equals(d_p_name, 'bbb')), 'ttt', toUInt8(equals(d_p_name, 'ddd')), 'ttt', toUInt8(equals(d_p_name, 'bbb ')), 'ttt', toUInt8(equals(d_p_name, 'bbb  ttt')), 'ttt', toUInt8(equals(d_p_name, 'ddd')), 'ttt', toUInt8(equals(d_p_name, 'ccc')), 'ttt', toUInt8(equals(d_p_name, 'ccc ')), 'ttt', toUInt8(equals(d_p_name, 'ccc')), 'ttt', toUInt8(equals(d_p_name, 'ddd')), 'ttt', toUInt8(equals(d_p_name, 'iii')), 'nnn', toUInt8(equals(d_p_name, 'ppp')), 'nnn', toUInt8(equals(d_p_name, 'ppp')), 'nnn', toUInt8(equals(d_p_name, 'kkk')), 'nnn', toUInt8(equals(d_p_name, 'fff5')), 'nnn', toUInt8(equals(d_p_name, 'fff5 hhh')), 'nnn', toUInt8(equals(d_p_name, 'eee4')), 'vvv', toUInt8(equals(d_p_name, 'eee')), 'vvv', toUInt8(equals(d_p_name, 'hhh')), 'mmm', toUInt8(equals(d_p_name, 'hhh ')), 'mmm', toUInt8(equals(d_p_name, 'ggg')), 'mmm', toUInt8(equals(d_p_name, 'ggg ')), 'mmm', toUInt8(equals(d_p_name, 'hhh')), 'mmm', toUInt8(equals(d_p_name, 'hh')), 'jj', toUInt8(equals(d_p_name, 'hh')), 'jj', toUInt8(equals(d_p_name, 'gg')), 'jj', toUInt8(equals(d_p_name, ' mm')), 'mm', toUInt8(equals(d_p_name, 'ff')), 'mm', toUInt8(equals(d_p_name, 'ee')), 'mm', toUInt8(equals(d_p_name, 'dd')), 'mm', toUInt8(equals(d_p_name, 'cc')), 'mm', toUInt8(equals(d_p_name, 'bb')), 'mm', toUInt8(equals(d_p_name, 'aa')), 'aa', toUInt8(equals(d_p_name, 'zzz')), 'aa', toUInt8(equals(d_p_name, 'zzz')), 'aa', toUInt8(equals(d_p_name, 'aa')), 'aa', toUInt8(equals(d_p_name, 'sss')), 'aa', toUInt8(equals(d_p_name, 'yyy')), 'kkk', toUInt8(equals(d_p_name, 'yyy ')), 'kkk', toUInt8(equals(d_p_name, 'uuu')), 'lll', toUInt8(equals(d_p_name, 'ccc')), 'lll', toUInt8(equals(d_p_name, ' ccc')), 'ccc', toUInt8(equals(d_p_name, ' ccc ')), 'ccc', toUInt8(equals(d_p_name, ' bbb')), 'bbb', toUInt8(equals(d_p_name, 'www')), 'bbb', toUInt8(equals(d_p_name, 'qqq')), 'bbb', toUInt8(equals(d_p_name, 'qqq')), 'bbb', toUInt8(equals(d_p_name, 'ccc')), 'nn', toUInt8(equals(d_p_name, 'ccc')), 'nn', NULL)", "Type": "Nullable(String)"}, {"Name": "d_p_name", "Type": "Nullable(String)"}, {"Name": "pt_d", "Type": "Date"}], "Filter Column": "and(and(notIn(multiIf(toUInt8(equals(d_p_name, 'aaa')), 'nn', toUInt8(equals(d_p_name, 'aaa')), 'nn', toUInt8(equals(d_p_name, 'aaa')), 'nn', toUInt8(equals(d_p_name, 'bbb ')), 'ttt', toUInt8(equals(d_p_name, 'bbb')), 'ttt', toUInt8(equals(d_p_name, 'bbb')), 'ttt', toUInt8(equals(d_p_name, 'ddd')), 'ttt', toUInt8(equals(d_p_name, 'bbb ')), 'ttt', toUInt8(equals(d_p_name, 'bbb  ttt')), 'ttt', toUInt8(equals(d_p_name, 'ddd')), 'ttt', toUInt8(equals(d_p_name, 'ccc')), 'ttt', toUInt8(equals(d_p_name, 'ccc ')), 'ttt', toUInt8(equals(d_p_name, 'ccc')), 'ttt', toUInt8(equals(d_p_name, 'ddd')), 'ttt', toUInt8(equals(d_p_name, 'iii')), 'nnn', toUInt8(equals(d_p_name, 'ppp')), 'nnn', toUInt8(equals(d_p_name, 'ppp')), 'nnn', toUInt8(equals(d_p_name, 'kkk')), 'nnn', toUInt8(equals(d_p_name, 'fff5')), 'nnn', toUInt8(equals(d_p_name, 'fff5 hhh')), 'nnn', toUInt8(equals(d_p_name, 'eee4')), 'vvv', toUInt8(equals(d_p_name, 'eee')), 'vvv', toUInt8(equals(d_p_name, 'hhh')), 'mmm', toUInt8(equals(d_p_name, 'hhh ')), 'mmm', toUInt8(equals(d_p_name, 'ggg')), 'mmm', toUInt8(equals(d_p_name, 'ggg ')), 'mmm', toUInt8(equals(d_p_name, 'hhh')), 'mmm', toUInt8(equals(d_p_name, 'hh')), 'jj', toUInt8(equals(d_p_name, 'hh')), 'jj', toUInt8(equals(d_p_name, 'gg')), 'jj', toUInt8(equals(d_p_name, ' mm')), 'mm', toUInt8(equals(d_p_name, 'ff')), 'mm', toUInt8(equals(d_p_name, 'ee')), 'mm', toUInt8(equals(d_p_name, 'dd')), 'mm', toUInt8(equals(d_p_name, 'cc')), 'mm', toUInt8(equals(d_p_name, 'bb')), 'mm', toUInt8(equals(d_p_name, 'aa')), 'aa', toUInt8(equals(d_p_name, 'zzz')), 'aa', toUInt8(equals(d_p_name, 'zzz')), 'aa', toUInt8(equals(d_p_name, 'aa')), 'aa', toUInt8(equals(d_p_name, 'sss')), 'aa', toUInt8(equals(d_p_name, 'yyy')), 'kkk', toUInt8(equals(d_p_name, 'yyy ')), 'kkk', toUInt8(equals(d_p_name, 'uuu')), 'lll', toUInt8(equals(d_p_name, 'ccc')), 'lll', toUInt8(equals(d_p_name, ' ccc')), 'ccc', toUInt8(equals(d_p_name, ' ccc ')), 'ccc', toUInt8(equals(d_p_name, ' bbb')), 'bbb', toUInt8(equals(d_p_name, 'www')), 'bbb', toUInt8(equals(d_p_name, 'qqq')), 'bbb', toUInt8(equals(d_p_name, 'qqq')), 'bbb', toUInt8(equals(d_p_name, 'ccc')), 'nn', toUInt8(equals(d_p_name, 'ccc')), 'nn', NULL), ''), isNotNull(multiIf(toUInt8(equals(d_p_name, 'aaa')), 'nn', toUInt8(equals(d_p_name, 'aaa')), 'nn', toUInt8(equals(d_p_name, 'aaa')), 'nn', toUInt8(equals(d_p_name, 'bbb ')), 'ttt', toUInt8(equals(d_p_name, 'bbb')), 'ttt', toUInt8(equals(d_p_name, 'bbb')), 'ttt', toUInt8(equals(d_p_name, 'ddd')), 'ttt', toUInt8(equals(d_p_name, 'bbb ')), 'ttt', toUInt8(equals(d_p_name, 'bbb  ttt')), 'ttt', toUInt8(equals(d_p_name, 'ddd')), 'ttt', toUInt8(equals(d_p_name, 'ccc')), 'ttt', toUInt8(equals(d_p_name, 'ccc ')), 'ttt', toUInt8(equals(d_p_name, 'ccc')), 'ttt', toUInt8(equals(d_p_name, 'ddd')), 'ttt', toUInt8(equals(d_p_name, 'iii')), 'nnn', toUInt8(equals(d_p_name, 'ppp')), 'nnn', toUInt8(equals(d_p_name, 'ppp')), 'nnn', toUInt8(equals(d_p_name, 'kkk')), 'nnn', toUInt8(equals(d_p_name, 'fff5')), 'nnn', toUInt8(equals(d_p_name, 'fff5 hhh')), 'nnn', toUInt8(equals(d_p_name, 'eee4')), 'vvv', toUInt8(equals(d_p_name, 'eee')), 'vvv', toUInt8(equals(d_p_name, 'hhh')), 'mmm', toUInt8(equals(d_p_name, 'hhh ')), 'mmm', toUInt8(equals(d_p_name, 'ggg')), 'mmm', toUInt8(equals(d_p_name, 'ggg ')), 'mmm', toUInt8(equals(d_p_name, 'hhh')), 'mmm', toUInt8(equals(d_p_name, 'hh')), 'jj', toUInt8(equals(d_p_name, 'hh')), 'jj', toUInt8(equals(d_p_name, 'gg')), 'jj', toUInt8(equals(d_p_name, ' mm')), 'mm', toUInt8(equals(d_p_name, 'ff')), 'mm', toUInt8(equals(d_p_name, 'ee')), 'mm', toUInt8(equals(d_p_name, 'dd')), 'mm', toUInt8(equals(d_p_name, 'cc')), 'mm', toUInt8(equals(d_p_name, 'bb')), 'mm', toUInt8(equals(d_p_name, 'aa')), 'aa', toUInt8(equals(d_p_name, 'zzz')), 'aa', toUInt8(equals(d_p_name, 'zzz')), 'aa', toUInt8(equals(d_p_name, 'aa')), 'aa', toUInt8(equals(d_p_name, 'sss')), 'aa', toUInt8(equals(d_p_name, 'yyy')), 'kkk', toUInt8(equals(d_p_name, 'yyy ')), 'kkk', toUInt8(equals(d_p_name, 'uuu')), 'lll', toUInt8(equals(d_p_name, 'ccc')), 'lll', toUInt8(equals(d_p_name, ' ccc')), 'ccc', toUInt8(equals(d_p_name, ' ccc ')), 'ccc', toUInt8(equals(d_p_name, ' bbb')), 'bbb', toUInt8(equals(d_p_name, 'www')), 'bbb', toUInt8(equals(d_p_name, 'qqq')), 'bbb', toUInt8(equals(d_p_name, 'qqq')), 'bbb', toUInt8(equals(d_p_name, 'ccc')), 'nn', toUInt8(equals(d_p_name, 'ccc')), 'nn', NULL)), in(multiIf(in(multiIf(toUInt8(equals(d_p_name, 'aaa')), 'nn', toUInt8(equals(d_p_name, 'aaa')), 'nn', toUInt8(equals(d_p_name, 'aaa')), 'nn', toUInt8(equals(d_p_name, 'bbb ')), 'ttt', toUInt8(equals(d_p_name, 'bbb')), 'ttt', toUInt8(equals(d_p_name, 'bbb')), 'ttt', toUInt8(equals(d_p_name, 'ddd')), 'ttt', toUInt8(equals(d_p_name, 'bbb ')), 'ttt', toUInt8(equals(d_p_name, 'bbb  ttt')), 'ttt', toUInt8(equals(d_p_name, 'ddd')), 'ttt', toUInt8(equals(d_p_name, 'ccc')), 'ttt', toUInt8(equals(d_p_name, 'ccc ')), 'ttt', toUInt8(equals(d_p_name, 'ccc')), 'ttt', toUInt8(equals(d_p_name, 'ddd')), 'ttt', toUInt8(equals(d_p_name, 'iii')), 'nnn', toUInt8(equals(d_p_name, 'ppp')), 'nnn', toUInt8(equals(d_p_name, 'ppp')), 'nnn', toUInt8(equals(d_p_name, 'kkk')), 'nnn', toUInt8(equals(d_p_name, 'fff5')), 'nnn', toUInt8(equals(d_p_name, 'fff5 hhh')), 'nnn', toUInt8(equals(d_p_name, 'eee4')), 'vvv', toUInt8(equals(d_p_name, 'eee')), 'vvv', toUInt8(equals(d_p_name, 'hhh')), 'mmm', toUInt8(equals(d_p_name, 'hhh ')), 'mmm', toUInt8(equals(d_p_name, 'ggg')), 'mmm', toUInt8(equals(d_p_name, 'ggg ')), 'mmm', toUInt8(equals(d_p_name, 'hhh')), 'mmm', toUInt8(equals(d_p_name, 'hh')), 'jj', toUInt8(equals(d_p_name, 'hh')), 'jj', toUInt8(equals(d_p_name, 'gg')), 'jj', toUInt8(equals(d_p_name, ' mm')), 'mm', toUInt8(equals(d_p_name, 'ff')), 'mm', toUInt8(equals(d_p_name, 'ee')), 'mm', toUInt8(equals(d_p_name, 'dd')), 'mm', toUInt8(equals(d_p_name, 'cc')), 'mm', toUInt8(equals(d_p_name, 'bb')), 'mm', toUInt8(equals(d_p_name, 'aa')), 'aa', toUInt8(equals(d_p_name, 'zzz')), 'aa', toUInt8(equals(d_p_name, 'zzz')), 'aa', toUInt8(equals(d_p_name, 'aa')), 'aa', toUInt8(equals(d_p_name, 'sss')), 'aa', toUInt8(equals(d_p_name, 'yyy')), 'kkk', toUInt8(equals(d_p_name, 'yyy ')), 'kkk', toUInt8(equals(d_p_name, 'uuu')), 'lll', toUInt8(equals(d_p_name, 'ccc')), 'lll', toUInt8(equals(d_p_name, ' ccc')), 'ccc', toUInt8(equals(d_p_name, ' ccc ')), 'ccc', toUInt8(equals(d_p_name, ' bbb')), 'bbb', toUInt8(equals(d_p_name, 'www')), 'bbb', toUInt8(equals(d_p_name, 'qqq')), 'bbb', toUInt8(equals(d_p_name, 'qqq')), 'bbb', toUInt8(equals(d_p_name, 'ccc')), 'nn', toUInt8(equals(d_p_name, 'ccc')), 'nn', NULL), ('nn', 'ttt', 'ttt', 'nnn')), 'mm', in(multiIf(toUInt8(equals(d_p_name, 'aaa')), 'nn', toUInt8(equals(d_p_name, 'aaa')), 'nn', toUInt8(equals(d_p_name, 'aaa')), 'nn', toUInt8(equals(d_p_name, 'bbb ')), 'ttt', toUInt8(equals(d_p_name, 'bbb')), 'ttt', toUInt8(equals(d_p_name, 'bbb')), 'ttt', toUInt8(equals(d_p_name, 'ddd')), 'ttt', toUInt8(equals(d_p_name, 'bbb ')), 'ttt', toUInt8(equals(d_p_name, 'bbb  ttt')), 'ttt', toUInt8(equals(d_p_name, 'ddd')), 'ttt', toUInt8(equals(d_p_name, 'ccc')), 'ttt', toUInt8(equals(d_p_name, 'ccc ')), 'ttt', toUInt8(equals(d_p_name, 'ccc')), 'ttt', toUInt8(equals(d_p_name, 'ddd')), 'ttt', toUInt8(equals(d_p_name, 'iii')), 'nnn', toUInt8(equals(d_p_name, 'ppp')), 'nnn', toUInt8(equals(d_p_name, 'ppp')), 'nnn', toUInt8(equals(d_p_name, 'kkk')), 'nnn', toUInt8(equals(d_p_name, 'fff5')), 'nnn', toUInt8(equals(d_p_name, 'fff5 hhh')), 'nnn', toUInt8(equals(d_p_name, 'eee4')), 'vvv', toUInt8(equals(d_p_name, 'eee')), 'vvv', toUInt8(equals(d_p_name, 'hhh')), 'mmm', toUInt8(equals(d_p_name, 'hhh ')), 'mmm', toUInt8(equals(d_p_name, 'ggg')), 'mmm', toUInt8(equals(d_p_name, 'ggg ')), 'mmm', toUInt8(equals(d_p_name, 'hhh')), 'mmm', toUInt8(equals(d_p_name, 'hh')), 'jj', toUInt8(equals(d_p_name, 'hh')), 'jj', toUInt8(equals(d_p_name, 'gg')), 'jj', toUInt8(equals(d_p_name, ' mm')), 'mm', toUInt8(equals(d_p_name, 'ff')), 'mm', toUInt8(equals(d_p_name, 'ee')), 'mm', toUInt8(equals(d_p_name, 'dd')), 'mm', toUInt8(equals(d_p_name, 'cc')), 'mm', toUInt8(equals(d_p_name, 'bb')), 'mm', toUInt8(equals(d_p_name, 'aa')), 'aa', toUInt8(equals(d_p_name, 'zzz')), 'aa', toUInt8(equals(d_p_name, 'zzz')), 'aa', toUInt8(equals(d_p_name, 'aa')), 'aa', toUInt8(equals(d_p_name, 'sss')), 'aa', toUInt8(equals(d_p_name, 'yyy')), 'kkk', toUInt8(equals(d_p_name, 'yyy ')), 'kkk', toUInt8(equals(d_p_name, 'uuu')), 'lll', toUInt8(equals(d_p_name, 'ccc')), 'lll', toUInt8(equals(d_p_name, ' ccc')), 'ccc', toUInt8(equals(d_p_name, ' ccc ')), 'ccc', toUInt8(equals(d_p_name, ' bbb')), 'bbb', toUInt8(equals(d_p_name, 'www')), 'bbb', toUInt8(equals(d_p_name, 'qqq')), 'bbb', toUInt8(equals(d_p_name, 'qqq')), 'bbb', toUInt8(equals(d_p_name, 'ccc')), 'nn', toUInt8(equals(d_p_name, 'ccc')), 'nn', NULL), ('lll', 'ccc', 'bbb', 'nn')), 'P', in(multiIf(toUInt8(equals(d_p_name, 'aaa')), 'nn', toUInt8(equals(d_p_name, 'aaa')), 'nn', toUInt8(equals(d_p_name, 'aaa')), 'nn', toUInt8(equals(d_p_name, 'bbb ')), 'ttt', toUInt8(equals(d_p_name, 'bbb')), 'ttt', toUInt8(equals(d_p_name, 'bbb')), 'ttt', toUInt8(equals(d_p_name, 'ddd')), 'ttt', toUInt8(equals(d_p_name, 'bbb ')), 'ttt', toUInt8(equals(d_p_name, 'bbb  ttt')), 'ttt', toUInt8(equals(d_p_name, 'ddd')), 'ttt', toUInt8(equals(d_p_name, 'ccc')), 'ttt', toUInt8(equals(d_p_name, 'ccc ')), 'ttt', toUInt8(equals(d_p_name, 'ccc')), 'ttt', toUInt8(equals(d_p_name, 'ddd')), 'ttt', toUInt8(equals(d_p_name, 'iii')), 'nnn', toUInt8(equals(d_p_name, 'ppp')), 'nnn', toUInt8(equals(d_p_name, 'ppp')), 'nnn', toUInt8(equals(d_p_name, 'kkk')), 'nnn', toUInt8(equals(d_p_name, 'fff5')), 'nnn', toUInt8(equals(d_p_name, 'fff5 hhh')), 'nnn', toUInt8(equals(d_p_name, 'eee4')), 'vvv', toUInt8(equals(d_p_name, 'eee')), 'vvv', toUInt8(equals(d_p_name, 'hhh')), 'mmm', toUInt8(equals(d_p_name, 'hhh ')), 'mmm', toUInt8(equals(d_p_name, 'ggg')), 'mmm', toUInt8(equals(d_p_name, 'ggg ')), 'mmm', toUInt8(equals(d_p_name, 'hhh')), 'mmm', toUInt8(equals(d_p_name, 'hh')), 'jj', toUInt8(equals(d_p_name, 'hh')), 'jj', toUInt8(equals(d_p_name, 'gg')), 'jj', toUInt8(equals(d_p_name, ' mm')), 'mm', toUInt8(equals(d_p_name, 'ff')), 'mm', toUInt8(equals(d_p_name, 'ee')), 'mm', toUInt8(equals(d_p_name, 'dd')), 'mm', toUInt8(equals(d_p_name, 'cc')), 'mm', toUInt8(equals(d_p_name, 'bb')), 'mm', toUInt8(equals(d_p_name, 'aa')), 'aa', toUInt8(equals(d_p_name, 'zzz')), 'aa', toUInt8(equals(d_p_name, 'zzz')), 'aa', toUInt8(equals(d_p_name, 'aa')), 'aa', toUInt8(equals(d_p_name, 'sss')), 'aa', toUInt8(equals(d_p_name, 'yyy')), 'kkk', toUInt8(equals(d_p_name, 'yyy ')), 'kkk', toUInt8(equals(d_p_name, 'uuu')), 'lll', toUInt8(equals(d_p_name, 'ccc')), 'lll', toUInt8(equals(d_p_name, ' ccc')), 'ccc', toUInt8(equals(d_p_name, ' ccc ')), 'ccc', toUInt8(equals(d_p_name, ' bbb')), 'bbb', toUInt8(equals(d_p_name, 'www')), 'bbb', toUInt8(equals(d_p_name, 'qqq')), 'bbb', toUInt8(equals(d_p_name, 'qqq')), 'bbb', toUInt8(equals(d_p_name, 'ccc')), 'nn', toUInt8(equals(d_p_name, 'ccc')), 'nn', NULL), ('vvv', 'mmm', 'jj', 'mm', 'aa', 'kkk')), 'nn', toString(multiIf(toUInt8(equals(d_p_name, 'aaa')), 'nn', toUInt8(equals(d_p_name, 'aaa')), 'nn', toUInt8(equals(d_p_name, 'aaa')), 'nn', toUInt8(equals(d_p_name, 'bbb ')), 'ttt', toUInt8(equals(d_p_name, 'bbb')), 'ttt', toUInt8(equals(d_p_name, 'bbb')), 'ttt', toUInt8(equals(d_p_name, 'ddd')), 'ttt', toUInt8(equals(d_p_name, 'bbb ')), 'ttt', toUInt8(equals(d_p_name, 'bbb  ttt')), 'ttt', toUInt8(equals(d_p_name, 'ddd')), 'ttt', toUInt8(equals(d_p_name, 'ccc')), 'ttt', toUInt8(equals(d_p_name, 'ccc ')), 'ttt', toUInt8(equals(d_p_name, 'ccc')), 'ttt', toUInt8(equals(d_p_name, 'ddd')), 'ttt', toUInt8(equals(d_p_name, 'iii')), 'nnn', toUInt8(equals(d_p_name, 'ppp')), 'nnn', toUInt8(equals(d_p_name, 'ppp')), 'nnn', toUInt8(equals(d_p_name, 'kkk')), 'nnn', toUInt8(equals(d_p_name, 'fff5')), 'nnn', toUInt8(equals(d_p_name, 'fff5 hhh')), 'nnn', toUInt8(equals(d_p_name, 'eee4')), 'vvv', toUInt8(equals(d_p_name, 'eee')), 'vvv', toUInt8(equals(d_p_name, 'hhh')), 'mmm', toUInt8(equals(d_p_name, 'hhh ')), 'mmm', toUInt8(equals(d_p_name, 'ggg')), 'mmm', toUInt8(equals(d_p_name, 'ggg ')), 'mmm', toUInt8(equals(d_p_name, 'hhh')), 'mmm', toUInt8(equals(d_p_name, 'hh')), 'jj', toUInt8(equals(d_p_name, 'hh')), 'jj', toUInt8(equals(d_p_name, 'gg')), 'jj', toUInt8(equals(d_p_name, ' mm')), 'mm', toUInt8(equals(d_p_name, 'ff')), 'mm', toUInt8(equals(d_p_name, 'ee')), 'mm', toUInt8(equals(d_p_name, 'dd')), 'mm', toUInt8(equals(d_p_name, 'cc')), 'mm', toUInt8(equals(d_p_name, 'bb')), 'mm', toUInt8(equals(d_p_name, 'aa')), 'aa', toUInt8(equals(d_p_name, 'zzz')), 'aa', toUInt8(equals(d_p_name, 'zzz')), 'aa', toUInt8(equals(d_p_name, 'aa')), 'aa', toUInt8(equals(d_p_name, 'sss')), 'aa', toUInt8(equals(d_p_name, 'yyy')), 'kkk', toUInt8(equals(d_p_name, 'yyy ')), 'kkk', toUInt8(equals(d_p_name, 'uuu')), 'lll', toUInt8(equals(d_p_name, 'ccc')), 'lll', toUInt8(equals(d_p_name, ' ccc')), 'ccc', toUInt8(equals(d_p_name, ' ccc ')), 'ccc', toUInt8(equals(d_p_name, ' bbb')), 'bbb', toUInt8(equals(d_p_name, 'www')), 'bbb', toUInt8(equals(d_p_name, 'qqq')), 'bbb', toUInt8(equals(d_p_name, 'qqq')), 'bbb', toUInt8(equals(d_p_name, 'ccc')), 'nn', toUInt8(equals(d_p_name, 'ccc')), 'nn', NULL))), 'mm'), in(multiIf(toUInt8(equals(d_p_name, 'aaa')), 'nn', toUInt8(equals(d_p_name, 'aaa')), 'nn', toUInt8(equals(d_p_name, 'aaa')), 'nn', toUInt8(equals(d_p_name, 'bbb ')), 'ttt', toUInt8(equals(d_p_name, 'bbb')), 'ttt', toUInt8(equals(d_p_name, 'bbb')), 'ttt', toUInt8(equals(d_p_name, 'ddd')), 'ttt', toUInt8(equals(d_p_name, 'bbb ')), 'ttt', toUInt8(equals(d_p_name, 'bbb  ttt')), 'ttt', toUInt8(equals(d_p_name, 'ddd')), 'ttt', toUInt8(equals(d_p_name, 'ccc')), 'ttt', toUInt8(equals(d_p_name, 'ccc ')), 'ttt', toUInt8(equals(d_p_name, 'ccc')), 'ttt', toUInt8(equals(d_p_name, 'ddd')), 'ttt', toUInt8(equals(d_p_name, 'iii')), 'nnn', toUInt8(equals(d_p_name, 'ppp')), 'nnn', toUInt8(equals(d_p_name, 'ppp')), 'nnn', toUInt8(equals(d_p_name, 'kkk')), 'nnn', toUInt8(equals(d_p_name, 'fff5')), 'nnn', toUInt8(equals(d_p_name, 'fff5 hhh')), 'nnn', toUInt8(equals(d_p_name, 'eee4')), 'vvv', toUInt8(equals(d_p_name, 'eee')), 'vvv', toUInt8(equals(d_p_name, 'hhh')), 'mmm', toUInt8(equals(d_p_name, 'hhh ')), 'mmm', toUInt8(equals(d_p_name, 'ggg')), 'mmm', toUInt8(equals(d_p_name, 'ggg ')), 'mmm', toUInt8(equals(d_p_name, 'hhh')), 'mmm', toUInt8(equals(d_p_name, 'hh')), 'jj', toUInt8(equals(d_p_name, 'hh')), 'jj', toUInt8(equals(d_p_name, 'gg')), 'jj', toUInt8(equals(d_p_name, ' mm')), 'mm', toUInt8(equals(d_p_name, 'ff')), 'mm', toUInt8(equals(d_p_name, 'ee')), 'mm', toUInt8(equals(d_p_name, 'dd')), 'mm', toUInt8(equals(d_p_name, 'cc')), 'mm', toUInt8(equals(d_p_name, 'bb')), 'mm', toUInt8(equals(d_p_name, 'aa')), 'aa', toUInt8(equals(d_p_name, 'zzz')), 'aa', toUInt8(equals(d_p_name, 'zzz')), 'aa', toUInt8(equals(d_p_name, 'aa')), 'aa', toUInt8(equals(d_p_name, 'sss')), 'aa', toUInt8(equals(d_p_name, 'yyy')), 'kkk', toUInt8(equals(d_p_name, 'yyy ')), 'kkk', toUInt8(equals(d_p_name, 'uuu')), 'lll', toUInt8(equals(d_p_name, 'ccc')), 'lll', toUInt8(equals(d_p_name, ' ccc')), 'ccc', toUInt8(equals(d_p_name, ' ccc ')), 'ccc', toUInt8(equals(d_p_name, ' bbb')), 'bbb', toUInt8(equals(d_p_name, 'www')), 'bbb', toUInt8(equals(d_p_name, 'qqq')), 'bbb', toUInt8(equals(d_p_name, 'qqq')), 'bbb', toUInt8(equals(d_p_name, 'ccc')), 'nn', toUInt8(equals(d_p_name, 'ccc')), 'nn', NULL), ('mmm', 'jj', 'mm', 'aa', 'kkk'))), and(less(pt_d, toDate(16356096000)), greaterOrEquals(pt_d, toDate(163552)), less(pt_d, toDate(16356096000)), greaterOrEquals(pt_d, toDate(163552))))", "Removes Filter": true, "Expression": {"Inputs": [{"Name": "and(notIn(multiIf(toUInt8(equals(d_p_name, 'aaa')), 'nn', toUInt8(equals(d_p_name, 'aaa')), 'nn', toUInt8(equals(d_p_name, 'aaa')), 'nn', toUInt8(equals(d_p_name, 'bbb ')), 'ttt', toUInt8(equals(d_p_name, 'bbb')), 'ttt', toUInt8(equals(d_p_name, 'bbb')), 'ttt', toUInt8(equals(d_p_name, 'ddd')), 'ttt', toUInt8(equals(d_p_name, 'bbb ')), 'ttt', toUInt8(equals(d_p_name, 'bbb  ttt')), 'ttt', toUInt8(equals(d_p_name, 'ddd')), 'ttt', toUInt8(equals(d_p_name, 'ccc')), 'ttt', toUInt8(equals(d_p_name, 'ccc ')), 'ttt', toUInt8(equals(d_p_name, 'ccc')), 'ttt', toUInt8(equals(d_p_name, 'ddd')), 'ttt', toUInt8(equals(d_p_name, 'iii')), 'nnn', toUInt8(equals(d_p_name, 'ppp')), 'nnn', toUInt8(equals(d_p_name, 'ppp')), 'nnn', toUInt8(equals(d_p_name, 'kkk')), 'nnn', toUInt8(equals(d_p_name, 'fff5')), 'nnn', toUInt8(equals(d_p_name, 'fff5 hhh')), 'nnn', toUInt8(equals(d_p_name, 'eee4')), 'vvv', toUInt8(equals(d_p_name, 'eee')), 'vvv', toUInt8(equals(d_p_name, 'hhh')), 'mmm', toUInt8(equals(d_p_name, 'hhh ')), 'mmm', toUInt8(equals(d_p_name, 'ggg')), 'mmm', toUInt8(equals(d_p_name, 'ggg ')), 'mmm', toUInt8(equals(d_p_name, 'hhh')), 'mmm', toUInt8(equals(d_p_name, 'hh')), 'jj', toUInt8(equals(d_p_name, 'hh')), 'jj', toUInt8(equals(d_p_name, 'gg')), 'jj', toUInt8(equals(d_p_name, ' mm')), 'mm', toUInt8(equals(d_p_name, 'ff')), 'mm', toUInt8(equals(d_p_name, 'ee')), 'mm', toUInt8(equals(d_p_name, 'dd')), 'mm', toUInt8(equals(d_p_name, 'cc')), 'mm', toUInt8(equals(d_p_name, 'bb')), 'mm', toUInt8(equals(d_p_name, 'aa')), 'aa', toUInt8(equals(d_p_name, 'zzz')), 'aa', toUInt8(equals(d_p_name, 'zzz')), 'aa', toUInt8(equals(d_p_name, 'aa')), 'aa', toUInt8(equals(d_p_name, 'sss')), 'aa', toUInt8(equals(d_p_name, 'yyy')), 'kkk', toUInt8(equals(d_p_name, 'yyy ')), 'kkk', toUInt8(equals(d_p_name, 'uuu')), 'lll', toUInt8(equals(d_p_name, 'ccc')), 'lll', toUInt8(equals(d_p_name, ' ccc')), 'ccc', toUInt8(equals(d_p_name, ' ccc ')), 'ccc', toUInt8(equals(d_p_name, ' bbb')), 'bbb', toUInt8(equals(d_p_name, 'www')), 'bbb', toUInt8(equals(d_p_name, 'qqq')), 'bbb', toUInt8(equals(d_p_name, 'qqq')), 'bbb', toUInt8(equals(d_p_name, 'ccc')), 'nn', toUInt8(equals(d_p_name, 'ccc')), 'nn', NULL), ''), isNotNull(multiIf(toUInt8(equals(d_p_name, 'aaa')), 'nn', toUInt8(equals(d_p_name, 'aaa')), 'nn', toUInt8(equals(d_p_name, 'aaa')), 'nn', toUInt8(equals(d_p_name, 'bbb ')), 'ttt', toUInt8(equals(d_p_name, 'bbb')), 'ttt', toUInt8(equals(d_p_name, 'bbb')), 'ttt', toUInt8(equals(d_p_name, 'ddd')), 'ttt', toUInt8(equals(d_p_name, 'bbb ')), 'ttt', toUInt8(equals(d_p_name, 'bbb  ttt')), 'ttt', toUInt8(equals(d_p_name, 'ddd')), 'ttt', toUInt8(equals(d_p_name, 'ccc')), 'ttt', toUInt8(equals(d_p_name, 'ccc ')), 'ttt', toUInt8(equals(d_p_name, 'ccc')), 'ttt', toUInt8(equals(d_p_name, 'ddd')), 'ttt', toUInt8(equals(d_p_name, 'iii')), 'nnn', toUInt8(equals(d_p_name, 'ppp')), 'nnn', toUInt8(equals(d_p_name, 'ppp')), 'nnn', toUInt8(equals(d_p_name, 'kkk')), 'nnn', toUInt8(equals(d_p_name, 'fff5')), 'nnn', toUInt8(equals(d_p_name, 'fff5 hhh')), 'nnn', toUInt8(equals(d_p_name, 'eee4')), 'vvv', toUInt8(equals(d_p_name, 'eee')), 'vvv', toUInt8(equals(d_p_name, 'hhh')), 'mmm', toUInt8(equals(d_p_name, 'hhh ')), 'mmm', toUInt8(equals(d_p_name, 'ggg')), 'mmm', toUInt8(equals(d_p_name, 'ggg ')), 'mmm', toUInt8(equals(d_p_name, 'hhh')), 'mmm', toUInt8(equals(d_p_name, 'hh')), 'jj', toUInt8(equals(d_p_name, 'hh')), 'jj', toUInt8(equals(d_p_name, 'gg')), 'jj', toUInt8(equals(d_p_name, ' mm')), 'mm', toUInt8(equals(d_p_name, 'ff')), 'mm', toUInt8(equals(d_p_name, 'ee')), 'mm', toUInt8(equals(d_p_name, 'dd')), 'mm', toUInt8(equals(d_p_name, 'cc')), 'mm', toUInt8(equals(d_p_name, 'bb')), 'mm', toUInt8(equals(d_p_name, 'aa')), 'aa', toUInt8(equals(d_p_name, 'zzz')), 'aa', toUInt8(equals(d_p_name, 'zzz')), 'aa', toUInt8(equals(d_p_name, 'aa')), 'aa', toUInt8(equals(d_p_name, 'sss')), 'aa', toUInt8(equals(d_p_name, 'yyy')), 'kkk', toUInt8(equals(d_p_name, 'yyy ')), 'kkk', toUInt8(equals(d_p_name, 'uuu')), 'lll', toUInt8(equals(d_p_name, 'ccc')), 'lll', toUInt8(equals(d_p_name, ' ccc')), 'ccc', toUInt8(equals(d_p_name, ' ccc ')), 'ccc', toUInt8(equals(d_p_name, ' bbb')), 'bbb', toUInt8(equals(d_p_name, 'www')), 'bbb', toUInt8(equals(d_p_name, 'qqq')), 'bbb', toUInt8(equals(d_p_name, 'qqq')), 'bbb', toUInt8(equals(d_p_name, 'ccc')), 'nn', toUInt8(equals(d_p_name, 'ccc')), 'nn', NULL)), in(multiIf(in(multiIf(toUInt8(equals(d_p_name, 'aaa')), 'nn', toUInt8(equals(d_p_name, 'aaa')), 'nn', toUInt8(equals(d_p_name, 'aaa')), 'nn', toUInt8(equals(d_p_name, 'bbb ')), 'ttt', toUInt8(equals(d_p_name, 'bbb')), 'ttt', toUInt8(equals(d_p_name, 'bbb')), 'ttt', toUInt8(equals(d_p_name, 'ddd')), 'ttt', toUInt8(equals(d_p_name, 'bbb ')), 'ttt', toUInt8(equals(d_p_name, 'bbb  ttt')), 'ttt', toUInt8(equals(d_p_name, 'ddd')), 'ttt', toUInt8(equals(d_p_name, 'ccc')), 'ttt', toUInt8(equals(d_p_name, 'ccc ')), 'ttt', toUInt8(equals(d_p_name, 'ccc')), 'ttt', toUInt8(equals(d_p_name, 'ddd')), 'ttt', toUInt8(equals(d_p_name, 'iii')), 'nnn', toUInt8(equals(d_p_name, 'ppp')), 'nnn', toUInt8(equals(d_p_name, 'ppp')), 'nnn', toUInt8(equals(d_p_name, 'kkk')), 'nnn', toUInt8(equals(d_p_name, 'fff5')), 'nnn', toUInt8(equals(d_p_name, 'fff5 hhh')), 'nnn', toUInt8(equals(d_p_name, 'eee4')), 'vvv', toUInt8(equals(d_p_name, 'eee')), 'vvv', toUInt8(equals(d_p_name, 'hhh')), 'mmm', toUInt8(equals(d_p_name, 'hhh ')), 'mmm', toUInt8(equals(d_p_name, 'ggg')), 'mmm', toUInt8(equals(d_p_name, 'ggg ')), 'mmm', toUInt8(equals(d_p_name, 'hhh')), 'mmm', toUInt8(equals(d_p_name, 'hh')), 'jj', toUInt8(equals(d_p_name, 'hh')), 'jj', toUInt8(equals(d_p_name, 'gg')), 'jj', toUInt8(equals(d_p_name, ' mm')), 'mm', toUInt8(equals(d_p_name, 'ff')), 'mm', toUInt8(equals(d_p_name, 'ee')), 'mm', toUInt8(equals(d_p_name, 'dd')), 'mm', toUInt8(equals(d_p_name, 'cc')), 'mm', toUInt8(equals(d_p_name, 'bb')), 'mm', toUInt8(equals(d_p_name, 'aa')), 'aa', toUInt8(equals(d_p_name, 'zzz')), 'aa', toUInt8(equals(d_p_name, 'zzz')), 'aa', toUInt8(equals(d_p_name, 'aa')), 'aa', toUInt8(equals(d_p_name, 'sss')), 'aa', toUInt8(equals(d_p_name, 'yyy')), 'kkk', toUInt8(equals(d_p_name, 'yyy ')), 'kkk', toUInt8(equals(d_p_name, 'uuu')), 'lll', toUInt8(equals(d_p_name, 'ccc')), 'lll', toUInt8(equals(d_p_name, ' ccc')), 'ccc', toUInt8(equals(d_p_name, ' ccc ')), 'ccc', toUInt8(equals(d_p_name, ' bbb')), 'bbb', toUInt8(equals(d_p_name, 'www')), 'bbb', toUInt8(equals(d_p_name, 'qqq')), 'bbb', toUInt8(equals(d_p_name, 'qqq')), 'bbb', toUInt8(equals(d_p_name, 'ccc')), 'nn', toUInt8(equals(d_p_name, 'ccc')), 'nn', NULL), ('nn', 'ttt', 'ttt', 'nnn')), 'mm', in(multiIf(toUInt8(equals(d_p_name, 'aaa')), 'nn', toUInt8(equals(d_p_name, 'aaa')), 'nn', toUInt8(equals(d_p_name, 'aaa')), 'nn', toUInt8(equals(d_p_name, 'bbb ')), 'ttt', toUInt8(equals(d_p_name, 'bbb')), 'ttt', toUInt8(equals(d_p_name, 'bbb')), 'ttt', toUInt8(equals(d_p_name, 'ddd')), 'ttt', toUInt8(equals(d_p_name, 'bbb ')), 'ttt', toUInt8(equals(d_p_name, 'bbb  ttt')), 'ttt', toUInt8(equals(d_p_name, 'ddd')), 'ttt', toUInt8(equals(d_p_name, 'ccc')), 'ttt', toUInt8(equals(d_p_name, 'ccc ')), 'ttt', toUInt8(equals(d_p_name, 'ccc')), 'ttt', toUInt8(equals(d_p_name, 'ddd')), 'ttt', toUInt8(equals(d_p_name, 'iii')), 'nnn', toUInt8(equals(d_p_name, 'ppp')), 'nnn', toUInt8(equals(d_p_name, 'ppp')), 'nnn', toUInt8(equals(d_p_name, 'kkk')), 'nnn', toUInt8(equals(d_p_name, 'fff5')), 'nnn', toUInt8(equals(d_p_name, 'fff5 hhh')), 'nnn', toUInt8(equals(d_p_name, 'eee4')), 'vvv', toUInt8(equals(d_p_name, 'eee')), 'vvv', toUInt8(equals(d_p_name, 'hhh')), 'mmm', toUInt8(equals(d_p_name, 'hhh ')), 'mmm', toUInt8(equals(d_p_name, 'ggg')), 'mmm', toUInt8(equals(d_p_name, 'ggg ')), 'mmm', toUInt8(equals(d_p_name, 'hhh')), 'mmm', toUInt8(equals(d_p_name, 'hh')), 'jj', toUInt8(equals(d_p_name, 'hh')), 'jj', toUInt8(equals(d_p_name, 'gg')), 'jj', toUInt8(equals(d_p_name, ' mm')), 'mm', toUInt8(equals(d_p_name, 'ff')), 'mm', toUInt8(equals(d_p_name, 'ee')), 'mm', toUInt8(equals(d_p_name, 'dd')), 'mm', toUInt8(equals(d_p_name, 'cc')), 'mm', toUInt8(equals(d_p_name, 'bb')), 'mm', toUInt8(equals(d_p_name, 'aa')), 'aa', toUInt8(equals(d_p_name, 'zzz')), 'aa', toUInt8(equals(d_p_name, 'zzz')), 'aa', toUInt8(equals(d_p_name, 'aa')), 'aa', toUInt8(equals(d_p_name, 'sss')), 'aa', toUInt8(equals(d_p_name, 'yyy')), 'kkk', toUInt8(equals(d_p_name, 'yyy ')), 'kkk', toUInt8(equals(d_p_name, 'uuu')), 'lll', toUInt8(equals(d_p_name, 'ccc')), 'lll', toUInt8(equals(d_p_name, ' ccc')), 'ccc', toUInt8(equals(d_p_name, ' ccc ')), 'ccc', toUInt8(equals(d_p_name, ' bbb')), 'bbb', toUInt8(equals(d_p_name, 'www')), 'bbb', toUInt8(equals(d_p_name, 'qqq')), 'bbb', toUInt8(equals(d_p_name, 'qqq')), 'bbb', toUInt8(equals(d_p_name, 'ccc')), 'nn', toUInt8(equals(d_p_name, 'ccc')), 'nn', NULL), ('lll', 'ccc', 'bbb', 'nn')), 'P', in(multiIf(toUInt8(equals(d_p_name, 'aaa')), 'nn', toUInt8(equals(d_p_name, 'aaa')), 'nn', toUInt8(equals(d_p_name, 'aaa')), 'nn', toUInt8(equals(d_p_name, 'bbb ')), 'ttt', toUInt8(equals(d_p_name, 'bbb')), 'ttt', toUInt8(equals(d_p_name, 'bbb')), 'ttt', toUInt8(equals(d_p_name, 'ddd')), 'ttt', toUInt8(equals(d_p_name, 'bbb ')), 'ttt', toUInt8(equals(d_p_name, 'bbb  ttt')), 'ttt', toUInt8(equals(d_p_name, 'ddd')), 'ttt', toUInt8(equals(d_p_name, 'ccc')), 'ttt', toUInt8(equals(d_p_name, 'ccc ')), 'ttt', toUInt8(equals(d_p_name, 'ccc')), 'ttt', toUInt8(equals(d_p_name, 'ddd')), 'ttt', toUInt8(equals(d_p_name, 'iii')), 'nnn', toUInt8(equals(d_p_name, 'ppp')), 'nnn', toUInt8(equals(d_p_name, 'ppp')), 'nnn', toUInt8(equals(d_p_name, 'kkk')), 'nnn', toUInt8(equals(d_p_name, 'fff5')), 'nnn', toUInt8(equals(d_p_name, 'fff5 hhh')), 'nnn', toUInt8(equals(d_p_name, 'eee4')), 'vvv', toUInt8(equals(d_p_name, 'eee')), 'vvv', toUInt8(equals(d_p_name, 'hhh')), 'mmm', toUInt8(equals(d_p_name, 'hhh ')), 'mmm', toUInt8(equals(d_p_name, 'ggg')), 'mmm', toUInt8(equals(d_p_name, 'ggg ')), 'mmm', toUInt8(equals(d_p_name, 'hhh')), 'mmm', toUInt8(equals(d_p_name, 'hh')), 'jj', toUInt8(equals(d_p_name, 'hh')), 'jj', toUInt8(equals(d_p_name, 'gg')), 'jj', toUInt8(equals(d_p_name, ' mm')), 'mm', toUInt8(equals(d_p_name, 'ff')), 'mm', toUInt8(equals(d_p_name, 'ee')), 'mm', toUInt8(equals(d_p_name, 'dd')), 'mm', toUInt8(equals(d_p_name, 'cc')), 'mm', toUInt8(equals(d_p_name, 'bb')), 'mm', toUInt8(equals(d_p_name, 'aa')), 'aa', toUInt8(equals(d_p_name, 'zzz')), 'aa', toUInt8(equals(d_p_name, 'zzz')), 'aa', toUInt8(equals(d_p_name, 'aa')), 'aa', toUInt8(equals(d_p_name, 'sss')), 'aa', toUInt8(equals(d_p_name, 'yyy')), 'kkk', toUInt8(equals(d_p_name, 'yyy ')), 'kkk', toUInt8(equals(d_p_name, 'uuu')), 'lll', toUInt8(equals(d_p_name, 'ccc')), 'lll', toUInt8(equals(d_p_name, ' ccc')), 'ccc', toUInt8(equals(d_p_name, ' ccc ')), 'ccc', toUInt8(equals(d_p_name, ' bbb')), 'bbb', toUInt8(equals(d_p_name, 'www')), 'bbb', toUInt8(equals(d_p_name, 'qqq')), 'bbb', toUInt8(equals(d_p_name, 'qqq')), 'bbb', toUInt8(equals(d_p_name, 'ccc')), 'nn', toUInt8(equals(d_p_name, 'ccc')), 'nn', NULL), ('vvv', 'mmm', 'jj', 'mm', 'aa', 'kkk')), 'nn', toString(multiIf(toUInt8(equals(d_p_name, 'aaa')), 'nn', toUInt8(equals(d_p_name, 'aaa')), 'nn', toUInt8(equals(d_p_name, 'aaa')), 'nn', toUInt8(equals(d_p_name, 'bbb ')), 'ttt', toUInt8(equals(d_p_name, 'bbb')), 'ttt', toUInt8(equals(d_p_name, 'bbb')), 'ttt', toUInt8(equals(d_p_name, 'ddd')), 'ttt', toUInt8(equals(d_p_name, 'bbb ')), 'ttt', toUInt8(equals(d_p_name, 'bbb  ttt')), 'ttt', toUInt8(equals(d_p_name, 'ddd')), 'ttt', toUInt8(equals(d_p_name, 'ccc')), 'ttt', toUInt8(equals(d_p_name, 'ccc ')), 'ttt', toUInt8(equals(d_p_name, 'ccc')), 'ttt', toUInt8(equals(d_p_name, 'ddd')), 'ttt', toUInt8(equals(d_p_name, 'iii')), 'nnn', toUInt8(equals(d_p_name, 'ppp')), 'nnn', toUInt8(equals(d_p_name, 'ppp')), 'nnn', toUInt8(equals(d_p_name, 'kkk')), 'nnn', toUInt8(equals(d_p_name, 'fff5')), 'nnn', toUInt8(equals(d_p_name, 'fff5 hhh')), 'nnn', toUInt8(equals(d_p_name, 'eee4')), 'vvv', toUInt8(equals(d_p_name, 'eee')), 'vvv', toUInt8(equals(d_p_name, 'hhh')), 'mmm', toUInt8(equals(d_p_name, 'hhh ')), 'mmm', toUInt8(equals(d_p_name, 'ggg')), 'mmm', toUInt8(equals(d_p_name, 'ggg ')), 'mmm', toUInt8(equals(d_p_name, 'hhh')), 'mmm', toUInt8(equals(d_p_name, 'hh')), 'jj', toUInt8(equals(d_p_name, 'hh')), 'jj', toUInt8(equals(d_p_name, 'gg')), 'jj', toUInt8(equals(d_p_name, ' mm')), 'mm', toUInt8(equals(d_p_name, 'ff')), 'mm', toUInt8(equals(d_p_name, 'ee')), 'mm', toUInt8(equals(d_p_name, 'dd')), 'mm', toUInt8(equals(d_p_name, 'cc')), 'mm', toUInt8(equals(d_p_name, 'bb')), 'mm', toUInt8(equals(d_p_name, 'aa')), 'aa', toUInt8(equals(d_p_name, 'zzz')), 'aa', toUInt8(equals(d_p_name, 'zzz')), 'aa', toUInt8(equals(d_p_name, 'aa')), 'aa', toUInt8(equals(d_p_name, 'sss')), 'aa', toUInt8(equals(d_p_name, 'yyy')), 'kkk', toUInt8(equals(d_p_name, 'yyy ')), 'kkk', toUInt8(equals(d_p_name, 'uuu')), 'lll', toUInt8(equals(d_p_name, 'ccc')), 'lll', toUInt8(equals(d_p_name, ' ccc')), 'ccc', toUInt8(equals(d_p_name, ' ccc ')), 'ccc', toUInt8(equals(d_p_name, ' bbb')), 'bbb', toUInt8(equals(d_p_name, 'www')), 'bbb', toUInt8(equals(d_p_name, 'qqq')), 'bbb', toUInt8(equals(d_p_name, 'qqq')), 'bbb', toUInt8(equals(d_p_name, 'ccc')), 'nn', toUInt8(equals(d_p_name, 'ccc')), 'nn', NULL))), 'mm'), in(multiIf(toUInt8(equals(d_p_name, 'aaa')), 'nn', toUInt8(equals(d_p_name, 'aaa')), 'nn', toUInt8(equals(d_p_name, 'aaa')), 'nn', toUInt8(equals(d_p_name, 'bbb ')), 'ttt', toUInt8(equals(d_p_name, 'bbb')), 'ttt', toUInt8(equals(d_p_name, 'bbb')), 'ttt', toUInt8(equals(d_p_name, 'ddd')), 'ttt', toUInt8(equals(d_p_name, 'bbb ')), 'ttt', toUInt8(equals(d_p_name, 'bbb  ttt')), 'ttt', toUInt8(equals(d_p_name, 'ddd')), 'ttt', toUInt8(equals(d_p_name, 'ccc')), 'ttt', toUInt8(equals(d_p_name, 'ccc ')), 'ttt', toUInt8(equals(d_p_name, 'ccc')), 'ttt', toUInt8(equals(d_p_name, 'ddd')), 'ttt', toUInt8(equals(d_p_name, 'iii')), 'nnn', toUInt8(equals(d_p_name, 'ppp')), 'nnn', toUInt8(equals(d_p_name, 'ppp')), 'nnn', toUInt8(equals(d_p_name, 'kkk')), 'nnn', toUInt8(equals(d_p_name, 'fff5')), 'nnn', toUInt8(equals(d_p_name, 'fff5 hhh')), 'nnn', toUInt8(equals(d_p_name, 'eee4')), 'vvv', toUInt8(equals(d_p_name, 'eee')), 'vvv', toUInt8(equals(d_p_name, 'hhh')), 'mmm', toUInt8(equals(d_p_name, 'hhh ')), 'mmm', toUInt8(equals(d_p_name, 'ggg')), 'mmm', toUInt8(equals(d_p_name, 'ggg ')), 'mmm', toUInt8(equals(d_p_name, 'hhh')), 'mmm', toUInt8(equals(d_p_name, 'hh')), 'jj', toUInt8(equals(d_p_name, 'hh')), 'jj', toUInt8(equals(d_p_name, 'gg')), 'jj', toUInt8(equals(d_p_name, ' mm')), 'mm', toUInt8(equals(d_p_name, 'ff')), 'mm', toUInt8(equals(d_p_name, 'ee')), 'mm', toUInt8(equals(d_p_name, 'dd')), 'mm', toUInt8(equals(d_p_name, 'cc')), 'mm', toUInt8(equals(d_p_name, 'bb')), 'mm', toUInt8(equals(d_p_name, 'aa')), 'aa', toUInt8(equals(d_p_name, 'zzz')), 'aa', toUInt8(equals(d_p_name, 'zzz')), 'aa', toUInt8(equals(d_p_name, 'aa')), 'aa', toUInt8(equals(d_p_name, 'sss')), 'aa', toUInt8(equals(d_p_name, 'yyy')), 'kkk', toUInt8(equals(d_p_name, 'yyy ')), 'kkk', toUInt8(equals(d_p_name, 'uuu')), 'lll', toUInt8(equals(d_p_name, 'ccc')), 'lll', toUInt8(equals(d_p_name, ' ccc')), 'ccc', toUInt8(equals(d_p_name, ' ccc ')), 'ccc', toUInt8(equals(d_p_name, ' bbb')), 'bbb', toUInt8(equals(d_p_name, 'www')), 'bbb', toUInt8(equals(d_p_name, 'qqq')), 'bbb', toUInt8(equals(d_p_name, 'qqq')), 'bbb', toUInt8(equals(d_p_name, 'ccc')), 'nn', toUInt8(equals(d_p_name, 'ccc')), 'nn', NULL), ('mmm', 'jj', 'mm', 'aa', 'kkk')))", "Type": "Nullable(UInt8)"}, {"Name": "multiIf(toUInt8(equals(d_p_name, 'aaa')), 'nn', toUInt8(equals(d_p_name, 'aaa')), 'nn', toUInt8(equals(d_p_name, 'aaa')), 'nn', toUInt8(equals(d_p_name, 'bbb ')), 'ttt', toUInt8(equals(d_p_name, 'bbb')), 'ttt', toUInt8(equals(d_p_name, 'bbb')), 'ttt', toUInt8(equals(d_p_name, 'ddd')), 'ttt', toUInt8(equals(d_p_name, 'bbb ')), 'ttt', toUInt8(equals(d_p_name, 'bbb  ttt')), 'ttt', toUInt8(equals(d_p_name, 'ddd')), 'ttt', toUInt8(equals(d_p_name, 'ccc')), 'ttt', toUInt8(equals(d_p_name, 'ccc ')), 'ttt', toUInt8(equals(d_p_name, 'ccc')), 'ttt', toUInt8(equals(d_p_name, 'ddd')), 'ttt', toUInt8(equals(d_p_name, 'iii')), 'nnn', toUInt8(equals(d_p_name, 'ppp')), 'nnn', toUInt8(equals(d_p_name, 'ppp')), 'nnn', toUInt8(equals(d_p_name, 'kkk')), 'nnn', toUInt8(equals(d_p_name, 'fff5')), 'nnn', toUInt8(equals(d_p_name, 'fff5 hhh')), 'nnn', toUInt8(equals(d_p_name, 'eee4')), 'vvv', toUInt8(equals(d_p_name, 'eee')), 'vvv', toUInt8(equals(d_p_name, 'hhh')), 'mmm', toUInt8(equals(d_p_name, 'hhh ')), 'mmm', toUInt8(equals(d_p_name, 'ggg')), 'mmm', toUInt8(equals(d_p_name, 'ggg ')), 'mmm', toUInt8(equals(d_p_name, 'hhh')), 'mmm', toUInt8(equals(d_p_name, 'hh')), 'jj', toUInt8(equals(d_p_name, 'hh')), 'jj', toUInt8(equals(d_p_name, 'gg')), 'jj', toUInt8(equals(d_p_name, ' mm')), 'mm', toUInt8(equals(d_p_name, 'ff')), 'mm', toUInt8(equals(d_p_name, 'ee')), 'mm', toUInt8(equals(d_p_name, 'dd')), 'mm', toUInt8(equals(d_p_name, 'cc')), 'mm', toUInt8(equals(d_p_name, 'bb')), 'mm', toUInt8(equals(d_p_name, 'aa')), 'aa', toUInt8(equals(d_p_name, 'zzz')), 'aa', toUInt8(equals(d_p_name, 'zzz')), 'aa', toUInt8(equals(d_p_name, 'aa')), 'aa', toUInt8(equals(d_p_name, 'sss')), 'aa', toUInt8(equals(d_p_name, 'yyy')), 'kkk', toUInt8(equals(d_p_name, 'yyy ')), 'kkk', toUInt8(equals(d_p_name, 'uuu')), 'lll', toUInt8(equals(d_p_name, 'ccc')), 'lll', toUInt8(equals(d_p_name, ' ccc')), 'ccc', toUInt8(equals(d_p_name, ' ccc ')), 'ccc', toUInt8(equals(d_p_name, ' bbb')), 'bbb', toUInt8(equals(d_p_name, 'www')), 'bbb', toUInt8(equals(d_p_name, 'qqq')), 'bbb', toUInt8(equals(d_p_name, 'qqq')), 'bbb', toUInt8(equals(d_p_name, 'ccc')), 'nn', toUInt8(equals(d_p_name, 'ccc')), 'nn', NULL)", "Type": "Nullable(String)"}, {"Name": "d_p_name", "Type": "Nullable(String)"}, {"Name": "pt_d", "Type": "Date"}], "Actions": [{"Node Type": "INPUT", "Result Type": "INPUT", "Arguments": [0], "Removed Arguments": [], "Result": 0}, {"Node Type": "INPUT", "Result Type": "INPUT", "Arguments": [1], "Removed Arguments": [1], "Result": 1}, {"Node Type": "INPUT", "Result Type": "INPUT", "Arguments": [2], "Removed Arguments": [2], "Result": 2}, {"Node Type": "INPUT", "Result Type": "INPUT", "Arguments": [3], "Removed Arguments": [], "Result": 3}, {"Node Type": "COLUMN", "Result Type": "COLUMN", "Column": "Const(UInt16)", "Function": "toDate", "Arguments": [], "Removed Arguments": [], "Result": 4}, {"Node Type": "COLUMN", "Result Type": "COLUMN", "Column": "Const(UInt16)", "Function": "toDate", "Arguments": [], "Removed Arguments": [], "Result": 5}, {"Node Type": "FUNCTION", "Result Type": "FUNCTION", "Function": "less", "Compiled": false, "Arguments": [3, 4], "Removed Arguments": [4], "Result": 6}, {"Node Type": "FUNCTION", "Result Type": "FUNCTION", "Function": "greaterOrEquals", "Compiled": false, "Arguments": [3, 5], "Removed Arguments": [5], "Result": 4}, {"Node Type": "FUNCTION", "Result Type": "FUNCTION", "Function": "and", "Compiled": false, "Arguments": [6, 4, 6, 4], "Removed Arguments": [6, 4], "Result": 5}, {"Node Type": "FUNCTION", "Result Type": "FUNCTION", "Function": "and", "Compiled": false, "Arguments": [0, 5], "Removed Arguments": [0, 5], "Result": 4}], "Outputs": [{"Name": "multiIf(toUInt8(equals(d_p_name, 'aaa')), 'nn', toUInt8(equals(d_p_name, 'aaa')), 'nn', toUInt8(equals(d_p_name, 'aaa')), 'nn', toUInt8(equals(d_p_name, 'bbb ')), 'ttt', toUInt8(equals(d_p_name, 'bbb')), 'ttt', toUInt8(equals(d_p_name, 'bbb')), 'ttt', toUInt8(equals(d_p_name, 'ddd')), 'ttt', toUInt8(equals(d_p_name, 'bbb ')), 'ttt', toUInt8(equals(d_p_name, 'bbb  ttt')), 'ttt', toUInt8(equals(d_p_name, 'ddd')), 'ttt', toUInt8(equals(d_p_name, 'ccc')), 'ttt', toUInt8(equals(d_p_name, 'ccc ')), 'ttt', toUInt8(equals(d_p_name, 'ccc')), 'ttt', toUInt8(equals(d_p_name, 'ddd')), 'ttt', toUInt8(equals(d_p_name, 'iii')), 'nnn', toUInt8(equals(d_p_name, 'ppp')), 'nnn', toUInt8(equals(d_p_name, 'ppp')), 'nnn', toUInt8(equals(d_p_name, 'kkk')), 'nnn', toUInt8(equals(d_p_name, 'fff5')), 'nnn', toUInt8(equals(d_p_name, 'fff5 hhh')), 'nnn', toUInt8(equals(d_p_name, 'eee4')), 'vvv', toUInt8(equals(d_p_name, 'eee')), 'vvv', toUInt8(equals(d_p_name, 'hhh')), 'mmm', toUInt8(equals(d_p_name, 'hhh ')), 'mmm', toUInt8(equals(d_p_name, 'ggg')), 'mmm', toUInt8(equals(d_p_name, 'ggg ')), 'mmm', toUInt8(equals(d_p_name, 'hhh')), 'mmm', toUInt8(equals(d_p_name, 'hh')), 'jj', toUInt8(equals(d_p_name, 'hh')), 'jj', toUInt8(equals(d_p_name, 'gg')), 'jj', toUInt8(equals(d_p_name, ' mm')), 'mm', toUInt8(equals(d_p_name, 'ff')), 'mm', toUInt8(equals(d_p_name, 'ee')), 'mm', toUInt8(equals(d_p_name, 'dd')), 'mm', toUInt8(equals(d_p_name, 'cc')), 'mm', toUInt8(equals(d_p_name, 'bb')), 'mm', toUInt8(equals(d_p_name, 'aa')), 'aa', toUInt8(equals(d_p_name, 'zzz')), 'aa', toUInt8(equals(d_p_name, 'zzz')), 'aa', toUInt8(equals(d_p_name, 'aa')), 'aa', toUInt8(equals(d_p_name, 'sss')), 'aa', toUInt8(equals(d_p_name, 'yyy')), 'kkk', toUInt8(equals(d_p_name, 'yyy ')), 'kkk', toUInt8(equals(d_p_name, 'uuu')), 'lll', toUInt8(equals(d_p_name, 'ccc')), 'lll', toUInt8(equals(d_p_name, ' ccc')), 'ccc', toUInt8(equals(d_p_name, ' ccc ')), 'ccc', toUInt8(equals(d_p_name, ' bbb')), 'bbb', toUInt8(equals(d_p_name, 'www')), 'bbb', toUInt8(equals(d_p_name, 'qqq')), 'bbb', toUInt8(equals(d_p_name, 'qqq')), 'bbb', toUInt8(equals(d_p_name, 'ccc')), 'nn', toUInt8(equals(d_p_name, 'ccc')), 'nn', NULL)", "Type": "Nullable(String)"}, {"Name": "d_p_name", "Type": "Nullable(String)"}, {"Name": "pt_d", "Type": "Date"}, {"Name": "and(and(notIn(multiIf(toUInt8(equals(d_p_name, 'aaa')), 'nn', toUInt8(equals(d_p_name, 'aaa')), 'nn', toUInt8(equals(d_p_name, 'aaa')), 'nn', toUInt8(equals(d_p_name, 'bbb ')), 'ttt', toUInt8(equals(d_p_name, 'bbb')), 'ttt', toUInt8(equals(d_p_name, 'bbb')), 'ttt', toUInt8(equals(d_p_name, 'ddd')), 'ttt', toUInt8(equals(d_p_name, 'bbb ')), 'ttt', toUInt8(equals(d_p_name, 'bbb  ttt')), 'ttt', toUInt8(equals(d_p_name, 'ddd')), 'ttt', toUInt8(equals(d_p_name, 'ccc')), 'ttt', toUInt8(equals(d_p_name, 'ccc ')), 'ttt', toUInt8(equals(d_p_name, 'ccc')), 'ttt', toUInt8(equals(d_p_name, 'ddd')), 'ttt', toUInt8(equals(d_p_name, 'iii')), 'nnn', toUInt8(equals(d_p_name, 'ppp')), 'nnn', toUInt8(equals(d_p_name, 'ppp')), 'nnn', toUInt8(equals(d_p_name, 'kkk')), 'nnn', toUInt8(equals(d_p_name, 'fff5')), 'nnn', toUInt8(equals(d_p_name, 'fff5 hhh')), 'nnn', toUInt8(equals(d_p_name, 'eee4')), 'vvv', toUInt8(equals(d_p_name, 'eee')), 'vvv', toUInt8(equals(d_p_name, 'hhh')), 'mmm', toUInt8(equals(d_p_name, 'hhh ')), 'mmm', toUInt8(equals(d_p_name, 'ggg')), 'mmm', toUInt8(equals(d_p_name, 'ggg ')), 'mmm', toUInt8(equals(d_p_name, 'hhh')), 'mmm', toUInt8(equals(d_p_name, 'hh')), 'jj', toUInt8(equals(d_p_name, 'hh')), 'jj', toUInt8(equals(d_p_name, 'gg')), 'jj', toUInt8(equals(d_p_name, ' mm')), 'mm', toUInt8(equals(d_p_name, 'ff')), 'mm', toUInt8(equals(d_p_name, 'ee')), 'mm', toUInt8(equals(d_p_name, 'dd')), 'mm', toUInt8(equals(d_p_name, 'cc')), 'mm', toUInt8(equals(d_p_name, 'bb')), 'mm', toUInt8(equals(d_p_name, 'aa')), 'aa', toUInt8(equals(d_p_name, 'zzz')), 'aa', toUInt8(equals(d_p_name, 'zzz')), 'aa', toUInt8(equals(d_p_name, 'aa')), 'aa', toUInt8(equals(d_p_name, 'sss')), 'aa', toUInt8(equals(d_p_name, 'yyy')), 'kkk', toUInt8(equals(d_p_name, 'yyy ')), 'kkk', toUInt8(equals(d_p_name, 'uuu')), 'lll', toUInt8(equals(d_p_name, 'ccc')), 'lll', toUInt8(equals(d_p_name, ' ccc')), 'ccc', toUInt8(equals(d_p_name, ' ccc ')), 'ccc', toUInt8(equals(d_p_name, ' bbb')), 'bbb', toUInt8(equals(d_p_name, 'www')), 'bbb', toUInt8(equals(d_p_name, 'qqq')), 'bbb', toUInt8(equals(d_p_name, 'qqq')), 'bbb', toUInt8(equals(d_p_name, 'ccc')), 'nn', toUInt8(equals(d_p_name, 'ccc')), 'nn', NULL), ''), isNotNull(multiIf(toUInt8(equals(d_p_name, 'aaa')), 'nn', toUInt8(equals(d_p_name, 'aaa')), 'nn', toUInt8(equals(d_p_name, 'aaa')), 'nn', toUInt8(equals(d_p_name, 'bbb ')), 'ttt', toUInt8(equals(d_p_name, 'bbb')), 'ttt', toUInt8(equals(d_p_name, 'bbb')), 'ttt', toUInt8(equals(d_p_name, 'ddd')), 'ttt', toUInt8(equals(d_p_name, 'bbb ')), 'ttt', toUInt8(equals(d_p_name, 'bbb  ttt')), 'ttt', toUInt8(equals(d_p_name, 'ddd')), 'ttt', toUInt8(equals(d_p_name, 'ccc')), 'ttt', toUInt8(equals(d_p_name, 'ccc ')), 'ttt', toUInt8(equals(d_p_name, 'ccc')), 'ttt', toUInt8(equals(d_p_name, 'ddd')), 'ttt', toUInt8(equals(d_p_name, 'iii')), 'nnn', toUInt8(equals(d_p_name, 'ppp')), 'nnn', toUInt8(equals(d_p_name, 'ppp')), 'nnn', toUInt8(equals(d_p_name, 'kkk')), 'nnn', toUInt8(equals(d_p_name, 'fff5')), 'nnn', toUInt8(equals(d_p_name, 'fff5 hhh')), 'nnn', toUInt8(equals(d_p_name, 'eee4')), 'vvv', toUInt8(equals(d_p_name, 'eee')), 'vvv', toUInt8(equals(d_p_name, 'hhh')), 'mmm', toUInt8(equals(d_p_name, 'hhh ')), 'mmm', toUInt8(equals(d_p_name, 'ggg')), 'mmm', toUInt8(equals(d_p_name, 'ggg ')), 'mmm', toUInt8(equals(d_p_name, 'hhh')), 'mmm', toUInt8(equals(d_p_name, 'hh')), 'jj', toUInt8(equals(d_p_name, 'hh')), 'jj', toUInt8(equals(d_p_name, 'gg')), 'jj', toUInt8(equals(d_p_name, ' mm')), 'mm', toUInt8(equals(d_p_name, 'ff')), 'mm', toUInt8(equals(d_p_name, 'ee')), 'mm', toUInt8(equals(d_p_name, 'dd')), 'mm', toUInt8(equals(d_p_name, 'cc')), 'mm', toUInt8(equals(d_p_name, 'bb')), 'mm', toUInt8(equals(d_p_name, 'aa')), 'aa', toUInt8(equals(d_p_name, 'zzz')), 'aa', toUInt8(equals(d_p_name, 'zzz')), 'aa', toUInt8(equals(d_p_name, 'aa')), 'aa', toUInt8(equals(d_p_name, 'sss')), 'aa', toUInt8(equals(d_p_name, 'yyy')), 'kkk', toUInt8(equals(d_p_name, 'yyy ')), 'kkk', toUInt8(equals(d_p_name, 'uuu')), 'lll', toUInt8(equals(d_p_name, 'ccc')), 'lll', toUInt8(equals(d_p_name, ' ccc')), 'ccc', toUInt8(equals(d_p_name, ' ccc ')), 'ccc', toUInt8(equals(d_p_name, ' bbb')), 'bbb', toUInt8(equals(d_p_name, 'www')), 'bbb', toUInt8(equals(d_p_name, 'qqq')), 'bbb', toUInt8(equals(d_p_name, 'qqq')), 'bbb', toUInt8(equals(d_p_name, 'ccc')), 'nn', toUInt8(equals(d_p_name, 'ccc')), 'nn', NULL)), in(multiIf(in(multiIf(toUInt8(equals(d_p_name, 'aaa')), 'nn', toUInt8(equals(d_p_name, 'aaa')), 'nn', toUInt8(equals(d_p_name, 'aaa')), 'nn', toUInt8(equals(d_p_name, 'bbb ')), 'ttt', toUInt8(equals(d_p_name, 'bbb')), 'ttt', toUInt8(equals(d_p_name, 'bbb')), 'ttt', toUInt8(equals(d_p_name, 'ddd')), 'ttt', toUInt8(equals(d_p_name, 'bbb ')), 'ttt', toUInt8(equals(d_p_name, 'bbb  ttt')), 'ttt', toUInt8(equals(d_p_name, 'ddd')), 'ttt', toUInt8(equals(d_p_name, 'ccc')), 'ttt', toUInt8(equals(d_p_name, 'ccc ')), 'ttt', toUInt8(equals(d_p_name, 'ccc')), 'ttt', toUInt8(equals(d_p_name, 'ddd')), 'ttt', toUInt8(equals(d_p_name, 'iii')), 'nnn', toUInt8(equals(d_p_name, 'ppp')), 'nnn', toUInt8(equals(d_p_name, 'ppp')), 'nnn', toUInt8(equals(d_p_name, 'kkk')), 'nnn', toUInt8(equals(d_p_name, 'fff5')), 'nnn', toUInt8(equals(d_p_name, 'fff5 hhh')), 'nnn', toUInt8(equals(d_p_name, 'eee4')), 'vvv', toUInt8(equals(d_p_name, 'eee')), 'vvv', toUInt8(equals(d_p_name, 'hhh')), 'mmm', toUInt8(equals(d_p_name, 'hhh ')), 'mmm', toUInt8(equals(d_p_name, 'ggg')), 'mmm', toUInt8(equals(d_p_name, 'ggg ')), 'mmm', toUInt8(equals(d_p_name, 'hhh')), 'mmm', toUInt8(equals(d_p_name, 'hh')), 'jj', toUInt8(equals(d_p_name, 'hh')), 'jj', toUInt8(equals(d_p_name, 'gg')), 'jj', toUInt8(equals(d_p_name, ' mm')), 'mm', toUInt8(equals(d_p_name, 'ff')), 'mm', toUInt8(equals(d_p_name, 'ee')), 'mm', toUInt8(equals(d_p_name, 'dd')), 'mm', toUInt8(equals(d_p_name, 'cc')), 'mm', toUInt8(equals(d_p_name, 'bb')), 'mm', toUInt8(equals(d_p_name, 'aa')), 'aa', toUInt8(equals(d_p_name, 'zzz')), 'aa', toUInt8(equals(d_p_name, 'zzz')), 'aa', toUInt8(equals(d_p_name, 'aa')), 'aa', toUInt8(equals(d_p_name, 'sss')), 'aa', toUInt8(equals(d_p_name, 'yyy')), 'kkk', toUInt8(equals(d_p_name, 'yyy ')), 'kkk', toUInt8(equals(d_p_name, 'uuu')), 'lll', toUInt8(equals(d_p_name, 'ccc')), 'lll', toUInt8(equals(d_p_name, ' ccc')), 'ccc', toUInt8(equals(d_p_name, ' ccc ')), 'ccc', toUInt8(equals(d_p_name, ' bbb')), 'bbb', toUInt8(equals(d_p_name, 'www')), 'bbb', toUInt8(equals(d_p_name, 'qqq')), 'bbb', toUInt8(equals(d_p_name, 'qqq')), 'bbb', toUInt8(equals(d_p_name, 'ccc')), 'nn', toUInt8(equals(d_p_name, 'ccc')), 'nn', NULL), ('nn', 'ttt', 'ttt', 'nnn')), 'mm', in(multiIf(toUInt8(equals(d_p_name, 'aaa')), 'nn', toUInt8(equals(d_p_name, 'aaa')), 'nn', toUInt8(equals(d_p_name, 'aaa')), 'nn', toUInt8(equals(d_p_name, 'bbb ')), 'ttt', toUInt8(equals(d_p_name, 'bbb')), 'ttt', toUInt8(equals(d_p_name, 'bbb')), 'ttt', toUInt8(equals(d_p_name, 'ddd')), 'ttt', toUInt8(equals(d_p_name, 'bbb ')), 'ttt', toUInt8(equals(d_p_name, 'bbb  ttt')), 'ttt', toUInt8(equals(d_p_name, 'ddd')), 'ttt', toUInt8(equals(d_p_name, 'ccc')), 'ttt', toUInt8(equals(d_p_name, 'ccc ')), 'ttt', toUInt8(equals(d_p_name, 'ccc')), 'ttt', toUInt8(equals(d_p_name, 'ddd')), 'ttt', toUInt8(equals(d_p_name, 'iii')), 'nnn', toUInt8(equals(d_p_name, 'ppp')), 'nnn', toUInt8(equals(d_p_name, 'ppp')), 'nnn', toUInt8(equals(d_p_name, 'kkk')), 'nnn', toUInt8(equals(d_p_name, 'fff5')), 'nnn', toUInt8(equals(d_p_name, 'fff5 hhh')), 'nnn', toUInt8(equals(d_p_name, 'eee4')), 'vvv', toUInt8(equals(d_p_name, 'eee')), 'vvv', toUInt8(equals(d_p_name, 'hhh')), 'mmm', toUInt8(equals(d_p_name, 'hhh ')), 'mmm', toUInt8(equals(d_p_name, 'ggg')), 'mmm', toUInt8(equals(d_p_name, 'ggg ')), 'mmm', toUInt8(equals(d_p_name, 'hhh')), 'mmm', toUInt8(equals(d_p_name, 'hh')), 'jj', toUInt8(equals(d_p_name, 'hh')), 'jj', toUInt8(equals(d_p_name, 'gg')), 'jj', toUInt8(equals(d_p_name, ' mm')), 'mm', toUInt8(equals(d_p_name, 'ff')), 'mm', toUInt8(equals(d_p_name, 'ee')), 'mm', toUInt8(equals(d_p_name, 'dd')), 'mm', toUInt8(equals(d_p_name, 'cc')), 'mm', toUInt8(equals(d_p_name, 'bb')), 'mm', toUInt8(equals(d_p_name, 'aa')), 'aa', toUInt8(equals(d_p_name, 'zzz')), 'aa', toUInt8(equals(d_p_name, 'zzz')), 'aa', toUInt8(equals(d_p_name, 'aa')), 'aa', toUInt8(equals(d_p_name, 'sss')), 'aa', toUInt8(equals(d_p_name, 'yyy')), 'kkk', toUInt8(equals(d_p_name, 'yyy ')), 'kkk', toUInt8(equals(d_p_name, 'uuu')), 'lll', toUInt8(equals(d_p_name, 'ccc')), 'lll', toUInt8(equals(d_p_name, ' ccc')), 'ccc', toUInt8(equals(d_p_name, ' ccc ')), 'ccc', toUInt8(equals(d_p_name, ' bbb')), 'bbb', toUInt8(equals(d_p_name, 'www')), 'bbb', toUInt8(equals(d_p_name, 'qqq')), 'bbb', toUInt8(equals(d_p_name, 'qqq')), 'bbb', toUInt8(equals(d_p_name, 'ccc')), 'nn', toUInt8(equals(d_p_name, 'ccc')), 'nn', NULL), ('lll', 'ccc', 'bbb', 'nn')), 'P', in(multiIf(toUInt8(equals(d_p_name, 'aaa')), 'nn', toUInt8(equals(d_p_name, 'aaa')), 'nn', toUInt8(equals(d_p_name, 'aaa')), 'nn', toUInt8(equals(d_p_name, 'bbb ')), 'ttt', toUInt8(equals(d_p_name, 'bbb')), 'ttt', toUInt8(equals(d_p_name, 'bbb')), 'ttt', toUInt8(equals(d_p_name, 'ddd')), 'ttt', toUInt8(equals(d_p_name, 'bbb ')), 'ttt', toUInt8(equals(d_p_name, 'bbb  ttt')), 'ttt', toUInt8(equals(d_p_name, 'ddd')), 'ttt', toUInt8(equals(d_p_name, 'ccc')), 'ttt', toUInt8(equals(d_p_name, 'ccc ')), 'ttt', toUInt8(equals(d_p_name, 'ccc')), 'ttt', toUInt8(equals(d_p_name, 'ddd')), 'ttt', toUInt8(equals(d_p_name, 'iii')), 'nnn', toUInt8(equals(d_p_name, 'ppp')), 'nnn', toUInt8(equals(d_p_name, 'ppp')), 'nnn', toUInt8(equals(d_p_name, 'kkk')), 'nnn', toUInt8(equals(d_p_name, 'fff5')), 'nnn', toUInt8(equals(d_p_name, 'fff5 hhh')), 'nnn', toUInt8(equals(d_p_name, 'eee4')), 'vvv', toUInt8(equals(d_p_name, 'eee')), 'vvv', toUInt8(equals(d_p_name, 'hhh')), 'mmm', toUInt8(equals(d_p_name, 'hhh ')), 'mmm', toUInt8(equals(d_p_name, 'ggg')), 'mmm', toUInt8(equals(d_p_name, 'ggg ')), 'mmm', toUInt8(equals(d_p_name, 'hhh')), 'mmm', toUInt8(equals(d_p_name, 'hh')), 'jj', toUInt8(equals(d_p_name, 'hh')), 'jj', toUInt8(equals(d_p_name, 'gg')), 'jj', toUInt8(equals(d_p_name, ' mm')), 'mm', toUInt8(equals(d_p_name, 'ff')), 'mm', toUInt8(equals(d_p_name, 'ee')), 'mm', toUInt8(equals(d_p_name, 'dd')), 'mm', toUInt8(equals(d_p_name, 'cc')), 'mm', toUInt8(equals(d_p_name, 'bb')), 'mm', toUInt8(equals(d_p_name, 'aa')), 'aa', toUInt8(equals(d_p_name, 'zzz')), 'aa', toUInt8(equals(d_p_name, 'zzz')), 'aa', toUInt8(equals(d_p_name, 'aa')), 'aa', toUInt8(equals(d_p_name, 'sss')), 'aa', toUInt8(equals(d_p_name, 'yyy')), 'kkk', toUInt8(equals(d_p_name, 'yyy ')), 'kkk', toUInt8(equals(d_p_name, 'uuu')), 'lll', toUInt8(equals(d_p_name, 'ccc')), 'lll', toUInt8(equals(d_p_name, ' ccc')), 'ccc', toUInt8(equals(d_p_name, ' ccc ')), 'ccc', toUInt8(equals(d_p_name, ' bbb')), 'bbb', toUInt8(equals(d_p_name, 'www')), 'bbb', toUInt8(equals(d_p_name, 'qqq')), 'bbb', toUInt8(equals(d_p_name, 'qqq')), 'bbb', toUInt8(equals(d_p_name, 'ccc')), 'nn', toUInt8(equals(d_p_name, 'ccc')), 'nn', NULL), ('vvv', 'mmm', 'jj', 'mm', 'aa', 'kkk')), 'nn', toString(multiIf(toUInt8(equals(d_p_name, 'aaa')), 'nn', toUInt8(equals(d_p_name, 'aaa')), 'nn', toUInt8(equals(d_p_name, 'aaa')), 'nn', toUInt8(equals(d_p_name, 'bbb ')), 'ttt', toUInt8(equals(d_p_name, 'bbb')), 'ttt', toUInt8(equals(d_p_name, 'bbb')), 'ttt', toUInt8(equals(d_p_name, 'ddd')), 'ttt', toUInt8(equals(d_p_name, 'bbb ')), 'ttt', toUInt8(equals(d_p_name, 'bbb  ttt')), 'ttt', toUInt8(equals(d_p_name, 'ddd')), 'ttt', toUInt8(equals(d_p_name, 'ccc')), 'ttt', toUInt8(equals(d_p_name, 'ccc ')), 'ttt', toUInt8(equals(d_p_name, 'ccc')), 'ttt', toUInt8(equals(d_p_name, 'ddd')), 'ttt', toUInt8(equals(d_p_name, 'iii')), 'nnn', toUInt8(equals(d_p_name, 'ppp')), 'nnn', toUInt8(equals(d_p_name, 'ppp')), 'nnn', toUInt8(equals(d_p_name, 'kkk')), 'nnn', toUInt8(equals(d_p_name, 'fff5')), 'nnn', toUInt8(equals(d_p_name, 'fff5 hhh')), 'nnn', toUInt8(equals(d_p_name, 'eee4')), 'vvv', toUInt8(equals(d_p_name, 'eee')), 'vvv', toUInt8(equals(d_p_name, 'hhh')), 'mmm', toUInt8(equals(d_p_name, 'hhh ')), 'mmm', toUInt8(equals(d_p_name, 'ggg')), 'mmm', toUInt8(equals(d_p_name, 'ggg ')), 'mmm', toUInt8(equals(d_p_name, 'hhh')), 'mmm', toUInt8(equals(d_p_name, 'hh')), 'jj', toUInt8(equals(d_p_name, 'hh')), 'jj', toUInt8(equals(d_p_name, 'gg')), 'jj', toUInt8(equals(d_p_name, ' mm')), 'mm', toUInt8(equals(d_p_name, 'ff')), 'mm', toUInt8(equals(d_p_name, 'ee')), 'mm', toUInt8(equals(d_p_name, 'dd')), 'mm', toUInt8(equals(d_p_name, 'cc')), 'mm', toUInt8(equals(d_p_name, 'bb')), 'mm', toUInt8(equals(d_p_name, 'aa')), 'aa', toUInt8(equals(d_p_name, 'zzz')), 'aa', toUInt8(equals(d_p_name, 'zzz')), 'aa', toUInt8(equals(d_p_name, 'aa')), 'aa', toUInt8(equals(d_p_name, 'sss')), 'aa', toUInt8(equals(d_p_name, 'yyy')), 'kkk', toUInt8(equals(d_p_name, 'yyy ')), 'kkk', toUInt8(equals(d_p_name, 'uuu')), 'lll', toUInt8(equals(d_p_name, 'ccc')), 'lll', toUInt8(equals(d_p_name, ' ccc')), 'ccc', toUInt8(equals(d_p_name, ' ccc ')), 'ccc', toUInt8(equals(d_p_name, ' bbb')), 'bbb', toUInt8(equals(d_p_name, 'www')), 'bbb', toUInt8(equals(d_p_name, 'qqq')), 'bbb', toUInt8(equals(d_p_name, 'qqq')), 'bbb', toUInt8(equals(d_p_name, 'ccc')), 'nn', toUInt8(equals(d_p_name, 'ccc')), 'nn', NULL))), 'mm'), in(multiIf(toUInt8(equals(d_p_name, 'aaa')), 'nn', toUInt8(equals(d_p_name, 'aaa')), 'nn', toUInt8(equals(d_p_name, 'aaa')), 'nn', toUInt8(equals(d_p_name, 'bbb ')), 'ttt', toUInt8(equals(d_p_name, 'bbb')), 'ttt', toUInt8(equals(d_p_name, 'bbb')), 'ttt', toUInt8(equals(d_p_name, 'ddd')), 'ttt', toUInt8(equals(d_p_name, 'bbb ')), 'ttt', toUInt8(equals(d_p_name, 'bbb  ttt')), 'ttt', toUInt8(equals(d_p_name, 'ddd')), 'ttt', toUInt8(equals(d_p_name, 'ccc')), 'ttt', toUInt8(equals(d_p_name, 'ccc ')), 'ttt', toUInt8(equals(d_p_name, 'ccc')), 'ttt', toUInt8(equals(d_p_name, 'ddd')), 'ttt', toUInt8(equals(d_p_name, 'iii')), 'nnn', toUInt8(equals(d_p_name, 'ppp')), 'nnn', toUInt8(equals(d_p_name, 'ppp')), 'nnn', toUInt8(equals(d_p_name, 'kkk')), 'nnn', toUInt8(equals(d_p_name, 'fff5')), 'nnn', toUInt8(equals(d_p_name, 'fff5 hhh')), 'nnn', toUInt8(equals(d_p_name, 'eee4')), 'vvv', toUInt8(equals(d_p_name, 'eee')), 'vvv', toUInt8(equals(d_p_name, 'hhh')), 'mmm', toUInt8(equals(d_p_name, 'hhh ')), 'mmm', toUInt8(equals(d_p_name, 'ggg')), 'mmm', toUInt8(equals(d_p_name, 'ggg ')), 'mmm', toUInt8(equals(d_p_name, 'hhh')), 'mmm', toUInt8(equals(d_p_name, 'hh')), 'jj', toUInt8(equals(d_p_name, 'hh')), 'jj', toUInt8(equals(d_p_name, 'gg')), 'jj', toUInt8(equals(d_p_name, ' mm')), 'mm', toUInt8(equals(d_p_name, 'ff')), 'mm', toUInt8(equals(d_p_name, 'ee')), 'mm', toUInt8(equals(d_p_name, 'dd')), 'mm', toUInt8(equals(d_p_name, 'cc')), 'mm', toUInt8(equals(d_p_name, 'bb')), 'mm', toUInt8(equals(d_p_name, 'aa')), 'aa', toUInt8(equals(d_p_name, 'zzz')), 'aa', toUInt8(equals(d_p_name, 'zzz')), 'aa', toUInt8(equals(d_p_name, 'aa')), 'aa', toUInt8(equals(d_p_name, 'sss')), 'aa', toUInt8(equals(d_p_name, 'yyy')), 'kkk', toUInt8(equals(d_p_name, 'yyy ')), 'kkk', toUInt8(equals(d_p_name, 'uuu')), 'lll', toUInt8(equals(d_p_name, 'ccc')), 'lll', toUInt8(equals(d_p_name, ' ccc')), 'ccc', toUInt8(equals(d_p_name, ' ccc ')), 'ccc', toUInt8(equals(d_p_name, ' bbb')), 'bbb', toUInt8(equals(d_p_name, 'www')), 'bbb', toUInt8(equals(d_p_name, 'qqq')), 'bbb', toUInt8(equals(d_p_name, 'qqq')), 'bbb', toUInt8(equals(d_p_name, 'ccc')), 'nn', toUInt8(equals(d_p_name, 'ccc')), 'nn', NULL), ('mmm', 'jj', 'mm', 'aa', 'kkk'))), and(less(pt_d, toDate(16356096000)), greaterOrEquals(pt_d, toDate(163552)), less(pt_d, toDate(16356096000)), greaterOrEquals(pt_d, toDate(163552))))", "Type": "Nullable(UInt8)"}], "Positions": [1, 2, 3, 4], "Project Input": true}, "Plans": [{"Node Type": "SettingQuotaAndLimits", "Description": "Set limits and quota after reading from storage", "Header": [{"Name": "and(notIn(multiIf(toUInt8(equals(d_p_name, 'aaa')), 'nn', toUInt8(equals(d_p_name, 'aaa')), 'nn', toUInt8(equals(d_p_name, 'aaa')), 'nn', toUInt8(equals(d_p_name, 'bbb ')), 'ttt', toUInt8(equals(d_p_name, 'bbb')), 'ttt', toUInt8(equals(d_p_name, 'bbb')), 'ttt', toUInt8(equals(d_p_name, 'ddd')), 'ttt', toUInt8(equals(d_p_name, 'bbb ')), 'ttt', toUInt8(equals(d_p_name, 'bbb  ttt')), 'ttt', toUInt8(equals(d_p_name, 'ddd')), 'ttt', toUInt8(equals(d_p_name, 'ccc')), 'ttt', toUInt8(equals(d_p_name, 'ccc ')), 'ttt', toUInt8(equals(d_p_name, 'ccc')), 'ttt', toUInt8(equals(d_p_name, 'ddd')), 'ttt', toUInt8(equals(d_p_name, 'iii')), 'nnn', toUInt8(equals(d_p_name, 'ppp')), 'nnn', toUInt8(equals(d_p_name, 'ppp')), 'nnn', toUInt8(equals(d_p_name, 'kkk')), 'nnn', toUInt8(equals(d_p_name, 'fff5')), 'nnn', toUInt8(equals(d_p_name, 'fff5 hhh')), 'nnn', toUInt8(equals(d_p_name, 'eee4')), 'vvv', toUInt8(equals(d_p_name, 'eee')), 'vvv', toUInt8(equals(d_p_name, 'hhh')), 'mmm', toUInt8(equals(d_p_name, 'hhh ')), 'mmm', toUInt8(equals(d_p_name, 'ggg')), 'mmm', toUInt8(equals(d_p_name, 'ggg ')), 'mmm', toUInt8(equals(d_p_name, 'hhh')), 'mmm', toUInt8(equals(d_p_name, 'hh')), 'jj', toUInt8(equals(d_p_name, 'hh')), 'jj', toUInt8(equals(d_p_name, 'gg')), 'jj', toUInt8(equals(d_p_name, ' mm')), 'mm', toUInt8(equals(d_p_name, 'ff')), 'mm', toUInt8(equals(d_p_name, 'ee')), 'mm', toUInt8(equals(d_p_name, 'dd')), 'mm', toUInt8(equals(d_p_name, 'cc')), 'mm', toUInt8(equals(d_p_name, 'bb')), 'mm', toUInt8(equals(d_p_name, 'aa')), 'aa', toUInt8(equals(d_p_name, 'zzz')), 'aa', toUInt8(equals(d_p_name, 'zzz')), 'aa', toUInt8(equals(d_p_name, 'aa')), 'aa', toUInt8(equals(d_p_name, 'sss')), 'aa', toUInt8(equals(d_p_name, 'yyy')), 'kkk', toUInt8(equals(d_p_name, 'yyy ')), 'kkk', toUInt8(equals(d_p_name, 'uuu')), 'lll', toUInt8(equals(d_p_name, 'ccc')), 'lll', toUInt8(equals(d_p_name, ' ccc')), 'ccc', toUInt8(equals(d_p_name, ' ccc ')), 'ccc', toUInt8(equals(d_p_name, ' bbb')), 'bbb', toUInt8(equals(d_p_name, 'www')), 'bbb', toUInt8(equals(d_p_name, 'qqq')), 'bbb', toUInt8(equals(d_p_name, 'qqq')), 'bbb', toUInt8(equals(d_p_name, 'ccc')), 'nn', toUInt8(equals(d_p_name, 'ccc')), 'nn', NULL), ''), isNotNull(multiIf(toUInt8(equals(d_p_name, 'aaa')), 'nn', toUInt8(equals(d_p_name, 'aaa')), 'nn', toUInt8(equals(d_p_name, 'aaa')), 'nn', toUInt8(equals(d_p_name, 'bbb ')), 'ttt', toUInt8(equals(d_p_name, 'bbb')), 'ttt', toUInt8(equals(d_p_name, 'bbb')), 'ttt', toUInt8(equals(d_p_name, 'ddd')), 'ttt', toUInt8(equals(d_p_name, 'bbb ')), 'ttt', toUInt8(equals(d_p_name, 'bbb  ttt')), 'ttt', toUInt8(equals(d_p_name, 'ddd')), 'ttt', toUInt8(equals(d_p_name, 'ccc')), 'ttt', toUInt8(equals(d_p_name, 'ccc ')), 'ttt', toUInt8(equals(d_p_name, 'ccc')), 'ttt', toUInt8(equals(d_p_name, 'ddd')), 'ttt', toUInt8(equals(d_p_name, 'iii')), 'nnn', toUInt8(equals(d_p_name, 'ppp')), 'nnn', toUInt8(equals(d_p_name, 'ppp')), 'nnn', toUInt8(equals(d_p_name, 'kkk')), 'nnn', toUInt8(equals(d_p_name, 'fff5')), 'nnn', toUInt8(equals(d_p_name, 'fff5 hhh')), 'nnn', toUInt8(equals(d_p_name, 'eee4')), 'vvv', toUInt8(equals(d_p_name, 'eee')), 'vvv', toUInt8(equals(d_p_name, 'hhh')), 'mmm', toUInt8(equals(d_p_name, 'hhh ')), 'mmm', toUInt8(equals(d_p_name, 'ggg')), 'mmm', toUInt8(equals(d_p_name, 'ggg ')), 'mmm', toUInt8(equals(d_p_name, 'hhh')), 'mmm', toUInt8(equals(d_p_name, 'hh')), 'jj', toUInt8(equals(d_p_name, 'hh')), 'jj', toUInt8(equals(d_p_name, 'gg')), 'jj', toUInt8(equals(d_p_name, ' mm')), 'mm', toUInt8(equals(d_p_name, 'ff')), 'mm', toUInt8(equals(d_p_name, 'ee')), 'mm', toUInt8(equals(d_p_name, 'dd')), 'mm', toUInt8(equals(d_p_name, 'cc')), 'mm', toUInt8(equals(d_p_name, 'bb')), 'mm', toUInt8(equals(d_p_name, 'aa')), 'aa', toUInt8(equals(d_p_name, 'zzz')), 'aa', toUInt8(equals(d_p_name, 'zzz')), 'aa', toUInt8(equals(d_p_name, 'aa')), 'aa', toUInt8(equals(d_p_name, 'sss')), 'aa', toUInt8(equals(d_p_name, 'yyy')), 'kkk', toUInt8(equals(d_p_name, 'yyy ')), 'kkk', toUInt8(equals(d_p_name, 'uuu')), 'lll', toUInt8(equals(d_p_name, 'ccc')), 'lll', toUInt8(equals(d_p_name, ' ccc')), 'ccc', toUInt8(equals(d_p_name, ' ccc ')), 'ccc', toUInt8(equals(d_p_name, ' bbb')), 'bbb', toUInt8(equals(d_p_name, 'www')), 'bbb', toUInt8(equals(d_p_name, 'qqq')), 'bbb', toUInt8(equals(d_p_name, 'qqq')), 'bbb', toUInt8(equals(d_p_name, 'ccc')), 'nn', toUInt8(equals(d_p_name, 'ccc')), 'nn', NULL)), in(multiIf(in(multiIf(toUInt8(equals(d_p_name, 'aaa')), 'nn', toUInt8(equals(d_p_name, 'aaa')), 'nn', toUInt8(equals(d_p_name, 'aaa')), 'nn', toUInt8(equals(d_p_name, 'bbb ')), 'ttt', toUInt8(equals(d_p_name, 'bbb')), 'ttt', toUInt8(equals(d_p_name, 'bbb')), 'ttt', toUInt8(equals(d_p_name, 'ddd')), 'ttt', toUInt8(equals(d_p_name, 'bbb ')), 'ttt', toUInt8(equals(d_p_name, 'bbb  ttt')), 'ttt', toUInt8(equals(d_p_name, 'ddd')), 'ttt', toUInt8(equals(d_p_name, 'ccc')), 'ttt', toUInt8(equals(d_p_name, 'ccc ')), 'ttt', toUInt8(equals(d_p_name, 'ccc')), 'ttt', toUInt8(equals(d_p_name, 'ddd')), 'ttt', toUInt8(equals(d_p_name, 'iii')), 'nnn', toUInt8(equals(d_p_name, 'ppp')), 'nnn', toUInt8(equals(d_p_name, 'ppp')), 'nnn', toUInt8(equals(d_p_name, 'kkk')), 'nnn', toUInt8(equals(d_p_name, 'fff5')), 'nnn', toUInt8(equals(d_p_name, 'fff5 hhh')), 'nnn', toUInt8(equals(d_p_name, 'eee4')), 'vvv', toUInt8(equals(d_p_name, 'eee')), 'vvv', toUInt8(equals(d_p_name, 'hhh')), 'mmm', toUInt8(equals(d_p_name, 'hhh ')), 'mmm', toUInt8(equals(d_p_name, 'ggg')), 'mmm', toUInt8(equals(d_p_name, 'ggg ')), 'mmm', toUInt8(equals(d_p_name, 'hhh')), 'mmm', toUInt8(equals(d_p_name, 'hh')), 'jj', toUInt8(equals(d_p_name, 'hh')), 'jj', toUInt8(equals(d_p_name, 'gg')), 'jj', toUInt8(equals(d_p_name, ' mm')), 'mm', toUInt8(equals(d_p_name, 'ff')), 'mm', toUInt8(equals(d_p_name, 'ee')), 'mm', toUInt8(equals(d_p_name, 'dd')), 'mm', toUInt8(equals(d_p_name, 'cc')), 'mm', toUInt8(equals(d_p_name, 'bb')), 'mm', toUInt8(equals(d_p_name, 'aa')), 'aa', toUInt8(equals(d_p_name, 'zzz')), 'aa', toUInt8(equals(d_p_name, 'zzz')), 'aa', toUInt8(equals(d_p_name, 'aa')), 'aa', toUInt8(equals(d_p_name, 'sss')), 'aa', toUInt8(equals(d_p_name, 'yyy')), 'kkk', toUInt8(equals(d_p_name, 'yyy ')), 'kkk', toUInt8(equals(d_p_name, 'uuu')), 'lll', toUInt8(equals(d_p_name, 'ccc')), 'lll', toUInt8(equals(d_p_name, ' ccc')), 'ccc', toUInt8(equals(d_p_name, ' ccc ')), 'ccc', toUInt8(equals(d_p_name, ' bbb')), 'bbb', toUInt8(equals(d_p_name, 'www')), 'bbb', toUInt8(equals(d_p_name, 'qqq')), 'bbb', toUInt8(equals(d_p_name, 'qqq')), 'bbb', toUInt8(equals(d_p_name, 'ccc')), 'nn', toUInt8(equals(d_p_name, 'ccc')), 'nn', NULL), ('nn', 'ttt', 'ttt', 'nnn')), 'mm', in(multiIf(toUInt8(equals(d_p_name, 'aaa')), 'nn', toUInt8(equals(d_p_name, 'aaa')), 'nn', toUInt8(equals(d_p_name, 'aaa')), 'nn', toUInt8(equals(d_p_name, 'bbb ')), 'ttt', toUInt8(equals(d_p_name, 'bbb')), 'ttt', toUInt8(equals(d_p_name, 'bbb')), 'ttt', toUInt8(equals(d_p_name, 'ddd')), 'ttt', toUInt8(equals(d_p_name, 'bbb ')), 'ttt', toUInt8(equals(d_p_name, 'bbb  ttt')), 'ttt', toUInt8(equals(d_p_name, 'ddd')), 'ttt', toUInt8(equals(d_p_name, 'ccc')), 'ttt', toUInt8(equals(d_p_name, 'ccc ')), 'ttt', toUInt8(equals(d_p_name, 'ccc')), 'ttt', toUInt8(equals(d_p_name, 'ddd')), 'ttt', toUInt8(equals(d_p_name, 'iii')), 'nnn', toUInt8(equals(d_p_name, 'ppp')), 'nnn', toUInt8(equals(d_p_name, 'ppp')), 'nnn', toUInt8(equals(d_p_name, 'kkk')), 'nnn', toUInt8(equals(d_p_name, 'fff5')), 'nnn', toUInt8(equals(d_p_name, 'fff5 hhh')), 'nnn', toUInt8(equals(d_p_name, 'eee4')), 'vvv', toUInt8(equals(d_p_name, 'eee')), 'vvv', toUInt8(equals(d_p_name, 'hhh')), 'mmm', toUInt8(equals(d_p_name, 'hhh ')), 'mmm', toUInt8(equals(d_p_name, 'ggg')), 'mmm', toUInt8(equals(d_p_name, 'ggg ')), 'mmm', toUInt8(equals(d_p_name, 'hhh')), 'mmm', toUInt8(equals(d_p_name, 'hh')), 'jj', toUInt8(equals(d_p_name, 'hh')), 'jj', toUInt8(equals(d_p_name, 'gg')), 'jj', toUInt8(equals(d_p_name, ' mm')), 'mm', toUInt8(equals(d_p_name, 'ff')), 'mm', toUInt8(equals(d_p_name, 'ee')), 'mm', toUInt8(equals(d_p_name, 'dd')), 'mm', toUInt8(equals(d_p_name, 'cc')), 'mm', toUInt8(equals(d_p_name, 'bb')), 'mm', toUInt8(equals(d_p_name, 'aa')), 'aa', toUInt8(equals(d_p_name, 'zzz')), 'aa', toUInt8(equals(d_p_name, 'zzz')), 'aa', toUInt8(equals(d_p_name, 'aa')), 'aa', toUInt8(equals(d_p_name, 'sss')), 'aa', toUInt8(equals(d_p_name, 'yyy')), 'kkk', toUInt8(equals(d_p_name, 'yyy ')), 'kkk', toUInt8(equals(d_p_name, 'uuu')), 'lll', toUInt8(equals(d_p_name, 'ccc')), 'lll', toUInt8(equals(d_p_name, ' ccc')), 'ccc', toUInt8(equals(d_p_name, ' ccc ')), 'ccc', toUInt8(equals(d_p_name, ' bbb')), 'bbb', toUInt8(equals(d_p_name, 'www')), 'bbb', toUInt8(equals(d_p_name, 'qqq')), 'bbb', toUInt8(equals(d_p_name, 'qqq')), 'bbb', toUInt8(equals(d_p_name, 'ccc')), 'nn', toUInt8(equals(d_p_name, 'ccc')), 'nn', NULL), ('lll', 'ccc', 'bbb', 'nn')), 'P', in(multiIf(toUInt8(equals(d_p_name, 'aaa')), 'nn', toUInt8(equals(d_p_name, 'aaa')), 'nn', toUInt8(equals(d_p_name, 'aaa')), 'nn', toUInt8(equals(d_p_name, 'bbb ')), 'ttt', toUInt8(equals(d_p_name, 'bbb')), 'ttt', toUInt8(equals(d_p_name, 'bbb')), 'ttt', toUInt8(equals(d_p_name, 'ddd')), 'ttt', toUInt8(equals(d_p_name, 'bbb ')), 'ttt', toUInt8(equals(d_p_name, 'bbb  ttt')), 'ttt', toUInt8(equals(d_p_name, 'ddd')), 'ttt', toUInt8(equals(d_p_name, 'ccc')), 'ttt', toUInt8(equals(d_p_name, 'ccc ')), 'ttt', toUInt8(equals(d_p_name, 'ccc')), 'ttt', toUInt8(equals(d_p_name, 'ddd')), 'ttt', toUInt8(equals(d_p_name, 'iii')), 'nnn', toUInt8(equals(d_p_name, 'ppp')), 'nnn', toUInt8(equals(d_p_name, 'ppp')), 'nnn', toUInt8(equals(d_p_name, 'kkk')), 'nnn', toUInt8(equals(d_p_name, 'fff5')), 'nnn', toUInt8(equals(d_p_name, 'fff5 hhh')), 'nnn', toUInt8(equals(d_p_name, 'eee4')), 'vvv', toUInt8(equals(d_p_name, 'eee')), 'vvv', toUInt8(equals(d_p_name, 'hhh')), 'mmm', toUInt8(equals(d_p_name, 'hhh ')), 'mmm', toUInt8(equals(d_p_name, 'ggg')), 'mmm', toUInt8(equals(d_p_name, 'ggg ')), 'mmm', toUInt8(equals(d_p_name, 'hhh')), 'mmm', toUInt8(equals(d_p_name, 'hh')), 'jj', toUInt8(equals(d_p_name, 'hh')), 'jj', toUInt8(equals(d_p_name, 'gg')), 'jj', toUInt8(equals(d_p_name, ' mm')), 'mm', toUInt8(equals(d_p_name, 'ff')), 'mm', toUInt8(equals(d_p_name, 'ee')), 'mm', toUInt8(equals(d_p_name, 'dd')), 'mm', toUInt8(equals(d_p_name, 'cc')), 'mm', toUInt8(equals(d_p_name, 'bb')), 'mm', toUInt8(equals(d_p_name, 'aa')), 'aa', toUInt8(equals(d_p_name, 'zzz')), 'aa', toUInt8(equals(d_p_name, 'zzz')), 'aa', toUInt8(equals(d_p_name, 'aa')), 'aa', toUInt8(equals(d_p_name, 'sss')), 'aa', toUInt8(equals(d_p_name, 'yyy')), 'kkk', toUInt8(equals(d_p_name, 'yyy ')), 'kkk', toUInt8(equals(d_p_name, 'uuu')), 'lll', toUInt8(equals(d_p_name, 'ccc')), 'lll', toUInt8(equals(d_p_name, ' ccc')), 'ccc', toUInt8(equals(d_p_name, ' ccc ')), 'ccc', toUInt8(equals(d_p_name, ' bbb')), 'bbb', toUInt8(equals(d_p_name, 'www')), 'bbb', toUInt8(equals(d_p_name, 'qqq')), 'bbb', toUInt8(equals(d_p_name, 'qqq')), 'bbb', toUInt8(equals(d_p_name, 'ccc')), 'nn', toUInt8(equals(d_p_name, 'ccc')), 'nn', NULL), ('vvv', 'mmm', 'jj', 'mm', 'aa', 'kkk')), 'nn', toString(multiIf(toUInt8(equals(d_p_name, 'aaa')), 'nn', toUInt8(equals(d_p_name, 'aaa')), 'nn', toUInt8(equals(d_p_name, 'aaa')), 'nn', toUInt8(equals(d_p_name, 'bbb ')), 'ttt', toUInt8(equals(d_p_name, 'bbb')), 'ttt', toUInt8(equals(d_p_name, 'bbb')), 'ttt', toUInt8(equals(d_p_name, 'ddd')), 'ttt', toUInt8(equals(d_p_name, 'bbb ')), 'ttt', toUInt8(equals(d_p_name, 'bbb  ttt')), 'ttt', toUInt8(equals(d_p_name, 'ddd')), 'ttt', toUInt8(equals(d_p_name, 'ccc')), 'ttt', toUInt8(equals(d_p_name, 'ccc ')), 'ttt', toUInt8(equals(d_p_name, 'ccc')), 'ttt', toUInt8(equals(d_p_name, 'ddd')), 'ttt', toUInt8(equals(d_p_name, 'iii')), 'nnn', toUInt8(equals(d_p_name, 'ppp')), 'nnn', toUInt8(equals(d_p_name, 'ppp')), 'nnn', toUInt8(equals(d_p_name, 'kkk')), 'nnn', toUInt8(equals(d_p_name, 'fff5')), 'nnn', toUInt8(equals(d_p_name, 'fff5 hhh')), 'nnn', toUInt8(equals(d_p_name, 'eee4')), 'vvv', toUInt8(equals(d_p_name, 'eee')), 'vvv', toUInt8(equals(d_p_name, 'hhh')), 'mmm', toUInt8(equals(d_p_name, 'hhh ')), 'mmm', toUInt8(equals(d_p_name, 'ggg')), 'mmm', toUInt8(equals(d_p_name, 'ggg ')), 'mmm', toUInt8(equals(d_p_name, 'hhh')), 'mmm', toUInt8(equals(d_p_name, 'hh')), 'jj', toUInt8(equals(d_p_name, 'hh')), 'jj', toUInt8(equals(d_p_name, 'gg')), 'jj', toUInt8(equals(d_p_name, ' mm')), 'mm', toUInt8(equals(d_p_name, 'ff')), 'mm', toUInt8(equals(d_p_name, 'ee')), 'mm', toUInt8(equals(d_p_name, 'dd')), 'mm', toUInt8(equals(d_p_name, 'cc')), 'mm', toUInt8(equals(d_p_name, 'bb')), 'mm', toUInt8(equals(d_p_name, 'aa')), 'aa', toUInt8(equals(d_p_name, 'zzz')), 'aa', toUInt8(equals(d_p_name, 'zzz')), 'aa', toUInt8(equals(d_p_name, 'aa')), 'aa', toUInt8(equals(d_p_name, 'sss')), 'aa', toUInt8(equals(d_p_name, 'yyy')), 'kkk', toUInt8(equals(d_p_name, 'yyy ')), 'kkk', toUInt8(equals(d_p_name, 'uuu')), 'lll', toUInt8(equals(d_p_name, 'ccc')), 'lll', toUInt8(equals(d_p_name, ' ccc')), 'ccc', toUInt8(equals(d_p_name, ' ccc ')), 'ccc', toUInt8(equals(d_p_name, ' bbb')), 'bbb', toUInt8(equals(d_p_name, 'www')), 'bbb', toUInt8(equals(d_p_name, 'qqq')), 'bbb', toUInt8(equals(d_p_name, 'qqq')), 'bbb', toUInt8(equals(d_p_name, 'ccc')), 'nn', toUInt8(equals(d_p_name, 'ccc')), 'nn', NULL))), 'mm'), in(multiIf(toUInt8(equals(d_p_name, 'aaa')), 'nn', toUInt8(equals(d_p_name, 'aaa')), 'nn', toUInt8(equals(d_p_name, 'aaa')), 'nn', toUInt8(equals(d_p_name, 'bbb ')), 'ttt', toUInt8(equals(d_p_name, 'bbb')), 'ttt', toUInt8(equals(d_p_name, 'bbb')), 'ttt', toUInt8(equals(d_p_name, 'ddd')), 'ttt', toUInt8(equals(d_p_name, 'bbb ')), 'ttt', toUInt8(equals(d_p_name, 'bbb  ttt')), 'ttt', toUInt8(equals(d_p_name, 'ddd')), 'ttt', toUInt8(equals(d_p_name, 'ccc')), 'ttt', toUInt8(equals(d_p_name, 'ccc ')), 'ttt', toUInt8(equals(d_p_name, 'ccc')), 'ttt', toUInt8(equals(d_p_name, 'ddd')), 'ttt', toUInt8(equals(d_p_name, 'iii')), 'nnn', toUInt8(equals(d_p_name, 'ppp')), 'nnn', toUInt8(equals(d_p_name, 'ppp')), 'nnn', toUInt8(equals(d_p_name, 'kkk')), 'nnn', toUInt8(equals(d_p_name, 'fff5')), 'nnn', toUInt8(equals(d_p_name, 'fff5 hhh')), 'nnn', toUInt8(equals(d_p_name, 'eee4')), 'vvv', toUInt8(equals(d_p_name, 'eee')), 'vvv', toUInt8(equals(d_p_name, 'hhh')), 'mmm', toUInt8(equals(d_p_name, 'hhh ')), 'mmm', toUInt8(equals(d_p_name, 'ggg')), 'mmm', toUInt8(equals(d_p_name, 'ggg ')), 'mmm', toUInt8(equals(d_p_name, 'hhh')), 'mmm', toUInt8(equals(d_p_name, 'hh')), 'jj', toUInt8(equals(d_p_name, 'hh')), 'jj', toUInt8(equals(d_p_name, 'gg')), 'jj', toUInt8(equals(d_p_name, ' mm')), 'mm', toUInt8(equals(d_p_name, 'ff')), 'mm', toUInt8(equals(d_p_name, 'ee')), 'mm', toUInt8(equals(d_p_name, 'dd')), 'mm', toUInt8(equals(d_p_name, 'cc')), 'mm', toUInt8(equals(d_p_name, 'bb')), 'mm', toUInt8(equals(d_p_name, 'aa')), 'aa', toUInt8(equals(d_p_name, 'zzz')), 'aa', toUInt8(equals(d_p_name, 'zzz')), 'aa', toUInt8(equals(d_p_name, 'aa')), 'aa', toUInt8(equals(d_p_name, 'sss')), 'aa', toUInt8(equals(d_p_name, 'yyy')), 'kkk', toUInt8(equals(d_p_name, 'yyy ')), 'kkk', toUInt8(equals(d_p_name, 'uuu')), 'lll', toUInt8(equals(d_p_name, 'ccc')), 'lll', toUInt8(equals(d_p_name, ' ccc')), 'ccc', toUInt8(equals(d_p_name, ' ccc ')), 'ccc', toUInt8(equals(d_p_name, ' bbb')), 'bbb', toUInt8(equals(d_p_name, 'www')), 'bbb', toUInt8(equals(d_p_name, 'qqq')), 'bbb', toUInt8(equals(d_p_name, 'qqq')), 'bbb', toUInt8(equals(d_p_name, 'ccc')), 'nn', toUInt8(equals(d_p_name, 'ccc')), 'nn', NULL), ('mmm', 'jj', 'mm', 'aa', 'kkk')))", "Type": "Nullable(UInt8)"}, {"Name": "multiIf(toUInt8(equals(d_p_name, 'aaa')), 'nn', toUInt8(equals(d_p_name, 'aaa')), 'nn', toUInt8(equals(d_p_name, 'aaa')), 'nn', toUInt8(equals(d_p_name, 'bbb ')), 'ttt', toUInt8(equals(d_p_name, 'bbb')), 'ttt', toUInt8(equals(d_p_name, 'bbb')), 'ttt', toUInt8(equals(d_p_name, 'ddd')), 'ttt', toUInt8(equals(d_p_name, 'bbb ')), 'ttt', toUInt8(equals(d_p_name, 'bbb  ttt')), 'ttt', toUInt8(equals(d_p_name, 'ddd')), 'ttt', toUInt8(equals(d_p_name, 'ccc')), 'ttt', toUInt8(equals(d_p_name, 'ccc ')), 'ttt', toUInt8(equals(d_p_name, 'ccc')), 'ttt', toUInt8(equals(d_p_name, 'ddd')), 'ttt', toUInt8(equals(d_p_name, 'iii')), 'nnn', toUInt8(equals(d_p_name, 'ppp')), 'nnn', toUInt8(equals(d_p_name, 'ppp')), 'nnn', toUInt8(equals(d_p_name, 'kkk')), 'nnn', toUInt8(equals(d_p_name, 'fff5')), 'nnn', toUInt8(equals(d_p_name, 'fff5 hhh')), 'nnn', toUInt8(equals(d_p_name, 'eee4')), 'vvv', toUInt8(equals(d_p_name, 'eee')), 'vvv', toUInt8(equals(d_p_name, 'hhh')), 'mmm', toUInt8(equals(d_p_name, 'hhh ')), 'mmm', toUInt8(equals(d_p_name, 'ggg')), 'mmm', toUInt8(equals(d_p_name, 'ggg ')), 'mmm', toUInt8(equals(d_p_name, 'hhh')), 'mmm', toUInt8(equals(d_p_name, 'hh')), 'jj', toUInt8(equals(d_p_name, 'hh')), 'jj', toUInt8(equals(d_p_name, 'gg')), 'jj', toUInt8(equals(d_p_name, ' mm')), 'mm', toUInt8(equals(d_p_name, 'ff')), 'mm', toUInt8(equals(d_p_name, 'ee')), 'mm', toUInt8(equals(d_p_name, 'dd')), 'mm', toUInt8(equals(d_p_name, 'cc')), 'mm', toUInt8(equals(d_p_name, 'bb')), 'mm', toUInt8(equals(d_p_name, 'aa')), 'aa', toUInt8(equals(d_p_name, 'zzz')), 'aa', toUInt8(equals(d_p_name, 'zzz')), 'aa', toUInt8(equals(d_p_name, 'aa')), 'aa', toUInt8(equals(d_p_name, 'sss')), 'aa', toUInt8(equals(d_p_name, 'yyy')), 'kkk', toUInt8(equals(d_p_name, 'yyy ')), 'kkk', toUInt8(equals(d_p_name, 'uuu')), 'lll', toUInt8(equals(d_p_name, 'ccc')), 'lll', toUInt8(equals(d_p_name, ' ccc')), 'ccc', toUInt8(equals(d_p_name, ' ccc ')), 'ccc', toUInt8(equals(d_p_name, ' bbb')), 'bbb', toUInt8(equals(d_p_name, 'www')), 'bbb', toUInt8(equals(d_p_name, 'qqq')), 'bbb', toUInt8(equals(d_p_name, 'qqq')), 'bbb', toUInt8(equals(d_p_name, 'ccc')), 'nn', toUInt8(equals(d_p_name, 'ccc')), 'nn', NULL)", "Type": "Nullable(String)"}, {"Name": "d_p_name", "Type": "Nullable(String)"}, {"Name": "pt_d", "Type": "Date"}], "Plans": [{"Node Type": "ReadFromMergeTree", "Header": [{"Name": "and(notIn(multiIf(toUInt8(equals(d_p_name, 'aaa')), 'nn', toUInt8(equals(d_p_name, 'aaa')), 'nn', toUInt8(equals(d_p_name, 'aaa')), 'nn', toUInt8(equals(d_p_name, 'bbb ')), 'ttt', toUInt8(equals(d_p_name, 'bbb')), 'ttt', toUInt8(equals(d_p_name, 'bbb')), 'ttt', toUInt8(equals(d_p_name, 'ddd')), 'ttt', toUInt8(equals(d_p_name, 'bbb ')), 'ttt', toUInt8(equals(d_p_name, 'bbb  ttt')), 'ttt', toUInt8(equals(d_p_name, 'ddd')), 'ttt', toUInt8(equals(d_p_name, 'ccc')), 'ttt', toUInt8(equals(d_p_name, 'ccc ')), 'ttt', toUInt8(equals(d_p_name, 'ccc')), 'ttt', toUInt8(equals(d_p_name, 'ddd')), 'ttt', toUInt8(equals(d_p_name, 'iii')), 'nnn', toUInt8(equals(d_p_name, 'ppp')), 'nnn', toUInt8(equals(d_p_name, 'ppp')), 'nnn', toUInt8(equals(d_p_name, 'kkk')), 'nnn', toUInt8(equals(d_p_name, 'fff5')), 'nnn', toUInt8(equals(d_p_name, 'fff5 hhh')), 'nnn', toUInt8(equals(d_p_name, 'eee4')), 'vvv', toUInt8(equals(d_p_name, 'eee')), 'vvv', toUInt8(equals(d_p_name, 'hhh')), 'mmm', toUInt8(equals(d_p_name, 'hhh ')), 'mmm', toUInt8(equals(d_p_name, 'ggg')), 'mmm', toUInt8(equals(d_p_name, 'ggg ')), 'mmm', toUInt8(equals(d_p_name, 'hhh')), 'mmm', toUInt8(equals(d_p_name, 'hh')), 'jj', toUInt8(equals(d_p_name, 'hh')), 'jj', toUInt8(equals(d_p_name, 'gg')), 'jj', toUInt8(equals(d_p_name, ' mm')), 'mm', toUInt8(equals(d_p_name, 'ff')), 'mm', toUInt8(equals(d_p_name, 'ee')), 'mm', toUInt8(equals(d_p_name, 'dd')), 'mm', toUInt8(equals(d_p_name, 'cc')), 'mm', toUInt8(equals(d_p_name, 'bb')), 'mm', toUInt8(equals(d_p_name, 'aa')), 'aa', toUInt8(equals(d_p_name, 'zzz')), 'aa', toUInt8(equals(d_p_name, 'zzz')), 'aa', toUInt8(equals(d_p_name, 'aa')), 'aa', toUInt8(equals(d_p_name, 'sss')), 'aa', toUInt8(equals(d_p_name, 'yyy')), 'kkk', toUInt8(equals(d_p_name, 'yyy ')), 'kkk', toUInt8(equals(d_p_name, 'uuu')), 'lll', toUInt8(equals(d_p_name, 'ccc')), 'lll', toUInt8(equals(d_p_name, ' ccc')), 'ccc', toUInt8(equals(d_p_name, ' ccc ')), 'ccc', toUInt8(equals(d_p_name, ' bbb')), 'bbb', toUInt8(equals(d_p_name, 'www')), 'bbb', toUInt8(equals(d_p_name, 'qqq')), 'bbb', toUInt8(equals(d_p_name, 'qqq')), 'bbb', toUInt8(equals(d_p_name, 'ccc')), 'nn', toUInt8(equals(d_p_name, 'ccc')), 'nn', NULL), ''), isNotNull(multiIf(toUInt8(equals(d_p_name, 'aaa')), 'nn', toUInt8(equals(d_p_name, 'aaa')), 'nn', toUInt8(equals(d_p_name, 'aaa')), 'nn', toUInt8(equals(d_p_name, 'bbb ')), 'ttt', toUInt8(equals(d_p_name, 'bbb')), 'ttt', toUInt8(equals(d_p_name, 'bbb')), 'ttt', toUInt8(equals(d_p_name, 'ddd')), 'ttt', toUInt8(equals(d_p_name, 'bbb ')), 'ttt', toUInt8(equals(d_p_name, 'bbb  ttt')), 'ttt', toUInt8(equals(d_p_name, 'ddd')), 'ttt', toUInt8(equals(d_p_name, 'ccc')), 'ttt', toUInt8(equals(d_p_name, 'ccc ')), 'ttt', toUInt8(equals(d_p_name, 'ccc')), 'ttt', toUInt8(equals(d_p_name, 'ddd')), 'ttt', toUInt8(equals(d_p_name, 'iii')), 'nnn', toUInt8(equals(d_p_name, 'ppp')), 'nnn', toUInt8(equals(d_p_name, 'ppp')), 'nnn', toUInt8(equals(d_p_name, 'kkk')), 'nnn', toUInt8(equals(d_p_name, 'fff5')), 'nnn', toUInt8(equals(d_p_name, 'fff5 hhh')), 'nnn', toUInt8(equals(d_p_name, 'eee4')), 'vvv', toUInt8(equals(d_p_name, 'eee')), 'vvv', toUInt8(equals(d_p_name, 'hhh')), 'mmm', toUInt8(equals(d_p_name, 'hhh ')), 'mmm', toUInt8(equals(d_p_name, 'ggg')), 'mmm', toUInt8(equals(d_p_name, 'ggg ')), 'mmm', toUInt8(equals(d_p_name, 'hhh')), 'mmm', toUInt8(equals(d_p_name, 'hh')), 'jj', toUInt8(equals(d_p_name, 'hh')), 'jj', toUInt8(equals(d_p_name, 'gg')), 'jj', toUInt8(equals(d_p_name, ' mm')), 'mm', toUInt8(equals(d_p_name, 'ff')), 'mm', toUInt8(equals(d_p_name, 'ee')), 'mm', toUInt8(equals(d_p_name, 'dd')), 'mm', toUInt8(equals(d_p_name, 'cc')), 'mm', toUInt8(equals(d_p_name, 'bb')), 'mm', toUInt8(equals(d_p_name, 'aa')), 'aa', toUInt8(equals(d_p_name, 'zzz')), 'aa', toUInt8(equals(d_p_name, 'zzz')), 'aa', toUInt8(equals(d_p_name, 'aa')), 'aa', toUInt8(equals(d_p_name, 'sss')), 'aa', toUInt8(equals(d_p_name, 'yyy')), 'kkk', toUInt8(equals(d_p_name, 'yyy ')), 'kkk', toUInt8(equals(d_p_name, 'uuu')), 'lll', toUInt8(equals(d_p_name, 'ccc')), 'lll', toUInt8(equals(d_p_name, ' ccc')), 'ccc', toUInt8(equals(d_p_name, ' ccc ')), 'ccc', toUInt8(equals(d_p_name, ' bbb')), 'bbb', toUInt8(equals(d_p_name, 'www')), 'bbb', toUInt8(equals(d_p_name, 'qqq')), 'bbb', toUInt8(equals(d_p_name, 'qqq')), 'bbb', toUInt8(equals(d_p_name, 'ccc')), 'nn', toUInt8(equals(d_p_name, 'ccc')), 'nn', NULL)), in(multiIf(in(multiIf(toUInt8(equals(d_p_name, 'aaa')), 'nn', toUInt8(equals(d_p_name, 'aaa')), 'nn', toUInt8(equals(d_p_name, 'aaa')), 'nn', toUInt8(equals(d_p_name, 'bbb ')), 'ttt', toUInt8(equals(d_p_name, 'bbb')), 'ttt', toUInt8(equals(d_p_name, 'bbb')), 'ttt', toUInt8(equals(d_p_name, 'ddd')), 'ttt', toUInt8(equals(d_p_name, 'bbb ')), 'ttt', toUInt8(equals(d_p_name, 'bbb  ttt')), 'ttt', toUInt8(equals(d_p_name, 'ddd')), 'ttt', toUInt8(equals(d_p_name, 'ccc')), 'ttt', toUInt8(equals(d_p_name, 'ccc ')), 'ttt', toUInt8(equals(d_p_name, 'ccc')), 'ttt', toUInt8(equals(d_p_name, 'ddd')), 'ttt', toUInt8(equals(d_p_name, 'iii')), 'nnn', toUInt8(equals(d_p_name, 'ppp')), 'nnn', toUInt8(equals(d_p_name, 'ppp')), 'nnn', toUInt8(equals(d_p_name, 'kkk')), 'nnn', toUInt8(equals(d_p_name, 'fff5')), 'nnn', toUInt8(equals(d_p_name, 'fff5 hhh')), 'nnn', toUInt8(equals(d_p_name, 'eee4')), 'vvv', toUInt8(equals(d_p_name, 'eee')), 'vvv', toUInt8(equals(d_p_name, 'hhh')), 'mmm', toUInt8(equals(d_p_name, 'hhh ')), 'mmm', toUInt8(equals(d_p_name, 'ggg')), 'mmm', toUInt8(equals(d_p_name, 'ggg ')), 'mmm', toUInt8(equals(d_p_name, 'hhh')), 'mmm', toUInt8(equals(d_p_name, 'hh')), 'jj', toUInt8(equals(d_p_name, 'hh')), 'jj', toUInt8(equals(d_p_name, 'gg')), 'jj', toUInt8(equals(d_p_name, ' mm')), 'mm', toUInt8(equals(d_p_name, 'ff')), 'mm', toUInt8(equals(d_p_name, 'ee')), 'mm', toUInt8(equals(d_p_name, 'dd')), 'mm', toUInt8(equals(d_p_name, 'cc')), 'mm', toUInt8(equals(d_p_name, 'bb')), 'mm', toUInt8(equals(d_p_name, 'aa')), 'aa', toUInt8(equals(d_p_name, 'zzz')), 'aa', toUInt8(equals(d_p_name, 'zzz')), 'aa', toUInt8(equals(d_p_name, 'aa')), 'aa', toUInt8(equals(d_p_name, 'sss')), 'aa', toUInt8(equals(d_p_name, 'yyy')), 'kkk', toUInt8(equals(d_p_name, 'yyy ')), 'kkk', toUInt8(equals(d_p_name, 'uuu')), 'lll', toUInt8(equals(d_p_name, 'ccc')), 'lll', toUInt8(equals(d_p_name, ' ccc')), 'ccc', toUInt8(equals(d_p_name, ' ccc ')), 'ccc', toUInt8(equals(d_p_name, ' bbb')), 'bbb', toUInt8(equals(d_p_name, 'www')), 'bbb', toUInt8(equals(d_p_name, 'qqq')), 'bbb', toUInt8(equals(d_p_name, 'qqq')), 'bbb', toUInt8(equals(d_p_name, 'ccc')), 'nn', toUInt8(equals(d_p_name, 'ccc')), 'nn', NULL), ('nn', 'ttt', 'ttt', 'nnn')), 'mm', in(multiIf(toUInt8(equals(d_p_name, 'aaa')), 'nn', toUInt8(equals(d_p_name, 'aaa')), 'nn', toUInt8(equals(d_p_name, 'aaa')), 'nn', toUInt8(equals(d_p_name, 'bbb ')), 'ttt', toUInt8(equals(d_p_name, 'bbb')), 'ttt', toUInt8(equals(d_p_name, 'bbb')), 'ttt', toUInt8(equals(d_p_name, 'ddd')), 'ttt', toUInt8(equals(d_p_name, 'bbb ')), 'ttt', toUInt8(equals(d_p_name, 'bbb  ttt')), 'ttt', toUInt8(equals(d_p_name, 'ddd')), 'ttt', toUInt8(equals(d_p_name, 'ccc')), 'ttt', toUInt8(equals(d_p_name, 'ccc ')), 'ttt', toUInt8(equals(d_p_name, 'ccc')), 'ttt', toUInt8(equals(d_p_name, 'ddd')), 'ttt', toUInt8(equals(d_p_name, 'iii')), 'nnn', toUInt8(equals(d_p_name, 'ppp')), 'nnn', toUInt8(equals(d_p_name, 'ppp')), 'nnn', toUInt8(equals(d_p_name, 'kkk')), 'nnn', toUInt8(equals(d_p_name, 'fff5')), 'nnn', toUInt8(equals(d_p_name, 'fff5 hhh')), 'nnn', toUInt8(equals(d_p_name, 'eee4')), 'vvv', toUInt8(equals(d_p_name, 'eee')), 'vvv', toUInt8(equals(d_p_name, 'hhh')), 'mmm', toUInt8(equals(d_p_name, 'hhh ')), 'mmm', toUInt8(equals(d_p_name, 'ggg')), 'mmm', toUInt8(equals(d_p_name, 'ggg ')), 'mmm', toUInt8(equals(d_p_name, 'hhh')), 'mmm', toUInt8(equals(d_p_name, 'hh')), 'jj', toUInt8(equals(d_p_name, 'hh')), 'jj', toUInt8(equals(d_p_name, 'gg')), 'jj', toUInt8(equals(d_p_name, ' mm')), 'mm', toUInt8(equals(d_p_name, 'ff')), 'mm', toUInt8(equals(d_p_name, 'ee')), 'mm', toUInt8(equals(d_p_name, 'dd')), 'mm', toUInt8(equals(d_p_name, 'cc')), 'mm', toUInt8(equals(d_p_name, 'bb')), 'mm', toUInt8(equals(d_p_name, 'aa')), 'aa', toUInt8(equals(d_p_name, 'zzz')), 'aa', toUInt8(equals(d_p_name, 'zzz')), 'aa', toUInt8(equals(d_p_name, 'aa')), 'aa', toUInt8(equals(d_p_name, 'sss')), 'aa', toUInt8(equals(d_p_name, 'yyy')), 'kkk', toUInt8(equals(d_p_name, 'yyy ')), 'kkk', toUInt8(equals(d_p_name, 'uuu')), 'lll', toUInt8(equals(d_p_name, 'ccc')), 'lll', toUInt8(equals(d_p_name, ' ccc')), 'ccc', toUInt8(equals(d_p_name, ' ccc ')), 'ccc', toUInt8(equals(d_p_name, ' bbb')), 'bbb', toUInt8(equals(d_p_name, 'www')), 'bbb', toUInt8(equals(d_p_name, 'qqq')), 'bbb', toUInt8(equals(d_p_name, 'qqq')), 'bbb', toUInt8(equals(d_p_name, 'ccc')), 'nn', toUInt8(equals(d_p_name, 'ccc')), 'nn', NULL), ('lll', 'ccc', 'bbb', 'nn')), 'P', in(multiIf(toUInt8(equals(d_p_name, 'aaa')), 'nn', toUInt8(equals(d_p_name, 'aaa')), 'nn', toUInt8(equals(d_p_name, 'aaa')), 'nn', toUInt8(equals(d_p_name, 'bbb ')), 'ttt', toUInt8(equals(d_p_name, 'bbb')), 'ttt', toUInt8(equals(d_p_name, 'bbb')), 'ttt', toUInt8(equals(d_p_name, 'ddd')), 'ttt', toUInt8(equals(d_p_name, 'bbb ')), 'ttt', toUInt8(equals(d_p_name, 'bbb  ttt')), 'ttt', toUInt8(equals(d_p_name, 'ddd')), 'ttt', toUInt8(equals(d_p_name, 'ccc')), 'ttt', toUInt8(equals(d_p_name, 'ccc ')), 'ttt', toUInt8(equals(d_p_name, 'ccc')), 'ttt', toUInt8(equals(d_p_name, 'ddd')), 'ttt', toUInt8(equals(d_p_name, 'iii')), 'nnn', toUInt8(equals(d_p_name, 'ppp')), 'nnn', toUInt8(equals(d_p_name, 'ppp')), 'nnn', toUInt8(equals(d_p_name, 'kkk')), 'nnn', toUInt8(equals(d_p_name, 'fff5')), 'nnn', toUInt8(equals(d_p_name, 'fff5 hhh')), 'nnn', toUInt8(equals(d_p_name, 'eee4')), 'vvv', toUInt8(equals(d_p_name, 'eee')), 'vvv', toUInt8(equals(d_p_name, 'hhh')), 'mmm', toUInt8(equals(d_p_name, 'hhh ')), 'mmm', toUInt8(equals(d_p_name, 'ggg')), 'mmm', toUInt8(equals(d_p_name, 'ggg ')), 'mmm', toUInt8(equals(d_p_name, 'hhh')), 'mmm', toUInt8(equals(d_p_name, 'hh')), 'jj', toUInt8(equals(d_p_name, 'hh')), 'jj', toUInt8(equals(d_p_name, 'gg')), 'jj', toUInt8(equals(d_p_name, ' mm')), 'mm', toUInt8(equals(d_p_name, 'ff')), 'mm', toUInt8(equals(d_p_name, 'ee')), 'mm', toUInt8(equals(d_p_name, 'dd')), 'mm', toUInt8(equals(d_p_name, 'cc')), 'mm', toUInt8(equals(d_p_name, 'bb')), 'mm', toUInt8(equals(d_p_name, 'aa')), 'aa', toUInt8(equals(d_p_name, 'zzz')), 'aa', toUInt8(equals(d_p_name, 'zzz')), 'aa', toUInt8(equals(d_p_name, 'aa')), 'aa', toUInt8(equals(d_p_name, 'sss')), 'aa', toUInt8(equals(d_p_name, 'yyy')), 'kkk', toUInt8(equals(d_p_name, 'yyy ')), 'kkk', toUInt8(equals(d_p_name, 'uuu')), 'lll', toUInt8(equals(d_p_name, 'ccc')), 'lll', toUInt8(equals(d_p_name, ' ccc')), 'ccc', toUInt8(equals(d_p_name, ' ccc ')), 'ccc', toUInt8(equals(d_p_name, ' bbb')), 'bbb', toUInt8(equals(d_p_name, 'www')), 'bbb', toUInt8(equals(d_p_name, 'qqq')), 'bbb', toUInt8(equals(d_p_name, 'qqq')), 'bbb', toUInt8(equals(d_p_name, 'ccc')), 'nn', toUInt8(equals(d_p_name, 'ccc')), 'nn', NULL), ('vvv', 'mmm', 'jj', 'mm', 'aa', 'kkk')), 'nn', toString(multiIf(toUInt8(equals(d_p_name, 'aaa')), 'nn', toUInt8(equals(d_p_name, 'aaa')), 'nn', toUInt8(equals(d_p_name, 'aaa')), 'nn', toUInt8(equals(d_p_name, 'bbb ')), 'ttt', toUInt8(equals(d_p_name, 'bbb')), 'ttt', toUInt8(equals(d_p_name, 'bbb')), 'ttt', toUInt8(equals(d_p_name, 'ddd')), 'ttt', toUInt8(equals(d_p_name, 'bbb ')), 'ttt', toUInt8(equals(d_p_name, 'bbb  ttt')), 'ttt', toUInt8(equals(d_p_name, 'ddd')), 'ttt', toUInt8(equals(d_p_name, 'ccc')), 'ttt', toUInt8(equals(d_p_name, 'ccc ')), 'ttt', toUInt8(equals(d_p_name, 'ccc')), 'ttt', toUInt8(equals(d_p_name, 'ddd')), 'ttt', toUInt8(equals(d_p_name, 'iii')), 'nnn', toUInt8(equals(d_p_name, 'ppp')), 'nnn', toUInt8(equals(d_p_name, 'ppp')), 'nnn', toUInt8(equals(d_p_name, 'kkk')), 'nnn', toUInt8(equals(d_p_name, 'fff5')), 'nnn', toUInt8(equals(d_p_name, 'fff5 hhh')), 'nnn', toUInt8(equals(d_p_name, 'eee4')), 'vvv', toUInt8(equals(d_p_name, 'eee')), 'vvv', toUInt8(equals(d_p_name, 'hhh')), 'mmm', toUInt8(equals(d_p_name, 'hhh ')), 'mmm', toUInt8(equals(d_p_name, 'ggg')), 'mmm', toUInt8(equals(d_p_name, 'ggg ')), 'mmm', toUInt8(equals(d_p_name, 'hhh')), 'mmm', toUInt8(equals(d_p_name, 'hh')), 'jj', toUInt8(equals(d_p_name, 'hh')), 'jj', toUInt8(equals(d_p_name, 'gg')), 'jj', toUInt8(equals(d_p_name, ' mm')), 'mm', toUInt8(equals(d_p_name, 'ff')), 'mm', toUInt8(equals(d_p_name, 'ee')), 'mm', toUInt8(equals(d_p_name, 'dd')), 'mm', toUInt8(equals(d_p_name, 'cc')), 'mm', toUInt8(equals(d_p_name, 'bb')), 'mm', toUInt8(equals(d_p_name, 'aa')), 'aa', toUInt8(equals(d_p_name, 'zzz')), 'aa', toUInt8(equals(d_p_name, 'zzz')), 'aa', toUInt8(equals(d_p_name, 'aa')), 'aa', toUInt8(equals(d_p_name, 'sss')), 'aa', toUInt8(equals(d_p_name, 'yyy')), 'kkk', toUInt8(equals(d_p_name, 'yyy ')), 'kkk', toUInt8(equals(d_p_name, 'uuu')), 'lll', toUInt8(equals(d_p_name, 'ccc')), 'lll', toUInt8(equals(d_p_name, ' ccc')), 'ccc', toUInt8(equals(d_p_name, ' ccc ')), 'ccc', toUInt8(equals(d_p_name, ' bbb')), 'bbb', toUInt8(equals(d_p_name, 'www')), 'bbb', toUInt8(equals(d_p_name, 'qqq')), 'bbb', toUInt8(equals(d_p_name, 'qqq')), 'bbb', toUInt8(equals(d_p_name, 'ccc')), 'nn', toUInt8(equals(d_p_name, 'ccc')), 'nn', NULL))), 'mm'), in(multiIf(toUInt8(equals(d_p_name, 'aaa')), 'nn', toUInt8(equals(d_p_name, 'aaa')), 'nn', toUInt8(equals(d_p_name, 'aaa')), 'nn', toUInt8(equals(d_p_name, 'bbb ')), 'ttt', toUInt8(equals(d_p_name, 'bbb')), 'ttt', toUInt8(equals(d_p_name, 'bbb')), 'ttt', toUInt8(equals(d_p_name, 'ddd')), 'ttt', toUInt8(equals(d_p_name, 'bbb ')), 'ttt', toUInt8(equals(d_p_name, 'bbb  ttt')), 'ttt', toUInt8(equals(d_p_name, 'ddd')), 'ttt', toUInt8(equals(d_p_name, 'ccc')), 'ttt', toUInt8(equals(d_p_name, 'ccc ')), 'ttt', toUInt8(equals(d_p_name, 'ccc')), 'ttt', toUInt8(equals(d_p_name, 'ddd')), 'ttt', toUInt8(equals(d_p_name, 'iii')), 'nnn', toUInt8(equals(d_p_name, 'ppp')), 'nnn', toUInt8(equals(d_p_name, 'ppp')), 'nnn', toUInt8(equals(d_p_name, 'kkk')), 'nnn', toUInt8(equals(d_p_name, 'fff5')), 'nnn', toUInt8(equals(d_p_name, 'fff5 hhh')), 'nnn', toUInt8(equals(d_p_name, 'eee4')), 'vvv', toUInt8(equals(d_p_name, 'eee')), 'vvv', toUInt8(equals(d_p_name, 'hhh')), 'mmm', toUInt8(equals(d_p_name, 'hhh ')), 'mmm', toUInt8(equals(d_p_name, 'ggg')), 'mmm', toUInt8(equals(d_p_name, 'ggg ')), 'mmm', toUInt8(equals(d_p_name, 'hhh')), 'mmm', toUInt8(equals(d_p_name, 'hh')), 'jj', toUInt8(equals(d_p_name, 'hh')), 'jj', toUInt8(equals(d_p_name, 'gg')), 'jj', toUInt8(equals(d_p_name, ' mm')), 'mm', toUInt8(equals(d_p_name, 'ff')), 'mm', toUInt8(equals(d_p_name, 'ee')), 'mm', toUInt8(equals(d_p_name, 'dd')), 'mm', toUInt8(equals(d_p_name, 'cc')), 'mm', toUInt8(equals(d_p_name, 'bb')), 'mm', toUInt8(equals(d_p_name, 'aa')), 'aa', toUInt8(equals(d_p_name, 'zzz')), 'aa', toUInt8(equals(d_p_name, 'zzz')), 'aa', toUInt8(equals(d_p_name, 'aa')), 'aa', toUInt8(equals(d_p_name, 'sss')), 'aa', toUInt8(equals(d_p_name, 'yyy')), 'kkk', toUInt8(equals(d_p_name, 'yyy ')), 'kkk', toUInt8(equals(d_p_name, 'uuu')), 'lll', toUInt8(equals(d_p_name, 'ccc')), 'lll', toUInt8(equals(d_p_name, ' ccc')), 'ccc', toUInt8(equals(d_p_name, ' ccc ')), 'ccc', toUInt8(equals(d_p_name, ' bbb')), 'bbb', toUInt8(equals(d_p_name, 'www')), 'bbb', toUInt8(equals(d_p_name, 'qqq')), 'bbb', toUInt8(equals(d_p_name, 'qqq')), 'bbb', toUInt8(equals(d_p_name, 'ccc')), 'nn', toUInt8(equals(d_p_name, 'ccc')), 'nn', NULL), ('mmm', 'jj', 'mm', 'aa', 'kkk')))", "Type": "Nullable(UInt8)"}, {"Name": "multiIf(toUInt8(equals(d_p_name, 'aaa')), 'nn', toUInt8(equals(d_p_name, 'aaa')), 'nn', toUInt8(equals(d_p_name, 'aaa')), 'nn', toUInt8(equals(d_p_name, 'bbb ')), 'ttt', toUInt8(equals(d_p_name, 'bbb')), 'ttt', toUInt8(equals(d_p_name, 'bbb')), 'ttt', toUInt8(equals(d_p_name, 'ddd')), 'ttt', toUInt8(equals(d_p_name, 'bbb ')), 'ttt', toUInt8(equals(d_p_name, 'bbb  ttt')), 'ttt', toUInt8(equals(d_p_name, 'ddd')), 'ttt', toUInt8(equals(d_p_name, 'ccc')), 'ttt', toUInt8(equals(d_p_name, 'ccc ')), 'ttt', toUInt8(equals(d_p_name, 'ccc')), 'ttt', toUInt8(equals(d_p_name, 'ddd')), 'ttt', toUInt8(equals(d_p_name, 'iii')), 'nnn', toUInt8(equals(d_p_name, 'ppp')), 'nnn', toUInt8(equals(d_p_name, 'ppp')), 'nnn', toUInt8(equals(d_p_name, 'kkk')), 'nnn', toUInt8(equals(d_p_name, 'fff5')), 'nnn', toUInt8(equals(d_p_name, 'fff5 hhh')), 'nnn', toUInt8(equals(d_p_name, 'eee4')), 'vvv', toUInt8(equals(d_p_name, 'eee')), 'vvv', toUInt8(equals(d_p_name, 'hhh')), 'mmm', toUInt8(equals(d_p_name, 'hhh ')), 'mmm', toUInt8(equals(d_p_name, 'ggg')), 'mmm', toUInt8(equals(d_p_name, 'ggg ')), 'mmm', toUInt8(equals(d_p_name, 'hhh')), 'mmm', toUInt8(equals(d_p_name, 'hh')), 'jj', toUInt8(equals(d_p_name, 'hh')), 'jj', toUInt8(equals(d_p_name, 'gg')), 'jj', toUInt8(equals(d_p_name, ' mm')), 'mm', toUInt8(equals(d_p_name, 'ff')), 'mm', toUInt8(equals(d_p_name, 'ee')), 'mm', toUInt8(equals(d_p_name, 'dd')), 'mm', toUInt8(equals(d_p_name, 'cc')), 'mm', toUInt8(equals(d_p_name, 'bb')), 'mm', toUInt8(equals(d_p_name, 'aa')), 'aa', toUInt8(equals(d_p_name, 'zzz')), 'aa', toUInt8(equals(d_p_name, 'zzz')), 'aa', toUInt8(equals(d_p_name, 'aa')), 'aa', toUInt8(equals(d_p_name, 'sss')), 'aa', toUInt8(equals(d_p_name, 'yyy')), 'kkk', toUInt8(equals(d_p_name, 'yyy ')), 'kkk', toUInt8(equals(d_p_name, 'uuu')), 'lll', toUInt8(equals(d_p_name, 'ccc')), 'lll', toUInt8(equals(d_p_name, ' ccc')), 'ccc', toUInt8(equals(d_p_name, ' ccc ')), 'ccc', toUInt8(equals(d_p_name, ' bbb')), 'bbb', toUInt8(equals(d_p_name, 'www')), 'bbb', toUInt8(equals(d_p_name, 'qqq')), 'bbb', toUInt8(equals(d_p_name, 'qqq')), 'bbb', toUInt8(equals(d_p_name, 'ccc')), 'nn', toUInt8(equals(d_p_name, 'ccc')), 'nn', NULL)", "Type": "Nullable(String)"}, {"Name": "d_p_name", "Type": "Nullable(String)"}, {"Name": "pt_d", "Type": "Date"}], "Read Type": "Default", "Parts": 11, "Granules": 11}]}]}]}}]