[{"Plan": {"Node Type": "Expression", "Description": "(Projection + Before ORDER BY)", "Header": [{"Name": "character", "Type": "String"}, {"Name": "russian_mov_with_actor_producer", "Type": "String"}], "Expression": {"Inputs": [{"Name": "min(--chn.name)", "Type": "String"}, {"Name": "min(title)", "Type": "String"}], "Actions": [{"Node Type": "INPUT", "Result Type": "INPUT", "Arguments": [0], "Removed Arguments": [], "Result": 0}, {"Node Type": "INPUT", "Result Type": "INPUT", "Arguments": [1], "Removed Arguments": [], "Result": 1}, {"Node Type": "ALIAS", "Result Type": "ALIAS", "Arguments": [0], "Removed Arguments": [0], "Result": 2}, {"Node Type": "ALIAS", "Result Type": "ALIAS", "Arguments": [1], "Removed Arguments": [1], "Result": 0}], "Outputs": [{"Name": "character", "Type": "String"}, {"Name": "russian_mov_with_actor_producer", "Type": "String"}], "Positions": [2, 0], "Project Input": true}, "Plans": [{"Node Type": "Aggregating", "Header": [{"Name": "min(--chn.name)", "Type": "String"}, {"Name": "min(title)", "Type": "String"}], "Keys": [], "Aggregates": [{"Name": "min(--chn.name)", "Function": {"Name": "min", "Argument Types": ["String"], "Result Type": "String"}, "Arguments": ["--chn.name"], "Argument Positions": [0]}, {"Name": "min(title)", "Function": {"Name": "min", "Argument Types": ["String"], "Result Type": "String"}, "Arguments": ["title"], "Argument Positions": [1]}], "Plans": [{"Node Type": "Expression", "Description": "Before GROUP BY", "Header": [{"Name": "--chn.name", "Type": "String"}, {"Name": "title", "Type": "String"}], "Expression": {"Inputs": [{"Name": "--chn.name", "Type": "String"}, {"Name": "title", "Type": "String"}], "Actions": [{"Node Type": "INPUT", "Result Type": "INPUT", "Arguments": [0], "Removed Arguments": [0], "Result": 0}, {"Node Type": "INPUT", "Result Type": "INPUT", "Arguments": [1], "Removed Arguments": [1], "Result": 1}], "Outputs": [{"Name": "--chn.name", "Type": "String"}, {"Name": "title", "Type": "String"}], "Positions": [0, 1], "Project Input": true}, "Plans": [{"Node Type": "Filter", "Description": "WHERE", "Header": [{"Name": "--chn.name", "Type": "String"}, {"Name": "title", "Type": "String"}], "Filter Column": "and(like(--ci.note, '%(producer)%'), equals(country_code, '[ru]'), equals(role, 'actor'), greater(production_year, 2010), equals(id, --mc.movie_id), equals(id, --ci.movie_id), equals(--ci.movie_id, --mc.movie_id), equals(--chn.id, person_role_id), equals(--rt.id, role_id), equals(--cn.id, company_id), equals(--ct.id, company_type_id))", "Removes Filter": true, "Expression": {"Inputs": [{"Name": "--chn.id", "Type": "Int64"}, {"Name": "--chn.name", "Type": "String"}, {"Name": "role_id", "Type": "Int64"}, {"Name": "person_role_id", "Type": "Int64"}, {"Name": "--ci.movie_id", "Type": "Int64"}, {"Name": "--ci.note", "Type": "String"}, {"Name": "country_code", "Type": "String"}, {"Name": "--cn.id", "Type": "Int64"}, {"Name": "--ct.id", "Type": "Int64"}, {"Name": "company_type_id", "Type": "Int64"}, {"Name": "company_id", "Type": "Int64"}, {"Name": "--mc.movie_id", "Type": "Int64"}, {"Name": "role", "Type": "String"}, {"Name": "--rt.id", "Type": "Int64"}, {"Name": "id", "Type": "Int64"}, {"Name": "title", "Type": "String"}, {"Name": "production_year", "Type": "Int64"}], "Actions": [{"Node Type": "INPUT", "Result Type": "INPUT", "Arguments": [0], "Removed Arguments": [], "Result": 0}, {"Node Type": "INPUT", "Result Type": "INPUT", "Arguments": [1], "Removed Arguments": [1], "Result": 1}, {"Node Type": "INPUT", "Result Type": "INPUT", "Arguments": [2], "Removed Arguments": [], "Result": 2}, {"Node Type": "INPUT", "Result Type": "INPUT", "Arguments": [3], "Removed Arguments": [], "Result": 3}, {"Node Type": "INPUT", "Result Type": "INPUT", "Arguments": [4], "Removed Arguments": [], "Result": 4}, {"Node Type": "INPUT", "Result Type": "INPUT", "Arguments": [5], "Removed Arguments": [], "Result": 5}, {"Node Type": "INPUT", "Result Type": "INPUT", "Arguments": [6], "Removed Arguments": [], "Result": 6}, {"Node Type": "INPUT", "Result Type": "INPUT", "Arguments": [7], "Removed Arguments": [], "Result": 7}, {"Node Type": "INPUT", "Result Type": "INPUT", "Arguments": [8], "Removed Arguments": [], "Result": 8}, {"Node Type": "INPUT", "Result Type": "INPUT", "Arguments": [9], "Removed Arguments": [], "Result": 9}, {"Node Type": "INPUT", "Result Type": "INPUT", "Arguments": [10], "Removed Arguments": [], "Result": 10}, {"Node Type": "INPUT", "Result Type": "INPUT", "Arguments": [11], "Removed Arguments": [], "Result": 11}, {"Node Type": "INPUT", "Result Type": "INPUT", "Arguments": [12], "Removed Arguments": [], "Result": 12}, {"Node Type": "INPUT", "Result Type": "INPUT", "Arguments": [13], "Removed Arguments": [], "Result": 13}, {"Node Type": "INPUT", "Result Type": "INPUT", "Arguments": [14], "Removed Arguments": [], "Result": 14}, {"Node Type": "INPUT", "Result Type": "INPUT", "Arguments": [15], "Removed Arguments": [15], "Result": 15}, {"Node Type": "INPUT", "Result Type": "INPUT", "Arguments": [16], "Removed Arguments": [], "Result": 16}, {"Node Type": "COLUMN", "Result Type": "COLUMN", "Column": "Const(String)", "Arguments": [], "Removed Arguments": [], "Result": 17}, {"Node Type": "COLUMN", "Result Type": "COLUMN", "Column": "Const(String)", "Arguments": [], "Removed Arguments": [], "Result": 18}, {"Node Type": "COLUMN", "Result Type": "COLUMN", "Column": "Const(String)", "Arguments": [], "Removed Arguments": [], "Result": 19}, {"Node Type": "COLUMN", "Result Type": "COLUMN", "Column": "Const(UInt16)", "Arguments": [], "Removed Arguments": [], "Result": 20}, {"Node Type": "FUNCTION", "Result Type": "FUNCTION", "Function": "equals", "Compiled": false, "Arguments": [0, 3], "Removed Arguments": [0, 3], "Result": 21}, {"Node Type": "FUNCTION", "Result Type": "FUNCTION", "Function": "equals", "Compiled": false, "Arguments": [8, 9], "Removed Arguments": [8, 9], "Result": 3}, {"Node Type": "FUNCTION", "Result Type": "FUNCTION", "Function": "equals", "Compiled": false, "Arguments": [7, 10], "Removed Arguments": [7, 10], "Result": 9}, {"Node Type": "FUNCTION", "Result Type": "FUNCTION", "Function": "equals", "Compiled": false, "Arguments": [13, 2], "Removed Arguments": [13, 2], "Result": 10}, {"Node Type": "FUNCTION", "Result Type": "FUNCTION", "Function": "equals", "Compiled": false, "Arguments": [14, 11], "Removed Arguments": [11], "Result": 2}, {"Node Type": "FUNCTION", "Result Type": "FUNCTION", "Function": "equals", "Compiled": false, "Arguments": [14, 4], "Removed Arguments": [14, 4], "Result": 11}, {"Node Type": "FUNCTION", "Result Type": "FUNCTION", "Function": "like", "Compiled": false, "Arguments": [5, 17], "Removed Arguments": [5, 17], "Result": 4}, {"Node Type": "FUNCTION", "Result Type": "FUNCTION", "Function": "equals", "Compiled": false, "Arguments": [6, 18], "Removed Arguments": [6, 18], "Result": 17}, {"Node Type": "FUNCTION", "Result Type": "FUNCTION", "Function": "equals", "Compiled": false, "Arguments": [12, 19], "Removed Arguments": [12, 19], "Result": 18}, {"Node Type": "FUNCTION", "Result Type": "FUNCTION", "Function": "greater", "Compiled": false, "Arguments": [16, 20], "Removed Arguments": [16, 20], "Result": 19}, {"Node Type": "FUNCTION", "Result Type": "FUNCTION", "Function": "and", "Compiled": false, "Arguments": [4, 17, 18, 19, 2, 11, 21, 10, 9, 3], "Removed Arguments": [4, 17, 18, 19, 2, 11, 21, 10, 9, 3], "Result": 20}], "Outputs": [{"Name": "--chn.name", "Type": "String"}, {"Name": "title", "Type": "String"}, {"Name": "and(like(--ci.note, '%(producer)%'), equals(country_code, '[ru]'), equals(role, 'actor'), greater(production_year, 2010), equals(id, --mc.movie_id), equals(id, --ci.movie_id), equals(--ci.movie_id, --mc.movie_id), equals(--chn.id, person_role_id), equals(--rt.id, role_id), equals(--cn.id, company_id), equals(--ct.id, company_type_id))", "Type": "UInt8"}], "Positions": [1, 15, 20], "Project Input": true}, "Plans": [{"Node Type": "Join", "Description": "JOIN", "Header": [{"Name": "--chn.id", "Type": "Int64"}, {"Name": "--chn.name", "Type": "String"}, {"Name": "role_id", "Type": "Int64"}, {"Name": "person_role_id", "Type": "Int64"}, {"Name": "--ci.movie_id", "Type": "Int64"}, {"Name": "--ci.note", "Type": "String"}, {"Name": "country_code", "Type": "String"}, {"Name": "--cn.id", "Type": "Int64"}, {"Name": "--ct.id", "Type": "Int64"}, {"Name": "company_type_id", "Type": "Int64"}, {"Name": "company_id", "Type": "Int64"}, {"Name": "--mc.movie_id", "Type": "Int64"}, {"Name": "role", "Type": "String"}, {"Name": "--rt.id", "Type": "Int64"}, {"Name": "title", "Type": "String"}, {"Name": "production_year", "Type": "Int64"}, {"Name": "id", "Type": "Int64"}], "Plans": [{"Node Type": "Filter", "Description": "( + (Before JOIN + (Projection + Before ORDER BY)))", "Header": [{"Name": "--chn.id", "Type": "Int64"}, {"Name": "--chn.name", "Type": "String"}, {"Name": "role_id", "Type": "Int64"}, {"Name": "person_role_id", "Type": "Int64"}, {"Name": "--ci.movie_id", "Type": "Int64"}, {"Name": "--ci.note", "Type": "String"}, {"Name": "country_code", "Type": "String"}, {"Name": "--cn.id", "Type": "Int64"}, {"Name": "--ct.id", "Type": "Int64"}, {"Name": "company_type_id", "Type": "Int64"}, {"Name": "company_id", "Type": "Int64"}, {"Name": "--mc.movie_id", "Type": "Int64"}, {"Name": "role", "Type": "String"}, {"Name": "--rt.id", "Type": "Int64"}], "Filter Column": "equals(--ci.movie_id, --mc.movie_id)", "Removes Filter": true, "Expression": {"Inputs": [{"Name": "--chn.id", "Type": "Int64"}, {"Name": "--chn.name", "Type": "String"}, {"Name": "role_id", "Type": "Int64"}, {"Name": "person_role_id", "Type": "Int64"}, {"Name": "--ci.movie_id", "Type": "Int64"}, {"Name": "--ci.note", "Type": "String"}, {"Name": "country_code", "Type": "String"}, {"Name": "--cn.id", "Type": "Int64"}, {"Name": "--ct.id", "Type": "Int64"}, {"Name": "company_type_id", "Type": "Int64"}, {"Name": "company_id", "Type": "Int64"}, {"Name": "--mc.movie_id", "Type": "Int64"}, {"Name": "id", "Type": "Int64"}, {"Name": "role", "Type": "String"}], "Actions": [{"Node Type": "INPUT", "Result Type": "INPUT", "Arguments": [0], "Removed Arguments": [0], "Result": 0}, {"Node Type": "INPUT", "Result Type": "INPUT", "Arguments": [1], "Removed Arguments": [1], "Result": 1}, {"Node Type": "INPUT", "Result Type": "INPUT", "Arguments": [2], "Removed Arguments": [2], "Result": 2}, {"Node Type": "INPUT", "Result Type": "INPUT", "Arguments": [3], "Removed Arguments": [3], "Result": 3}, {"Node Type": "INPUT", "Result Type": "INPUT", "Arguments": [4], "Removed Arguments": [], "Result": 4}, {"Node Type": "INPUT", "Result Type": "INPUT", "Arguments": [5], "Removed Arguments": [5], "Result": 5}, {"Node Type": "INPUT", "Result Type": "INPUT", "Arguments": [6], "Removed Arguments": [6], "Result": 6}, {"Node Type": "INPUT", "Result Type": "INPUT", "Arguments": [7], "Removed Arguments": [7], "Result": 7}, {"Node Type": "INPUT", "Result Type": "INPUT", "Arguments": [8], "Removed Arguments": [8], "Result": 8}, {"Node Type": "INPUT", "Result Type": "INPUT", "Arguments": [9], "Removed Arguments": [9], "Result": 9}, {"Node Type": "INPUT", "Result Type": "INPUT", "Arguments": [10], "Removed Arguments": [10], "Result": 10}, {"Node Type": "INPUT", "Result Type": "INPUT", "Arguments": [11], "Removed Arguments": [], "Result": 11}, {"Node Type": "INPUT", "Result Type": "INPUT", "Arguments": [12], "Removed Arguments": [], "Result": 12}, {"Node Type": "INPUT", "Result Type": "INPUT", "Arguments": [13], "Removed Arguments": [13], "Result": 13}, {"Node Type": "FUNCTION", "Result Type": "FUNCTION", "Function": "equals", "Compiled": false, "Arguments": [4, 11], "Removed Arguments": [], "Result": 14}, {"Node Type": "ALIAS", "Result Type": "ALIAS", "Arguments": [12], "Removed Arguments": [12], "Result": 15}], "Outputs": [{"Name": "equals(--ci.movie_id, --mc.movie_id)", "Type": "UInt8"}, {"Name": "--chn.id", "Type": "Int64"}, {"Name": "--chn.name", "Type": "String"}, {"Name": "role_id", "Type": "Int64"}, {"Name": "person_role_id", "Type": "Int64"}, {"Name": "--ci.movie_id", "Type": "Int64"}, {"Name": "--ci.note", "Type": "String"}, {"Name": "country_code", "Type": "String"}, {"Name": "--cn.id", "Type": "Int64"}, {"Name": "--ct.id", "Type": "Int64"}, {"Name": "company_type_id", "Type": "Int64"}, {"Name": "company_id", "Type": "Int64"}, {"Name": "--mc.movie_id", "Type": "Int64"}, {"Name": "role", "Type": "String"}, {"Name": "--rt.id", "Type": "Int64"}], "Positions": [14, 0, 1, 2, 3, 4, 5, 6, 7, 8, 9, 10, 11, 13, 15], "Project Input": true}, "Plans": [{"Node Type": "Filter", "Description": "WHERE", "Header": [{"Name": "--chn.id", "Type": "Int64"}, {"Name": "--chn.name", "Type": "String"}, {"Name": "role_id", "Type": "Int64"}, {"Name": "person_role_id", "Type": "Int64"}, {"Name": "--ci.movie_id", "Type": "Int64"}, {"Name": "--ci.note", "Type": "String"}, {"Name": "country_code", "Type": "String"}, {"Name": "--cn.id", "Type": "Int64"}, {"Name": "--ct.id", "Type": "Int64"}, {"Name": "company_type_id", "Type": "Int64"}, {"Name": "company_id", "Type": "Int64"}, {"Name": "--mc.movie_id", "Type": "Int64"}, {"Name": "id", "Type": "Int64"}, {"Name": "role", "Type": "String"}], "Filter Column": "and(and(and(and(and(and(and(equals(--ct.id, company_type_id), equals(--cn.id, company_id)), equals(id, role_id)), equals(--chn.id, person_role_id)), equals(--ci.movie_id, --mc.movie_id)), equals(role, 'actor')), equals(country_code, '[ru]')), like(--ci.note, '%(producer)%'))", "Removes Filter": true, "Expression": {"Inputs": [{"Name": "--chn.id", "Type": "Int64"}, {"Name": "--chn.name", "Type": "String"}, {"Name": "role_id", "Type": "Int64"}, {"Name": "person_role_id", "Type": "Int64"}, {"Name": "--ci.movie_id", "Type": "Int64"}, {"Name": "--ci.note", "Type": "String"}, {"Name": "country_code", "Type": "String"}, {"Name": "--cn.id", "Type": "Int64"}, {"Name": "--ct.id", "Type": "Int64"}, {"Name": "company_type_id", "Type": "Int64"}, {"Name": "company_id", "Type": "Int64"}, {"Name": "--mc.movie_id", "Type": "Int64"}, {"Name": "id", "Type": "Int64"}, {"Name": "role", "Type": "String"}], "Actions": [{"Node Type": "INPUT", "Result Type": "INPUT", "Arguments": [0], "Removed Arguments": [], "Result": 0}, {"Node Type": "INPUT", "Result Type": "INPUT", "Arguments": [1], "Removed Arguments": [1], "Result": 1}, {"Node Type": "INPUT", "Result Type": "INPUT", "Arguments": [2], "Removed Arguments": [], "Result": 2}, {"Node Type": "INPUT", "Result Type": "INPUT", "Arguments": [3], "Removed Arguments": [], "Result": 3}, {"Node Type": "INPUT", "Result Type": "INPUT", "Arguments": [4], "Removed Arguments": [], "Result": 4}, {"Node Type": "INPUT", "Result Type": "INPUT", "Arguments": [5], "Removed Arguments": [], "Result": 5}, {"Node Type": "INPUT", "Result Type": "INPUT", "Arguments": [6], "Removed Arguments": [], "Result": 6}, {"Node Type": "INPUT", "Result Type": "INPUT", "Arguments": [7], "Removed Arguments": [], "Result": 7}, {"Node Type": "INPUT", "Result Type": "INPUT", "Arguments": [8], "Removed Arguments": [], "Result": 8}, {"Node Type": "INPUT", "Result Type": "INPUT", "Arguments": [9], "Removed Arguments": [], "Result": 9}, {"Node Type": "INPUT", "Result Type": "INPUT", "Arguments": [10], "Removed Arguments": [], "Result": 10}, {"Node Type": "INPUT", "Result Type": "INPUT", "Arguments": [11], "Removed Arguments": [], "Result": 11}, {"Node Type": "INPUT", "Result Type": "INPUT", "Arguments": [12], "Removed Arguments": [], "Result": 12}, {"Node Type": "INPUT", "Result Type": "INPUT", "Arguments": [13], "Removed Arguments": [], "Result": 13}, {"Node Type": "COLUMN", "Result Type": "COLUMN", "Column": "Const(String)", "Arguments": [], "Removed Arguments": [], "Result": 14}, {"Node Type": "COLUMN", "Result Type": "COLUMN", "Column": "Const(String)", "Arguments": [], "Removed Arguments": [], "Result": 15}, {"Node Type": "COLUMN", "Result Type": "COLUMN", "Column": "Const(String)", "Arguments": [], "Removed Arguments": [], "Result": 16}, {"Node Type": "FUNCTION", "Result Type": "FUNCTION", "Function": "equals", "Compiled": false, "Arguments": [0, 3], "Removed Arguments": [], "Result": 17}, {"Node Type": "FUNCTION", "Result Type": "FUNCTION", "Function": "equals", "Compiled": false, "Arguments": [8, 9], "Removed Arguments": [], "Result": 18}, {"Node Type": "FUNCTION", "Result Type": "FUNCTION", "Function": "equals", "Compiled": false, "Arguments": [7, 10], "Removed Arguments": [], "Result": 19}, {"Node Type": "FUNCTION", "Result Type": "FUNCTION", "Function": "equals", "Compiled": false, "Arguments": [4, 11], "Removed Arguments": [], "Result": 20}, {"Node Type": "FUNCTION", "Result Type": "FUNCTION", "Function": "equals", "Compiled": false, "Arguments": [12, 2], "Removed Arguments": [], "Result": 21}, {"Node Type": "FUNCTION", "Result Type": "FUNCTION", "Function": "equals", "Compiled": false, "Arguments": [13, 14], "Removed Arguments": [14], "Result": 22}, {"Node Type": "FUNCTION", "Result Type": "FUNCTION", "Function": "equals", "Compiled": false, "Arguments": [6, 15], "Removed Arguments": [15], "Result": 14}, {"Node Type": "FUNCTION", "Result Type": "FUNCTION", "Function": "like", "Compiled": false, "Arguments": [5, 16], "Removed Arguments": [16], "Result": 15}, {"Node Type": "FUNCTION", "Result Type": "FUNCTION", "Function": "and", "Compiled": false, "Arguments": [18, 19], "Removed Arguments": [18, 19], "Result": 16}, {"Node Type": "FUNCTION", "Result Type": "FUNCTION", "Function": "and", "Compiled": false, "Arguments": [16, 21], "Removed Arguments": [16, 21], "Result": 19}, {"Node Type": "FUNCTION", "Result Type": "FUNCTION", "Function": "and", "Compiled": false, "Arguments": [19, 17], "Removed Arguments": [19, 17], "Result": 21}, {"Node Type": "FUNCTION", "Result Type": "FUNCTION", "Function": "and", "Compiled": false, "Arguments": [21, 20], "Removed Arguments": [21, 20], "Result": 17}, {"Node Type": "FUNCTION", "Result Type": "FUNCTION", "Function": "and", "Compiled": false, "Arguments": [17, 22], "Removed Arguments": [17, 22], "Result": 20}, {"Node Type": "FUNCTION", "Result Type": "FUNCTION", "Function": "and", "Compiled": false, "Arguments": [20, 14], "Removed Arguments": [20, 14], "Result": 22}, {"Node Type": "FUNCTION", "Result Type": "FUNCTION", "Function": "and", "Compiled": false, "Arguments": [22, 15], "Removed Arguments": [22, 15], "Result": 14}], "Outputs": [{"Name": "--chn.id", "Type": "Int64"}, {"Name": "--chn.name", "Type": "String"}, {"Name": "role_id", "Type": "Int64"}, {"Name": "person_role_id", "Type": "Int64"}, {"Name": "--ci.movie_id", "Type": "Int64"}, {"Name": "--ci.note", "Type": "String"}, {"Name": "country_code", "Type": "String"}, {"Name": "--cn.id", "Type": "Int64"}, {"Name": "--ct.id", "Type": "Int64"}, {"Name": "company_type_id", "Type": "Int64"}, {"Name": "company_id", "Type": "Int64"}, {"Name": "--mc.movie_id", "Type": "Int64"}, {"Name": "id", "Type": "Int64"}, {"Name": "role", "Type": "String"}, {"Name": "and(and(and(and(and(and(and(equals(--ct.id, company_type_id), equals(--cn.id, company_id)), equals(id, role_id)), equals(--chn.id, person_role_id)), equals(--ci.movie_id, --mc.movie_id)), equals(role, 'actor')), equals(country_code, '[ru]')), like(--ci.note, '%(producer)%'))", "Type": "UInt8"}], "Positions": [0, 1, 2, 3, 4, 5, 6, 7, 8, 9, 10, 11, 12, 13, 14], "Project Input": true}, "Plans": [{"Node Type": "Join", "Description": "JOIN", "Header": [{"Name": "--chn.id", "Type": "Int64"}, {"Name": "--chn.name", "Type": "String"}, {"Name": "role_id", "Type": "Int64"}, {"Name": "person_role_id", "Type": "Int64"}, {"Name": "--ci.movie_id", "Type": "Int64"}, {"Name": "--ci.note", "Type": "String"}, {"Name": "country_code", "Type": "String"}, {"Name": "--cn.id", "Type": "Int64"}, {"Name": "--ct.id", "Type": "Int64"}, {"Name": "company_type_id", "Type": "Int64"}, {"Name": "company_id", "Type": "Int64"}, {"Name": "--mc.movie_id", "Type": "Int64"}, {"Name": "id", "Type": "Int64"}, {"Name": "role", "Type": "String"}], "Plans": [{"Node Type": "Expression", "Description": "(Before JOIN + (Projection + Before ORDER BY))", "Header": [{"Name": "--chn.id", "Type": "Int64"}, {"Name": "--chn.name", "Type": "String"}, {"Name": "role_id", "Type": "Int64"}, {"Name": "person_role_id", "Type": "Int64"}, {"Name": "--ci.movie_id", "Type": "Int64"}, {"Name": "--ci.note", "Type": "String"}, {"Name": "country_code", "Type": "String"}, {"Name": "--cn.id", "Type": "Int64"}, {"Name": "--ct.id", "Type": "Int64"}, {"Name": "company_type_id", "Type": "Int64"}, {"Name": "company_id", "Type": "Int64"}, {"Name": "--mc.movie_id", "Type": "Int64"}], "Expression": {"Inputs": [{"Name": "--chn.id", "Type": "Int64"}, {"Name": "--chn.name", "Type": "String"}, {"Name": "role_id", "Type": "Int64"}, {"Name": "person_role_id", "Type": "Int64"}, {"Name": "--ci.movie_id", "Type": "Int64"}, {"Name": "--ci.note", "Type": "String"}, {"Name": "country_code", "Type": "String"}, {"Name": "--cn.id", "Type": "Int64"}, {"Name": "--ct.id", "Type": "Int64"}, {"Name": "movie_id", "Type": "Int64"}, {"Name": "company_id", "Type": "Int64"}, {"Name": "company_type_id", "Type": "Int64"}], "Actions": [{"Node Type": "INPUT", "Result Type": "INPUT", "Arguments": [0], "Removed Arguments": [0], "Result": 0}, {"Node Type": "INPUT", "Result Type": "INPUT", "Arguments": [1], "Removed Arguments": [1], "Result": 1}, {"Node Type": "INPUT", "Result Type": "INPUT", "Arguments": [2], "Removed Arguments": [2], "Result": 2}, {"Node Type": "INPUT", "Result Type": "INPUT", "Arguments": [3], "Removed Arguments": [3], "Result": 3}, {"Node Type": "INPUT", "Result Type": "INPUT", "Arguments": [4], "Removed Arguments": [4], "Result": 4}, {"Node Type": "INPUT", "Result Type": "INPUT", "Arguments": [5], "Removed Arguments": [5], "Result": 5}, {"Node Type": "INPUT", "Result Type": "INPUT", "Arguments": [6], "Removed Arguments": [6], "Result": 6}, {"Node Type": "INPUT", "Result Type": "INPUT", "Arguments": [7], "Removed Arguments": [7], "Result": 7}, {"Node Type": "INPUT", "Result Type": "INPUT", "Arguments": [8], "Removed Arguments": [8], "Result": 8}, {"Node Type": "INPUT", "Result Type": "INPUT", "Arguments": [9], "Removed Arguments": [], "Result": 9}, {"Node Type": "INPUT", "Result Type": "INPUT", "Arguments": [10], "Removed Arguments": [10], "Result": 10}, {"Node Type": "INPUT", "Result Type": "INPUT", "Arguments": [11], "Removed Arguments": [11], "Result": 11}, {"Node Type": "ALIAS", "Result Type": "ALIAS", "Arguments": [9], "Removed Arguments": [9], "Result": 12}], "Outputs": [{"Name": "--chn.id", "Type": "Int64"}, {"Name": "--chn.name", "Type": "String"}, {"Name": "role_id", "Type": "Int64"}, {"Name": "person_role_id", "Type": "Int64"}, {"Name": "--ci.movie_id", "Type": "Int64"}, {"Name": "--ci.note", "Type": "String"}, {"Name": "country_code", "Type": "String"}, {"Name": "--cn.id", "Type": "Int64"}, {"Name": "--ct.id", "Type": "Int64"}, {"Name": "company_type_id", "Type": "Int64"}, {"Name": "company_id", "Type": "Int64"}, {"Name": "--mc.movie_id", "Type": "Int64"}], "Positions": [0, 1, 2, 3, 4, 5, 6, 7, 8, 11, 10, 12], "Project Input": true}, "Plans": [{"Node Type": "Filter", "Description": "WHERE", "Header": [{"Name": "--chn.id", "Type": "Int64"}, {"Name": "--chn.name", "Type": "String"}, {"Name": "role_id", "Type": "Int64"}, {"Name": "person_role_id", "Type": "Int64"}, {"Name": "--ci.movie_id", "Type": "Int64"}, {"Name": "--ci.note", "Type": "String"}, {"Name": "country_code", "Type": "String"}, {"Name": "--cn.id", "Type": "Int64"}, {"Name": "--ct.id", "Type": "Int64"}, {"Name": "movie_id", "Type": "Int64"}, {"Name": "company_id", "Type": "Int64"}, {"Name": "company_type_id", "Type": "Int64"}], "Filter Column": "and(and(and(and(and(equals(--cn.id, company_id), equals(--ct.id, company_type_id)), equals(--chn.id, person_role_id)), equals(--ci.movie_id, movie_id)), equals(country_code, '[ru]')), like(--ci.note, '%(producer)%'))", "Removes Filter": true, "Expression": {"Inputs": [{"Name": "--chn.id", "Type": "Int64"}, {"Name": "--chn.name", "Type": "String"}, {"Name": "role_id", "Type": "Int64"}, {"Name": "person_role_id", "Type": "Int64"}, {"Name": "--ci.movie_id", "Type": "Int64"}, {"Name": "--ci.note", "Type": "String"}, {"Name": "country_code", "Type": "String"}, {"Name": "--cn.id", "Type": "Int64"}, {"Name": "--ct.id", "Type": "Int64"}, {"Name": "movie_id", "Type": "Int64"}, {"Name": "company_id", "Type": "Int64"}, {"Name": "company_type_id", "Type": "Int64"}], "Actions": [{"Node Type": "INPUT", "Result Type": "INPUT", "Arguments": [0], "Removed Arguments": [], "Result": 0}, {"Node Type": "INPUT", "Result Type": "INPUT", "Arguments": [1], "Removed Arguments": [1], "Result": 1}, {"Node Type": "INPUT", "Result Type": "INPUT", "Arguments": [2], "Removed Arguments": [2], "Result": 2}, {"Node Type": "INPUT", "Result Type": "INPUT", "Arguments": [3], "Removed Arguments": [], "Result": 3}, {"Node Type": "INPUT", "Result Type": "INPUT", "Arguments": [4], "Removed Arguments": [], "Result": 4}, {"Node Type": "INPUT", "Result Type": "INPUT", "Arguments": [5], "Removed Arguments": [], "Result": 5}, {"Node Type": "INPUT", "Result Type": "INPUT", "Arguments": [6], "Removed Arguments": [], "Result": 6}, {"Node Type": "INPUT", "Result Type": "INPUT", "Arguments": [7], "Removed Arguments": [], "Result": 7}, {"Node Type": "INPUT", "Result Type": "INPUT", "Arguments": [8], "Removed Arguments": [], "Result": 8}, {"Node Type": "INPUT", "Result Type": "INPUT", "Arguments": [9], "Removed Arguments": [], "Result": 9}, {"Node Type": "INPUT", "Result Type": "INPUT", "Arguments": [10], "Removed Arguments": [], "Result": 10}, {"Node Type": "INPUT", "Result Type": "INPUT", "Arguments": [11], "Removed Arguments": [], "Result": 11}, {"Node Type": "COLUMN", "Result Type": "COLUMN", "Column": "Const(String)", "Arguments": [], "Removed Arguments": [], "Result": 12}, {"Node Type": "COLUMN", "Result Type": "COLUMN", "Column": "Const(String)", "Arguments": [], "Removed Arguments": [], "Result": 13}, {"Node Type": "FUNCTION", "Result Type": "FUNCTION", "Function": "equals", "Compiled": false, "Arguments": [0, 3], "Removed Arguments": [], "Result": 14}, {"Node Type": "FUNCTION", "Result Type": "FUNCTION", "Function": "equals", "Compiled": false, "Arguments": [4, 9], "Removed Arguments": [], "Result": 15}, {"Node Type": "FUNCTION", "Result Type": "FUNCTION", "Function": "equals", "Compiled": false, "Arguments": [7, 10], "Removed Arguments": [], "Result": 16}, {"Node Type": "FUNCTION", "Result Type": "FUNCTION", "Function": "equals", "Compiled": false, "Arguments": [8, 11], "Removed Arguments": [], "Result": 17}, {"Node Type": "FUNCTION", "Result Type": "FUNCTION", "Function": "equals", "Compiled": false, "Arguments": [6, 12], "Removed Arguments": [12], "Result": 18}, {"Node Type": "FUNCTION", "Result Type": "FUNCTION", "Function": "like", "Compiled": false, "Arguments": [5, 13], "Removed Arguments": [13], "Result": 12}, {"Node Type": "FUNCTION", "Result Type": "FUNCTION", "Function": "and", "Compiled": false, "Arguments": [16, 17], "Removed Arguments": [16, 17], "Result": 13}, {"Node Type": "FUNCTION", "Result Type": "FUNCTION", "Function": "and", "Compiled": false, "Arguments": [13, 14], "Removed Arguments": [13, 14], "Result": 17}, {"Node Type": "FUNCTION", "Result Type": "FUNCTION", "Function": "and", "Compiled": false, "Arguments": [17, 15], "Removed Arguments": [17, 15], "Result": 14}, {"Node Type": "FUNCTION", "Result Type": "FUNCTION", "Function": "and", "Compiled": false, "Arguments": [14, 18], "Removed Arguments": [14, 18], "Result": 15}, {"Node Type": "FUNCTION", "Result Type": "FUNCTION", "Function": "and", "Compiled": false, "Arguments": [15, 12], "Removed Arguments": [15, 12], "Result": 18}], "Outputs": [{"Name": "--chn.id", "Type": "Int64"}, {"Name": "--chn.name", "Type": "String"}, {"Name": "role_id", "Type": "Int64"}, {"Name": "person_role_id", "Type": "Int64"}, {"Name": "--ci.movie_id", "Type": "Int64"}, {"Name": "--ci.note", "Type": "String"}, {"Name": "country_code", "Type": "String"}, {"Name": "--cn.id", "Type": "Int64"}, {"Name": "--ct.id", "Type": "Int64"}, {"Name": "movie_id", "Type": "Int64"}, {"Name": "company_id", "Type": "Int64"}, {"Name": "company_type_id", "Type": "Int64"}, {"Name": "and(and(and(and(and(equals(--cn.id, company_id), equals(--ct.id, company_type_id)), equals(--chn.id, person_role_id)), equals(--ci.movie_id, movie_id)), equals(country_code, '[ru]')), like(--ci.note, '%(producer)%'))", "Type": "UInt8"}], "Positions": [0, 1, 2, 3, 4, 5, 6, 7, 8, 9, 10, 11, 18], "Project Input": true}, "Plans": [{"Node Type": "Join", "Description": "JOIN", "Header": [{"Name": "--chn.id", "Type": "Int64"}, {"Name": "--chn.name", "Type": "String"}, {"Name": "role_id", "Type": "Int64"}, {"Name": "person_role_id", "Type": "Int64"}, {"Name": "--ci.movie_id", "Type": "Int64"}, {"Name": "--ci.note", "Type": "String"}, {"Name": "country_code", "Type": "String"}, {"Name": "--cn.id", "Type": "Int64"}, {"Name": "--ct.id", "Type": "Int64"}, {"Name": "movie_id", "Type": "Int64"}, {"Name": "company_id", "Type": "Int64"}, {"Name": "company_type_id", "Type": "Int64"}], "Plans": [{"Node Type": "Expression", "Description": "(Before JOIN + (Projection + Before ORDER BY))", "Header": [{"Name": "--chn.id", "Type": "Int64"}, {"Name": "--chn.name", "Type": "String"}, {"Name": "role_id", "Type": "Int64"}, {"Name": "person_role_id", "Type": "Int64"}, {"Name": "--ci.movie_id", "Type": "Int64"}, {"Name": "--ci.note", "Type": "String"}, {"Name": "country_code", "Type": "String"}, {"Name": "--cn.id", "Type": "Int64"}, {"Name": "--ct.id", "Type": "Int64"}], "Expression": {"Inputs": [{"Name": "--chn.id", "Type": "Int64"}, {"Name": "--chn.name", "Type": "String"}, {"Name": "role_id", "Type": "Int64"}, {"Name": "person_role_id", "Type": "Int64"}, {"Name": "--ci.movie_id", "Type": "Int64"}, {"Name": "--ci.note", "Type": "String"}, {"Name": "country_code", "Type": "String"}, {"Name": "--cn.id", "Type": "Int64"}, {"Name": "id", "Type": "Int64"}], "Actions": [{"Node Type": "INPUT", "Result Type": "INPUT", "Arguments": [0], "Removed Arguments": [0], "Result": 0}, {"Node Type": "INPUT", "Result Type": "INPUT", "Arguments": [1], "Removed Arguments": [1], "Result": 1}, {"Node Type": "INPUT", "Result Type": "INPUT", "Arguments": [2], "Removed Arguments": [2], "Result": 2}, {"Node Type": "INPUT", "Result Type": "INPUT", "Arguments": [3], "Removed Arguments": [3], "Result": 3}, {"Node Type": "INPUT", "Result Type": "INPUT", "Arguments": [4], "Removed Arguments": [4], "Result": 4}, {"Node Type": "INPUT", "Result Type": "INPUT", "Arguments": [5], "Removed Arguments": [5], "Result": 5}, {"Node Type": "INPUT", "Result Type": "INPUT", "Arguments": [6], "Removed Arguments": [6], "Result": 6}, {"Node Type": "INPUT", "Result Type": "INPUT", "Arguments": [7], "Removed Arguments": [7], "Result": 7}, {"Node Type": "INPUT", "Result Type": "INPUT", "Arguments": [8], "Removed Arguments": [], "Result": 8}, {"Node Type": "ALIAS", "Result Type": "ALIAS", "Arguments": [8], "Removed Arguments": [8], "Result": 9}], "Outputs": [{"Name": "--chn.id", "Type": "Int64"}, {"Name": "--chn.name", "Type": "String"}, {"Name": "role_id", "Type": "Int64"}, {"Name": "person_role_id", "Type": "Int64"}, {"Name": "--ci.movie_id", "Type": "Int64"}, {"Name": "--ci.note", "Type": "String"}, {"Name": "country_code", "Type": "String"}, {"Name": "--cn.id", "Type": "Int64"}, {"Name": "--ct.id", "Type": "Int64"}], "Positions": [0, 1, 2, 3, 4, 5, 6, 7, 9], "Project Input": true}, "Plans": [{"Node Type": "Filter", "Description": "WHERE", "Header": [{"Name": "--chn.id", "Type": "Int64"}, {"Name": "--chn.name", "Type": "String"}, {"Name": "role_id", "Type": "Int64"}, {"Name": "person_role_id", "Type": "Int64"}, {"Name": "--ci.movie_id", "Type": "Int64"}, {"Name": "--ci.note", "Type": "String"}, {"Name": "country_code", "Type": "String"}, {"Name": "--cn.id", "Type": "Int64"}, {"Name": "id", "Type": "Int64"}], "Filter Column": "and(and(equals(--chn.id, person_role_id), equals(country_code, '[ru]')), like(--ci.note, '%(producer)%'))", "Removes Filter": true, "Expression": {"Inputs": [{"Name": "--chn.id", "Type": "Int64"}, {"Name": "--chn.name", "Type": "String"}, {"Name": "role_id", "Type": "Int64"}, {"Name": "person_role_id", "Type": "Int64"}, {"Name": "--ci.movie_id", "Type": "Int64"}, {"Name": "--ci.note", "Type": "String"}, {"Name": "country_code", "Type": "String"}, {"Name": "--cn.id", "Type": "Int64"}, {"Name": "id", "Type": "Int64"}], "Actions": [{"Node Type": "INPUT", "Result Type": "INPUT", "Arguments": [0], "Removed Arguments": [], "Result": 0}, {"Node Type": "INPUT", "Result Type": "INPUT", "Arguments": [1], "Removed Arguments": [1], "Result": 1}, {"Node Type": "INPUT", "Result Type": "INPUT", "Arguments": [2], "Removed Arguments": [2], "Result": 2}, {"Node Type": "INPUT", "Result Type": "INPUT", "Arguments": [3], "Removed Arguments": [], "Result": 3}, {"Node Type": "INPUT", "Result Type": "INPUT", "Arguments": [4], "Removed Arguments": [4], "Result": 4}, {"Node Type": "INPUT", "Result Type": "INPUT", "Arguments": [5], "Removed Arguments": [], "Result": 5}, {"Node Type": "INPUT", "Result Type": "INPUT", "Arguments": [6], "Removed Arguments": [], "Result": 6}, {"Node Type": "INPUT", "Result Type": "INPUT", "Arguments": [7], "Removed Arguments": [7], "Result": 7}, {"Node Type": "INPUT", "Result Type": "INPUT", "Arguments": [8], "Removed Arguments": [8], "Result": 8}, {"Node Type": "COLUMN", "Result Type": "COLUMN", "Column": "Const(String)", "Arguments": [], "Removed Arguments": [], "Result": 9}, {"Node Type": "COLUMN", "Result Type": "COLUMN", "Column": "Const(String)", "Arguments": [], "Removed Arguments": [], "Result": 10}, {"Node Type": "FUNCTION", "Result Type": "FUNCTION", "Function": "equals", "Compiled": false, "Arguments": [0, 3], "Removed Arguments": [], "Result": 11}, {"Node Type": "FUNCTION", "Result Type": "FUNCTION", "Function": "equals", "Compiled": false, "Arguments": [6, 9], "Removed Arguments": [9], "Result": 12}, {"Node Type": "FUNCTION", "Result Type": "FUNCTION", "Function": "like", "Compiled": false, "Arguments": [5, 10], "Removed Arguments": [10], "Result": 9}, {"Node Type": "FUNCTION", "Result Type": "FUNCTION", "Function": "and", "Compiled": false, "Arguments": [11, 12], "Removed Arguments": [11, 12], "Result": 10}, {"Node Type": "FUNCTION", "Result Type": "FUNCTION", "Function": "and", "Compiled": false, "Arguments": [10, 9], "Removed Arguments": [10, 9], "Result": 12}], "Outputs": [{"Name": "--chn.id", "Type": "Int64"}, {"Name": "--chn.name", "Type": "String"}, {"Name": "role_id", "Type": "Int64"}, {"Name": "person_role_id", "Type": "Int64"}, {"Name": "--ci.movie_id", "Type": "Int64"}, {"Name": "--ci.note", "Type": "String"}, {"Name": "country_code", "Type": "String"}, {"Name": "--cn.id", "Type": "Int64"}, {"Name": "id", "Type": "Int64"}, {"Name": "and(and(equals(--chn.id, person_role_id), equals(country_code, '[ru]')), like(--ci.note, '%(producer)%'))", "Type": "UInt8"}], "Positions": [0, 1, 2, 3, 4, 5, 6, 7, 8, 12], "Project Input": true}, "Plans": [{"Node Type": "Join", "Description": "JOIN", "Header": [{"Name": "--chn.id", "Type": "Int64"}, {"Name": "--chn.name", "Type": "String"}, {"Name": "role_id", "Type": "Int64"}, {"Name": "person_role_id", "Type": "Int64"}, {"Name": "--ci.movie_id", "Type": "Int64"}, {"Name": "--ci.note", "Type": "String"}, {"Name": "country_code", "Type": "String"}, {"Name": "--cn.id", "Type": "Int64"}, {"Name": "id", "Type": "Int64"}], "Plans": [{"Node Type": "Expression", "Description": "(Before JOIN + (Projection + Before ORDER BY))", "Header": [{"Name": "--chn.id", "Type": "Int64"}, {"Name": "--chn.name", "Type": "String"}, {"Name": "role_id", "Type": "Int64"}, {"Name": "person_role_id", "Type": "Int64"}, {"Name": "--ci.movie_id", "Type": "Int64"}, {"Name": "--ci.note", "Type": "String"}, {"Name": "country_code", "Type": "String"}, {"Name": "--cn.id", "Type": "Int64"}], "Expression": {"Inputs": [{"Name": "--chn.id", "Type": "Int64"}, {"Name": "--chn.name", "Type": "String"}, {"Name": "role_id", "Type": "Int64"}, {"Name": "person_role_id", "Type": "Int64"}, {"Name": "--ci.movie_id", "Type": "Int64"}, {"Name": "--ci.note", "Type": "String"}, {"Name": "id", "Type": "Int64"}, {"Name": "country_code", "Type": "String"}], "Actions": [{"Node Type": "INPUT", "Result Type": "INPUT", "Arguments": [0], "Removed Arguments": [0], "Result": 0}, {"Node Type": "INPUT", "Result Type": "INPUT", "Arguments": [1], "Removed Arguments": [1], "Result": 1}, {"Node Type": "INPUT", "Result Type": "INPUT", "Arguments": [2], "Removed Arguments": [2], "Result": 2}, {"Node Type": "INPUT", "Result Type": "INPUT", "Arguments": [3], "Removed Arguments": [3], "Result": 3}, {"Node Type": "INPUT", "Result Type": "INPUT", "Arguments": [4], "Removed Arguments": [4], "Result": 4}, {"Node Type": "INPUT", "Result Type": "INPUT", "Arguments": [5], "Removed Arguments": [5], "Result": 5}, {"Node Type": "INPUT", "Result Type": "INPUT", "Arguments": [6], "Removed Arguments": [], "Result": 6}, {"Node Type": "INPUT", "Result Type": "INPUT", "Arguments": [7], "Removed Arguments": [7], "Result": 7}, {"Node Type": "ALIAS", "Result Type": "ALIAS", "Arguments": [6], "Removed Arguments": [6], "Result": 8}], "Outputs": [{"Name": "--chn.id", "Type": "Int64"}, {"Name": "--chn.name", "Type": "String"}, {"Name": "role_id", "Type": "Int64"}, {"Name": "person_role_id", "Type": "Int64"}, {"Name": "--ci.movie_id", "Type": "Int64"}, {"Name": "--ci.note", "Type": "String"}, {"Name": "country_code", "Type": "String"}, {"Name": "--cn.id", "Type": "Int64"}], "Positions": [0, 1, 2, 3, 4, 5, 7, 8], "Project Input": true}, "Plans": [{"Node Type": "Filter", "Description": "WHERE", "Header": [{"Name": "--chn.id", "Type": "Int64"}, {"Name": "--chn.name", "Type": "String"}, {"Name": "role_id", "Type": "Int64"}, {"Name": "person_role_id", "Type": "Int64"}, {"Name": "--ci.movie_id", "Type": "Int64"}, {"Name": "--ci.note", "Type": "String"}, {"Name": "id", "Type": "Int64"}, {"Name": "country_code", "Type": "String"}], "Filter Column": "and(and(equals(country_code, '[ru]'), equals(--chn.id, person_role_id)), like(--ci.note, '%(producer)%'))", "Removes Filter": true, "Expression": {"Inputs": [{"Name": "--chn.id", "Type": "Int64"}, {"Name": "--chn.name", "Type": "String"}, {"Name": "role_id", "Type": "Int64"}, {"Name": "person_role_id", "Type": "Int64"}, {"Name": "--ci.movie_id", "Type": "Int64"}, {"Name": "--ci.note", "Type": "String"}, {"Name": "id", "Type": "Int64"}, {"Name": "country_code", "Type": "String"}], "Actions": [{"Node Type": "INPUT", "Result Type": "INPUT", "Arguments": [0], "Removed Arguments": [], "Result": 0}, {"Node Type": "INPUT", "Result Type": "INPUT", "Arguments": [1], "Removed Arguments": [1], "Result": 1}, {"Node Type": "INPUT", "Result Type": "INPUT", "Arguments": [2], "Removed Arguments": [2], "Result": 2}, {"Node Type": "INPUT", "Result Type": "INPUT", "Arguments": [3], "Removed Arguments": [], "Result": 3}, {"Node Type": "INPUT", "Result Type": "INPUT", "Arguments": [4], "Removed Arguments": [4], "Result": 4}, {"Node Type": "INPUT", "Result Type": "INPUT", "Arguments": [5], "Removed Arguments": [], "Result": 5}, {"Node Type": "INPUT", "Result Type": "INPUT", "Arguments": [6], "Removed Arguments": [6], "Result": 6}, {"Node Type": "INPUT", "Result Type": "INPUT", "Arguments": [7], "Removed Arguments": [], "Result": 7}, {"Node Type": "COLUMN", "Result Type": "COLUMN", "Column": "Const(String)", "Arguments": [], "Removed Arguments": [], "Result": 8}, {"Node Type": "COLUMN", "Result Type": "COLUMN", "Column": "Const(String)", "Arguments": [], "Removed Arguments": [], "Result": 9}, {"Node Type": "FUNCTION", "Result Type": "FUNCTION", "Function": "equals", "Compiled": false, "Arguments": [0, 3], "Removed Arguments": [], "Result": 10}, {"Node Type": "FUNCTION", "Result Type": "FUNCTION", "Function": "equals", "Compiled": false, "Arguments": [7, 8], "Removed Arguments": [8], "Result": 11}, {"Node Type": "FUNCTION", "Result Type": "FUNCTION", "Function": "like", "Compiled": false, "Arguments": [5, 9], "Removed Arguments": [9], "Result": 8}, {"Node Type": "FUNCTION", "Result Type": "FUNCTION", "Function": "and", "Compiled": false, "Arguments": [11, 10], "Removed Arguments": [11, 10], "Result": 9}, {"Node Type": "FUNCTION", "Result Type": "FUNCTION", "Function": "and", "Compiled": false, "Arguments": [9, 8], "Removed Arguments": [9, 8], "Result": 10}], "Outputs": [{"Name": "--chn.id", "Type": "Int64"}, {"Name": "--chn.name", "Type": "String"}, {"Name": "role_id", "Type": "Int64"}, {"Name": "person_role_id", "Type": "Int64"}, {"Name": "--ci.movie_id", "Type": "Int64"}, {"Name": "--ci.note", "Type": "String"}, {"Name": "id", "Type": "Int64"}, {"Name": "country_code", "Type": "String"}, {"Name": "and(and(equals(country_code, '[ru]'), equals(--chn.id, person_role_id)), like(--ci.note, '%(producer)%'))", "Type": "UInt8"}], "Positions": [0, 1, 2, 3, 4, 5, 6, 7, 10], "Project Input": true}, "Plans": [{"Node Type": "Join", "Description": "JOIN", "Header": [{"Name": "--chn.id", "Type": "Int64"}, {"Name": "--chn.name", "Type": "String"}, {"Name": "role_id", "Type": "Int64"}, {"Name": "person_role_id", "Type": "Int64"}, {"Name": "--ci.movie_id", "Type": "Int64"}, {"Name": "--ci.note", "Type": "String"}, {"Name": "id", "Type": "Int64"}, {"Name": "country_code", "Type": "String"}], "Plans": [{"Node Type": "Expression", "Description": "(Before JOIN + (Projection + Before ORDER BY))", "Header": [{"Name": "--chn.id", "Type": "Int64"}, {"Name": "--chn.name", "Type": "String"}, {"Name": "role_id", "Type": "Int64"}, {"Name": "person_role_id", "Type": "Int64"}, {"Name": "--ci.movie_id", "Type": "Int64"}, {"Name": "--ci.note", "Type": "String"}], "Expression": {"Inputs": [{"Name": "id", "Type": "Int64"}, {"Name": "name", "Type": "String"}, {"Name": "movie_id", "Type": "Int64"}, {"Name": "person_role_id", "Type": "Int64"}, {"Name": "note", "Type": "String"}, {"Name": "role_id", "Type": "Int64"}], "Actions": [{"Node Type": "INPUT", "Result Type": "INPUT", "Arguments": [0], "Removed Arguments": [], "Result": 0}, {"Node Type": "INPUT", "Result Type": "INPUT", "Arguments": [1], "Removed Arguments": [], "Result": 1}, {"Node Type": "INPUT", "Result Type": "INPUT", "Arguments": [2], "Removed Arguments": [], "Result": 2}, {"Node Type": "INPUT", "Result Type": "INPUT", "Arguments": [3], "Removed Arguments": [3], "Result": 3}, {"Node Type": "INPUT", "Result Type": "INPUT", "Arguments": [4], "Removed Arguments": [], "Result": 4}, {"Node Type": "INPUT", "Result Type": "INPUT", "Arguments": [5], "Removed Arguments": [5], "Result": 5}, {"Node Type": "ALIAS", "Result Type": "ALIAS", "Arguments": [0], "Removed Arguments": [0], "Result": 6}, {"Node Type": "ALIAS", "Result Type": "ALIAS", "Arguments": [1], "Removed Arguments": [1], "Result": 0}, {"Node Type": "ALIAS", "Result Type": "ALIAS", "Arguments": [2], "Removed Arguments": [2], "Result": 1}, {"Node Type": "ALIAS", "Result Type": "ALIAS", "Arguments": [4], "Removed Arguments": [4], "Result": 2}], "Outputs": [{"Name": "--chn.id", "Type": "Int64"}, {"Name": "--chn.name", "Type": "String"}, {"Name": "role_id", "Type": "Int64"}, {"Name": "person_role_id", "Type": "Int64"}, {"Name": "--ci.movie_id", "Type": "Int64"}, {"Name": "--ci.note", "Type": "String"}], "Positions": [6, 0, 5, 3, 1, 2], "Project Input": true}, "Plans": [{"Node Type": "Filter", "Description": "WHERE", "Header": [{"Name": "id", "Type": "Int64"}, {"Name": "name", "Type": "String"}, {"Name": "movie_id", "Type": "Int64"}, {"Name": "person_role_id", "Type": "Int64"}, {"Name": "note", "Type": "String"}, {"Name": "role_id", "Type": "Int64"}], "Filter Column": "and(equals(id, person_role_id), like(note, '%(producer)%'))", "Removes Filter": true, "Expression": {"Inputs": [{"Name": "id", "Type": "Int64"}, {"Name": "name", "Type": "String"}, {"Name": "movie_id", "Type": "Int64"}, {"Name": "person_role_id", "Type": "Int64"}, {"Name": "note", "Type": "String"}, {"Name": "role_id", "Type": "Int64"}], "Actions": [{"Node Type": "INPUT", "Result Type": "INPUT", "Arguments": [0], "Removed Arguments": [], "Result": 0}, {"Node Type": "INPUT", "Result Type": "INPUT", "Arguments": [1], "Removed Arguments": [1], "Result": 1}, {"Node Type": "INPUT", "Result Type": "INPUT", "Arguments": [2], "Removed Arguments": [2], "Result": 2}, {"Node Type": "INPUT", "Result Type": "INPUT", "Arguments": [3], "Removed Arguments": [], "Result": 3}, {"Node Type": "INPUT", "Result Type": "INPUT", "Arguments": [4], "Removed Arguments": [], "Result": 4}, {"Node Type": "INPUT", "Result Type": "INPUT", "Arguments": [5], "Removed Arguments": [5], "Result": 5}, {"Node Type": "COLUMN", "Result Type": "COLUMN", "Column": "Const(String)", "Arguments": [], "Removed Arguments": [], "Result": 6}, {"Node Type": "FUNCTION", "Result Type": "FUNCTION", "Function": "equals", "Compiled": false, "Arguments": [0, 3], "Removed Arguments": [], "Result": 7}, {"Node Type": "FUNCTION", "Result Type": "FUNCTION", "Function": "like", "Compiled": false, "Arguments": [4, 6], "Removed Arguments": [6], "Result": 8}, {"Node Type": "FUNCTION", "Result Type": "FUNCTION", "Function": "and", "Compiled": false, "Arguments": [7, 8], "Removed Arguments": [7, 8], "Result": 6}], "Outputs": [{"Name": "id", "Type": "Int64"}, {"Name": "name", "Type": "String"}, {"Name": "movie_id", "Type": "Int64"}, {"Name": "person_role_id", "Type": "Int64"}, {"Name": "note", "Type": "String"}, {"Name": "role_id", "Type": "Int64"}, {"Name": "and(equals(id, person_role_id), like(note, '%(producer)%'))", "Type": "UInt8"}], "Positions": [0, 1, 2, 3, 4, 5, 6], "Project Input": true}, "Plans": [{"Node Type": "Join", "Description": "JOIN", "Header": [{"Name": "id", "Type": "Int64"}, {"Name": "name", "Type": "String"}, {"Name": "movie_id", "Type": "Int64"}, {"Name": "note", "Type": "String"}, {"Name": "role_id", "Type": "Int64"}, {"Name": "person_role_id", "Type": "Int64"}], "Plans": [{"Node Type": "Expression", "Description": "Before JOIN", "Header": [{"Name": "id", "Type": "Int64"}, {"Name": "name", "Type": "String"}], "Expression": {"Inputs": [{"Name": "id", "Type": "Int64"}, {"Name": "name", "Type": "String"}], "Actions": [{"Node Type": "INPUT", "Result Type": "INPUT", "Arguments": [0], "Removed Arguments": [0], "Result": 0}, {"Node Type": "INPUT", "Result Type": "INPUT", "Arguments": [1], "Removed Arguments": [1], "Result": 1}], "Outputs": [{"Name": "id", "Type": "Int64"}, {"Name": "name", "Type": "String"}], "Positions": [0, 1], "Project Input": false}, "Plans": [{"Node Type": "SettingQuotaAndLimits", "Description": "Set limits and quota after reading from storage", "Header": [{"Name": "id", "Type": "Int64"}, {"Name": "name", "Type": "String"}], "Plans": [{"Node Type": "ReadFromMergeTree", "Header": [{"Name": "id", "Type": "Int64"}, {"Name": "name", "Type": "String"}], "Read Type": "Default", "Parts": 1, "Granules": 382}]}]}, {"Node Type": "Expression", "Description": "(Joined actions + (Rename joined columns + (Projection + Before ORDER BY)))", "Header": [{"Name": "person_role_id", "Type": "Int64"}, {"Name": "movie_id", "Type": "Int64"}, {"Name": "note", "Type": "String"}, {"Name": "role_id", "Type": "Int64"}], "Expression": {"Inputs": [{"Name": "movie_id", "Type": "Int64"}, {"Name": "person_role_id", "Type": "Int64"}, {"Name": "note", "Type": "String"}, {"Name": "role_id", "Type": "Int64"}], "Actions": [{"Node Type": "INPUT", "Result Type": "INPUT", "Arguments": [0], "Removed Arguments": [], "Result": 0}, {"Node Type": "INPUT", "Result Type": "INPUT", "Arguments": [1], "Removed Arguments": [], "Result": 1}, {"Node Type": "INPUT", "Result Type": "INPUT", "Arguments": [2], "Removed Arguments": [], "Result": 2}, {"Node Type": "INPUT", "Result Type": "INPUT", "Arguments": [3], "Removed Arguments": [], "Result": 3}, {"Node Type": "ALIAS", "Result Type": "ALIAS", "Arguments": [0], "Removed Arguments": [0], "Result": 4}, {"Node Type": "ALIAS", "Result Type": "ALIAS", "Arguments": [1], "Removed Arguments": [1], "Result": 0}, {"Node Type": "ALIAS", "Result Type": "ALIAS", "Arguments": [2], "Removed Arguments": [2], "Result": 1}, {"Node Type": "ALIAS", "Result Type": "ALIAS", "Arguments": [3], "Removed Arguments": [3], "Result": 2}], "Outputs": [{"Name": "person_role_id", "Type": "Int64"}, {"Name": "movie_id", "Type": "Int64"}, {"Name": "note", "Type": "String"}, {"Name": "role_id", "Type": "Int64"}], "Positions": [0, 4, 1, 2], "Project Input": true}, "Plans": [{"Node Type": "SettingQuotaAndLimits", "Description": "Set limits and quota after reading from storage", "Header": [{"Name": "movie_id", "Type": "Int64"}, {"Name": "person_role_id", "Type": "Int64"}, {"Name": "note", "Type": "String"}, {"Name": "role_id", "Type": "Int64"}], "Plans": [{"Node Type": "ReadFromMergeTree", "Header": [{"Name": "movie_id", "Type": "Int64"}, {"Name": "person_role_id", "Type": "Int64"}, {"Name": "note", "Type": "String"}, {"Name": "role_id", "Type": "Int64"}], "Read Type": "Default", "Parts": 1, "Granules": 4410}]}]}]}]}]}, {"Node Type": "Expression", "Description": "(Joined actions + (Rename joined columns + (Projection + Before ORDER BY)))", "Header": [{"Name": "id", "Type": "Int64"}, {"Name": "country_code", "Type": "String"}], "Expression": {"Inputs": [{"Name": "id", "Type": "Int64"}, {"Name": "country_code", "Type": "String"}], "Actions": [{"Node Type": "INPUT", "Result Type": "INPUT", "Arguments": [0], "Removed Arguments": [], "Result": 0}, {"Node Type": "INPUT", "Result Type": "INPUT", "Arguments": [1], "Removed Arguments": [], "Result": 1}, {"Node Type": "ALIAS", "Result Type": "ALIAS", "Arguments": [0], "Removed Arguments": [0], "Result": 2}, {"Node Type": "ALIAS", "Result Type": "ALIAS", "Arguments": [1], "Removed Arguments": [1], "Result": 0}], "Outputs": [{"Name": "id", "Type": "Int64"}, {"Name": "country_code", "Type": "String"}], "Positions": [2, 0], "Project Input": true}, "Plans": [{"Node Type": "SettingQuotaAndLimits", "Description": "Set limits and quota after reading from storage", "Header": [{"Name": "id", "Type": "Int64"}, {"Name": "country_code", "Type": "String"}], "Plans": [{"Node Type": "ReadFromMergeTree", "Header": [{"Name": "id", "Type": "Int64"}, {"Name": "country_code", "Type": "String"}], "Read Type": "Default", "Parts": 1, "Granules": 29}]}]}]}]}]}, {"Node Type": "Expression", "Description": "(Joined actions + (Rename joined columns + (Projection + Before ORDER BY)))", "Header": [{"Name": "id", "Type": "Int64"}], "Expression": {"Inputs": [{"Name": "id", "Type": "Int64"}], "Actions": [{"Node Type": "INPUT", "Result Type": "INPUT", "Arguments": [0], "Removed Arguments": [], "Result": 0}, {"Node Type": "ALIAS", "Result Type": "ALIAS", "Arguments": [0], "Removed Arguments": [0], "Result": 1}], "Outputs": [{"Name": "id", "Type": "Int64"}], "Positions": [1], "Project Input": true}, "Plans": [{"Node Type": "SettingQuotaAndLimits", "Description": "Set limits and quota after reading from storage", "Header": [{"Name": "id", "Type": "Int64"}], "Plans": [{"Node Type": "ReadFromMergeTree", "Header": [{"Name": "id", "Type": "Int64"}], "Read Type": "Default", "Parts": 1, "Granules": 1}]}]}]}]}]}, {"Node Type": "Expression", "Description": "(Joined actions + (Rename joined columns + (Projection + Before ORDER BY)))", "Header": [{"Name": "movie_id", "Type": "Int64"}, {"Name": "company_id", "Type": "Int64"}, {"Name": "company_type_id", "Type": "Int64"}, {"Name": "--mc.movie_id", "Type": "Int64"}], "Expression": {"Inputs": [{"Name": "movie_id", "Type": "Int64"}, {"Name": "company_id", "Type": "Int64"}, {"Name": "company_type_id", "Type": "Int64"}], "Actions": [{"Node Type": "INPUT", "Result Type": "INPUT", "Arguments": [0], "Removed Arguments": [], "Result": 0}, {"Node Type": "INPUT", "Result Type": "INPUT", "Arguments": [1], "Removed Arguments": [], "Result": 1}, {"Node Type": "INPUT", "Result Type": "INPUT", "Arguments": [2], "Removed Arguments": [], "Result": 2}, {"Node Type": "ALIAS", "Result Type": "ALIAS", "Arguments": [0], "Removed Arguments": [0], "Result": 3}, {"Node Type": "ALIAS", "Result Type": "ALIAS", "Arguments": [1], "Removed Arguments": [1], "Result": 0}, {"Node Type": "ALIAS", "Result Type": "ALIAS", "Arguments": [2], "Removed Arguments": [2], "Result": 1}, {"Node Type": "ALIAS", "Result Type": "ALIAS", "Arguments": [3], "Removed Arguments": [], "Result": 2}], "Outputs": [{"Name": "movie_id", "Type": "Int64"}, {"Name": "company_id", "Type": "Int64"}, {"Name": "company_type_id", "Type": "Int64"}, {"Name": "--mc.movie_id", "Type": "Int64"}], "Positions": [3, 0, 1, 2], "Project Input": true}, "Plans": [{"Node Type": "SettingQuotaAndLimits", "Description": "Set limits and quota after reading from storage", "Header": [{"Name": "movie_id", "Type": "Int64"}, {"Name": "company_id", "Type": "Int64"}, {"Name": "company_type_id", "Type": "Int64"}], "Plans": [{"Node Type": "ReadFromMergeTree", "Header": [{"Name": "movie_id", "Type": "Int64"}, {"Name": "company_id", "Type": "Int64"}, {"Name": "company_type_id", "Type": "Int64"}], "Read Type": "Default", "Parts": 1, "Granules": 318}]}]}]}]}]}, {"Node Type": "Expression", "Description": "(Joined actions + (Rename joined columns + (Projection + Before ORDER BY)))", "Header": [{"Name": "id", "Type": "Int64"}, {"Name": "--rt.id", "Type": "Int64"}, {"Name": "role", "Type": "String"}], "Expression": {"Inputs": [{"Name": "id", "Type": "Int64"}, {"Name": "role", "Type": "String"}], "Actions": [{"Node Type": "INPUT", "Result Type": "INPUT", "Arguments": [0], "Removed Arguments": [], "Result": 0}, {"Node Type": "INPUT", "Result Type": "INPUT", "Arguments": [1], "Removed Arguments": [], "Result": 1}, {"Node Type": "ALIAS", "Result Type": "ALIAS", "Arguments": [0], "Removed Arguments": [0], "Result": 2}, {"Node Type": "ALIAS", "Result Type": "ALIAS", "Arguments": [1], "Removed Arguments": [1], "Result": 0}, {"Node Type": "ALIAS", "Result Type": "ALIAS", "Arguments": [2], "Removed Arguments": [], "Result": 1}], "Outputs": [{"Name": "id", "Type": "Int64"}, {"Name": "--rt.id", "Type": "Int64"}, {"Name": "role", "Type": "String"}], "Positions": [2, 1, 0], "Project Input": true}, "Plans": [{"Node Type": "SettingQuotaAndLimits", "Description": "Set limits and quota after reading from storage", "Header": [{"Name": "id", "Type": "Int64"}, {"Name": "role", "Type": "String"}], "Plans": [{"Node Type": "ReadFromMergeTree", "Header": [{"Name": "id", "Type": "Int64"}, {"Name": "role", "Type": "String"}], "Read Type": "Default", "Parts": 1, "Granules": 1}]}]}]}]}]}, {"Node Type": "Expression", "Description": "(Joined actions + (Rename joined columns + (Projection + Before ORDER BY)))", "Header": [{"Name": "id", "Type": "Int64"}, {"Name": "title", "Type": "String"}, {"Name": "production_year", "Type": "Int64"}], "Expression": {"Inputs": [{"Name": "id", "Type": "Int64"}, {"Name": "title", "Type": "String"}, {"Name": "production_year", "Type": "Int64"}], "Actions": [{"Node Type": "INPUT", "Result Type": "INPUT", "Arguments": [0], "Removed Arguments": [], "Result": 0}, {"Node Type": "INPUT", "Result Type": "INPUT", "Arguments": [1], "Removed Arguments": [], "Result": 1}, {"Node Type": "INPUT", "Result Type": "INPUT", "Arguments": [2], "Removed Arguments": [], "Result": 2}, {"Node Type": "ALIAS", "Result Type": "ALIAS", "Arguments": [0], "Removed Arguments": [0], "Result": 3}, {"Node Type": "ALIAS", "Result Type": "ALIAS", "Arguments": [1], "Removed Arguments": [1], "Result": 0}, {"Node Type": "ALIAS", "Result Type": "ALIAS", "Arguments": [2], "Removed Arguments": [2], "Result": 1}], "Outputs": [{"Name": "id", "Type": "Int64"}, {"Name": "title", "Type": "String"}, {"Name": "production_year", "Type": "Int64"}], "Positions": [3, 0, 1], "Project Input": true}, "Plans": [{"Node Type": "SettingQuotaAndLimits", "Description": "Set limits and quota after reading from storage", "Header": [{"Name": "id", "Type": "Int64"}, {"Name": "title", "Type": "String"}, {"Name": "production_year", "Type": "Int64"}], "Plans": [{"Node Type": "ReadFromMergeTree", "Header": [{"Name": "id", "Type": "Int64"}, {"Name": "title", "Type": "String"}, {"Name": "production_year", "Type": "Int64"}], "Read Type": "Default", "Parts": 2, "Granules": 308}]}]}]}]}]}]}]}}]