[{"Plan": {"Node Type": "Expression", "Description": "(Projection + Before ORDER BY)", "Header": [{"Name": "movie_company", "Type": "String"}, {"Name": "rating", "Type": "String"}, {"Name": "drama_horror_movie", "Type": "String"}], "Expression": {"Inputs": [{"Name": "min(name)", "Type": "String"}, {"Name": "min(--mi_idx.info)", "Type": "String"}, {"Name": "min(title)", "Type": "String"}], "Actions": [{"Node Type": "INPUT", "Result Type": "INPUT", "Arguments": [0], "Removed Arguments": [], "Result": 0}, {"Node Type": "INPUT", "Result Type": "INPUT", "Arguments": [1], "Removed Arguments": [], "Result": 1}, {"Node Type": "INPUT", "Result Type": "INPUT", "Arguments": [2], "Removed Arguments": [], "Result": 2}, {"Node Type": "ALIAS", "Result Type": "ALIAS", "Arguments": [0], "Removed Arguments": [0], "Result": 3}, {"Node Type": "ALIAS", "Result Type": "ALIAS", "Arguments": [1], "Removed Arguments": [1], "Result": 0}, {"Node Type": "ALIAS", "Result Type": "ALIAS", "Arguments": [2], "Removed Arguments": [2], "Result": 1}], "Outputs": [{"Name": "movie_company", "Type": "String"}, {"Name": "rating", "Type": "String"}, {"Name": "drama_horror_movie", "Type": "String"}], "Positions": [3, 0, 1], "Project Input": true}, "Plans": [{"Node Type": "Aggregating", "Header": [{"Name": "min(name)", "Type": "String"}, {"Name": "min(--mi_idx.info)", "Type": "String"}, {"Name": "min(title)", "Type": "String"}], "Keys": [], "Aggregates": [{"Name": "min(name)", "Function": {"Name": "min", "Argument Types": ["String"], "Result Type": "String"}, "Arguments": ["name"], "Argument Positions": [0]}, {"Name": "min(--mi_idx.info)", "Function": {"Name": "min", "Argument Types": ["String"], "Result Type": "String"}, "Arguments": ["--mi_idx.info"], "Argument Positions": [1]}, {"Name": "min(title)", "Function": {"Name": "min", "Argument Types": ["String"], "Result Type": "String"}, "Arguments": ["title"], "Argument Positions": [2]}], "Plans": [{"Node Type": "Expression", "Description": "Before GROUP BY", "Header": [{"Name": "name", "Type": "String"}, {"Name": "--mi_idx.info", "Type": "String"}, {"Name": "title", "Type": "String"}], "Expression": {"Inputs": [{"Name": "name", "Type": "String"}, {"Name": "--mi_idx.info", "Type": "String"}, {"Name": "title", "Type": "String"}], "Actions": [{"Node Type": "INPUT", "Result Type": "INPUT", "Arguments": [0], "Removed Arguments": [0], "Result": 0}, {"Node Type": "INPUT", "Result Type": "INPUT", "Arguments": [1], "Removed Arguments": [1], "Result": 1}, {"Node Type": "INPUT", "Result Type": "INPUT", "Arguments": [2], "Removed Arguments": [2], "Result": 2}], "Outputs": [{"Name": "name", "Type": "String"}, {"Name": "--mi_idx.info", "Type": "String"}, {"Name": "title", "Type": "String"}], "Positions": [0, 1, 2], "Project Input": true}, "Plans": [{"Node Type": "Filter", "Description": "WHERE", "Header": [{"Name": "name", "Type": "String"}, {"Name": "--mi_idx.info", "Type": "String"}, {"Name": "title", "Type": "String"}], "Filter Column": "and(equals(country_code, '[us]'), equals(kind, 'production companies'), equals(--it1.info, 'genres'), equals(--it2.info, 'rating'), in(--mi.info, ('Drama', 'Horror')), greater(--mi_idx.info, '8.0'), and(greaterOrEquals(production_year, 2005), lessOrEquals(production_year, 2008)), equals(id, --mi.movie_id), equals(id, --mi_idx.movie_id), equals(--mi.info_type_id, --it1.id), equals(--mi_idx.info_type_id, --it2.id), equals(id, --mc.movie_id), equals(--ct.id, company_type_id), equals(--cn.id, company_id), equals(--mc.movie_id, --mi.movie_id), equals(--mc.movie_id, --mi_idx.movie_id), equals(--mi.movie_id, --mi_idx.movie_id))", "Removes Filter": true, "Expression": {"Inputs": [{"Name": "country_code", "Type": "String"}, {"Name": "name", "Type": "String"}, {"Name": "--cn.id", "Type": "Int64"}, {"Name": "kind", "Type": "String"}, {"Name": "--ct.id", "Type": "Int64"}, {"Name": "--it1.id", "Type": "Int64"}, {"Name": "--it1.info", "Type": "String"}, {"Name": "--it2.id", "Type": "Int64"}, {"Name": "--it2.info", "Type": "String"}, {"Name": "company_id", "Type": "Int64"}, {"Name": "company_type_id", "Type": "Int64"}, {"Name": "--mc.movie_id", "Type": "Int64"}, {"Name": "--mi.info_type_id", "Type": "Int64"}, {"Name": "--mi.movie_id", "Type": "Int64"}, {"Name": "--mi.info", "Type": "String"}, {"Name": "--mi_idx.info_type_id", "Type": "Int64"}, {"Name": "--mi_idx.movie_id", "Type": "Int64"}, {"Name": "--mi_idx.info", "Type": "String"}, {"Name": "id", "Type": "Int64"}, {"Name": "title", "Type": "String"}, {"Name": "production_year", "Type": "Int64"}], "Actions": [{"Node Type": "INPUT", "Result Type": "INPUT", "Arguments": [0], "Removed Arguments": [], "Result": 0}, {"Node Type": "INPUT", "Result Type": "INPUT", "Arguments": [1], "Removed Arguments": [1], "Result": 1}, {"Node Type": "INPUT", "Result Type": "INPUT", "Arguments": [2], "Removed Arguments": [], "Result": 2}, {"Node Type": "INPUT", "Result Type": "INPUT", "Arguments": [3], "Removed Arguments": [], "Result": 3}, {"Node Type": "INPUT", "Result Type": "INPUT", "Arguments": [4], "Removed Arguments": [], "Result": 4}, {"Node Type": "INPUT", "Result Type": "INPUT", "Arguments": [5], "Removed Arguments": [], "Result": 5}, {"Node Type": "INPUT", "Result Type": "INPUT", "Arguments": [6], "Removed Arguments": [], "Result": 6}, {"Node Type": "INPUT", "Result Type": "INPUT", "Arguments": [7], "Removed Arguments": [], "Result": 7}, {"Node Type": "INPUT", "Result Type": "INPUT", "Arguments": [8], "Removed Arguments": [], "Result": 8}, {"Node Type": "INPUT", "Result Type": "INPUT", "Arguments": [9], "Removed Arguments": [], "Result": 9}, {"Node Type": "INPUT", "Result Type": "INPUT", "Arguments": [10], "Removed Arguments": [], "Result": 10}, {"Node Type": "INPUT", "Result Type": "INPUT", "Arguments": [11], "Removed Arguments": [], "Result": 11}, {"Node Type": "INPUT", "Result Type": "INPUT", "Arguments": [12], "Removed Arguments": [], "Result": 12}, {"Node Type": "INPUT", "Result Type": "INPUT", "Arguments": [13], "Removed Arguments": [], "Result": 13}, {"Node Type": "INPUT", "Result Type": "INPUT", "Arguments": [14], "Removed Arguments": [], "Result": 14}, {"Node Type": "INPUT", "Result Type": "INPUT", "Arguments": [15], "Removed Arguments": [], "Result": 15}, {"Node Type": "INPUT", "Result Type": "INPUT", "Arguments": [16], "Removed Arguments": [], "Result": 16}, {"Node Type": "INPUT", "Result Type": "INPUT", "Arguments": [17], "Removed Arguments": [], "Result": 17}, {"Node Type": "INPUT", "Result Type": "INPUT", "Arguments": [18], "Removed Arguments": [], "Result": 18}, {"Node Type": "INPUT", "Result Type": "INPUT", "Arguments": [19], "Removed Arguments": [19], "Result": 19}, {"Node Type": "INPUT", "Result Type": "INPUT", "Arguments": [20], "Removed Arguments": [], "Result": 20}, {"Node Type": "COLUMN", "Result Type": "COLUMN", "Column": "Const(String)", "Arguments": [], "Removed Arguments": [], "Result": 21}, {"Node Type": "COLUMN", "Result Type": "COLUMN", "Column": "Const(String)", "Arguments": [], "Removed Arguments": [], "Result": 22}, {"Node Type": "COLUMN", "Result Type": "COLUMN", "Column": "Const(String)", "Arguments": [], "Removed Arguments": [], "Result": 23}, {"Node Type": "COLUMN", "Result Type": "COLUMN", "Column": "Const(String)", "Arguments": [], "Removed Arguments": [], "Result": 24}, {"Node Type": "COLUMN", "Result Type": "COLUMN", "Column": "Const(Set)", "Arguments": [], "Removed Arguments": [], "Result": 25}, {"Node Type": "COLUMN", "Result Type": "COLUMN", "Column": "Const(String)", "Arguments": [], "Removed Arguments": [], "Result": 26}, {"Node Type": "COLUMN", "Result Type": "COLUMN", "Column": "Const(UInt16)", "Arguments": [], "Removed Arguments": [], "Result": 27}, {"Node Type": "COLUMN", "Result Type": "COLUMN", "Column": "Const(UInt16)", "Arguments": [], "Removed Arguments": [], "Result": 28}, {"Node Type": "FUNCTION", "Result Type": "FUNCTION", "Function": "equals", "Compiled": false, "Arguments": [2, 9], "Removed Arguments": [2, 9], "Result": 29}, {"Node Type": "FUNCTION", "Result Type": "FUNCTION", "Function": "equals", "Compiled": false, "Arguments": [4, 10], "Removed Arguments": [4, 10], "Result": 9}, {"Node Type": "FUNCTION", "Result Type": "FUNCTION", "Function": "equals", "Compiled": false, "Arguments": [12, 5], "Removed Arguments": [12, 5], "Result": 10}, {"Node Type": "FUNCTION", "Result Type": "FUNCTION", "Function": "equals", "Compiled": false, "Arguments": [15, 7], "Removed Arguments": [15, 7], "Result": 5}, {"Node Type": "FUNCTION", "Result Type": "FUNCTION", "Function": "equals", "Compiled": false, "Arguments": [18, 13], "Removed Arguments": [13], "Result": 7}, {"Node Type": "FUNCTION", "Result Type": "FUNCTION", "Function": "equals", "Compiled": false, "Arguments": [18, 16], "Removed Arguments": [16], "Result": 13}, {"Node Type": "FUNCTION", "Result Type": "FUNCTION", "Function": "equals", "Compiled": false, "Arguments": [18, 11], "Removed Arguments": [18, 11], "Result": 16}, {"Node Type": "FUNCTION", "Result Type": "FUNCTION", "Function": "equals", "Compiled": false, "Arguments": [0, 21], "Removed Arguments": [0, 21], "Result": 11}, {"Node Type": "FUNCTION", "Result Type": "FUNCTION", "Function": "equals", "Compiled": false, "Arguments": [3, 22], "Removed Arguments": [3, 22], "Result": 21}, {"Node Type": "FUNCTION", "Result Type": "FUNCTION", "Function": "equals", "Compiled": false, "Arguments": [6, 23], "Removed Arguments": [6, 23], "Result": 22}, {"Node Type": "FUNCTION", "Result Type": "FUNCTION", "Function": "equals", "Compiled": false, "Arguments": [8, 24], "Removed Arguments": [8, 24], "Result": 23}, {"Node Type": "FUNCTION", "Result Type": "FUNCTION", "Function": "in", "Compiled": false, "Arguments": [14, 25], "Removed Arguments": [14, 25], "Result": 24}, {"Node Type": "FUNCTION", "Result Type": "FUNCTION", "Function": "greater", "Compiled": false, "Arguments": [17, 26], "Removed Arguments": [26], "Result": 25}, {"Node Type": "FUNCTION", "Result Type": "FUNCTION", "Function": "greaterOrEquals", "Compiled": false, "Arguments": [20, 27], "Removed Arguments": [27], "Result": 26}, {"Node Type": "FUNCTION", "Result Type": "FUNCTION", "Function": "lessOrEquals", "Compiled": false, "Arguments": [20, 28], "Removed Arguments": [20, 28], "Result": 27}, {"Node Type": "FUNCTION", "Result Type": "FUNCTION", "Function": "and", "Compiled": false, "Arguments": [11, 21, 22, 23, 24, 25, 26, 27, 7, 13, 10, 5, 16, 9, 29], "Removed Arguments": [11, 21, 22, 23, 24, 25, 26, 27, 7, 13, 10, 5, 16, 9, 29], "Result": 28}], "Outputs": [{"Name": "name", "Type": "String"}, {"Name": "--mi_idx.info", "Type": "String"}, {"Name": "title", "Type": "String"}, {"Name": "and(equals(country_code, '[us]'), equals(kind, 'production companies'), equals(--it1.info, 'genres'), equals(--it2.info, 'rating'), in(--mi.info, ('Drama', 'Horror')), greater(--mi_idx.info, '8.0'), and(greaterOrEquals(production_year, 2005), lessOrEquals(production_year, 2008)), equals(id, --mi.movie_id), equals(id, --mi_idx.movie_id), equals(--mi.info_type_id, --it1.id), equals(--mi_idx.info_type_id, --it2.id), equals(id, --mc.movie_id), equals(--ct.id, company_type_id), equals(--cn.id, company_id), equals(--mc.movie_id, --mi.movie_id), equals(--mc.movie_id, --mi_idx.movie_id), equals(--mi.movie_id, --mi_idx.movie_id))", "Type": "UInt8"}], "Positions": [1, 17, 19, 28], "Project Input": true}, "Plans": [{"Node Type": "Join", "Description": "JOIN", "Header": [{"Name": "country_code", "Type": "String"}, {"Name": "name", "Type": "String"}, {"Name": "--cn.id", "Type": "Int64"}, {"Name": "kind", "Type": "String"}, {"Name": "--ct.id", "Type": "Int64"}, {"Name": "--it1.id", "Type": "Int64"}, {"Name": "--it1.info", "Type": "String"}, {"Name": "--it2.id", "Type": "Int64"}, {"Name": "--it2.info", "Type": "String"}, {"Name": "company_id", "Type": "Int64"}, {"Name": "company_type_id", "Type": "Int64"}, {"Name": "--mc.movie_id", "Type": "Int64"}, {"Name": "--mi.info_type_id", "Type": "Int64"}, {"Name": "--mi.movie_id", "Type": "Int64"}, {"Name": "--mi.info", "Type": "String"}, {"Name": "--mi_idx.info_type_id", "Type": "Int64"}, {"Name": "--mi_idx.movie_id", "Type": "Int64"}, {"Name": "--mi_idx.info", "Type": "String"}, {"Name": "title", "Type": "String"}, {"Name": "production_year", "Type": "Int64"}, {"Name": "id", "Type": "Int64"}], "Plans": [{"Node Type": "Filter", "Description": "( + (Before JOIN + (Projection + Before ORDER BY)))", "Header": [{"Name": "country_code", "Type": "String"}, {"Name": "name", "Type": "String"}, {"Name": "--cn.id", "Type": "Int64"}, {"Name": "kind", "Type": "String"}, {"Name": "--ct.id", "Type": "Int64"}, {"Name": "--it1.id", "Type": "Int64"}, {"Name": "--it1.info", "Type": "String"}, {"Name": "--it2.id", "Type": "Int64"}, {"Name": "--it2.info", "Type": "String"}, {"Name": "company_id", "Type": "Int64"}, {"Name": "company_type_id", "Type": "Int64"}, {"Name": "--mc.movie_id", "Type": "Int64"}, {"Name": "--mi.info_type_id", "Type": "Int64"}, {"Name": "--mi.movie_id", "Type": "Int64"}, {"Name": "--mi.info", "Type": "String"}, {"Name": "--mi_idx.info_type_id", "Type": "Int64"}, {"Name": "--mi_idx.movie_id", "Type": "Int64"}, {"Name": "--mi_idx.info", "Type": "String"}], "Filter Column": "and(equals(--mc.movie_id, --mi.movie_id), equals(--mc.movie_id, --mi_idx.movie_id), equals(--mi.movie_id, --mi_idx.movie_id))", "Removes Filter": true, "Expression": {"Inputs": [{"Name": "country_code", "Type": "String"}, {"Name": "name", "Type": "String"}, {"Name": "--cn.id", "Type": "Int64"}, {"Name": "kind", "Type": "String"}, {"Name": "--ct.id", "Type": "Int64"}, {"Name": "--it1.id", "Type": "Int64"}, {"Name": "--it1.info", "Type": "String"}, {"Name": "--it2.id", "Type": "Int64"}, {"Name": "--it2.info", "Type": "String"}, {"Name": "company_id", "Type": "Int64"}, {"Name": "company_type_id", "Type": "Int64"}, {"Name": "--mc.movie_id", "Type": "Int64"}, {"Name": "--mi.info_type_id", "Type": "Int64"}, {"Name": "--mi.movie_id", "Type": "Int64"}, {"Name": "--mi.info", "Type": "String"}, {"Name": "movie_id", "Type": "Int64"}, {"Name": "info_type_id", "Type": "Int64"}, {"Name": "info", "Type": "String"}], "Actions": [{"Node Type": "INPUT", "Result Type": "INPUT", "Arguments": [0], "Removed Arguments": [0], "Result": 0}, {"Node Type": "INPUT", "Result Type": "INPUT", "Arguments": [1], "Removed Arguments": [1], "Result": 1}, {"Node Type": "INPUT", "Result Type": "INPUT", "Arguments": [2], "Removed Arguments": [2], "Result": 2}, {"Node Type": "INPUT", "Result Type": "INPUT", "Arguments": [3], "Removed Arguments": [3], "Result": 3}, {"Node Type": "INPUT", "Result Type": "INPUT", "Arguments": [4], "Removed Arguments": [4], "Result": 4}, {"Node Type": "INPUT", "Result Type": "INPUT", "Arguments": [5], "Removed Arguments": [5], "Result": 5}, {"Node Type": "INPUT", "Result Type": "INPUT", "Arguments": [6], "Removed Arguments": [6], "Result": 6}, {"Node Type": "INPUT", "Result Type": "INPUT", "Arguments": [7], "Removed Arguments": [7], "Result": 7}, {"Node Type": "INPUT", "Result Type": "INPUT", "Arguments": [8], "Removed Arguments": [8], "Result": 8}, {"Node Type": "INPUT", "Result Type": "INPUT", "Arguments": [9], "Removed Arguments": [9], "Result": 9}, {"Node Type": "INPUT", "Result Type": "INPUT", "Arguments": [10], "Removed Arguments": [10], "Result": 10}, {"Node Type": "INPUT", "Result Type": "INPUT", "Arguments": [11], "Removed Arguments": [], "Result": 11}, {"Node Type": "INPUT", "Result Type": "INPUT", "Arguments": [12], "Removed Arguments": [12], "Result": 12}, {"Node Type": "INPUT", "Result Type": "INPUT", "Arguments": [13], "Removed Arguments": [], "Result": 13}, {"Node Type": "INPUT", "Result Type": "INPUT", "Arguments": [14], "Removed Arguments": [14], "Result": 14}, {"Node Type": "INPUT", "Result Type": "INPUT", "Arguments": [15], "Removed Arguments": [], "Result": 15}, {"Node Type": "INPUT", "Result Type": "INPUT", "Arguments": [16], "Removed Arguments": [], "Result": 16}, {"Node Type": "INPUT", "Result Type": "INPUT", "Arguments": [17], "Removed Arguments": [], "Result": 17}, {"Node Type": "FUNCTION", "Result Type": "FUNCTION", "Function": "equals", "Compiled": false, "Arguments": [11, 13], "Removed Arguments": [], "Result": 18}, {"Node Type": "ALIAS", "Result Type": "ALIAS", "Arguments": [15], "Removed Arguments": [15], "Result": 19}, {"Node Type": "ALIAS", "Result Type": "ALIAS", "Arguments": [16], "Removed Arguments": [16], "Result": 15}, {"Node Type": "ALIAS", "Result Type": "ALIAS", "Arguments": [17], "Removed Arguments": [17], "Result": 16}, {"Node Type": "FUNCTION", "Result Type": "FUNCTION", "Function": "equals", "Compiled": false, "Arguments": [11, 19], "Removed Arguments": [], "Result": 17}, {"Node Type": "FUNCTION", "Result Type": "FUNCTION", "Function": "equals", "Compiled": false, "Arguments": [13, 19], "Removed Arguments": [], "Result": 20}, {"Node Type": "FUNCTION", "Result Type": "FUNCTION", "Function": "and", "Compiled": false, "Arguments": [18, 17, 20], "Removed Arguments": [18, 17, 20], "Result": 21}], "Outputs": [{"Name": "and(equals(--mc.movie_id, --mi.movie_id), equals(--mc.movie_id, --mi_idx.movie_id), equals(--mi.movie_id, --mi_idx.movie_id))", "Type": "UInt8"}, {"Name": "country_code", "Type": "String"}, {"Name": "name", "Type": "String"}, {"Name": "--cn.id", "Type": "Int64"}, {"Name": "kind", "Type": "String"}, {"Name": "--ct.id", "Type": "Int64"}, {"Name": "--it1.id", "Type": "Int64"}, {"Name": "--it1.info", "Type": "String"}, {"Name": "--it2.id", "Type": "Int64"}, {"Name": "--it2.info", "Type": "String"}, {"Name": "company_id", "Type": "Int64"}, {"Name": "company_type_id", "Type": "Int64"}, {"Name": "--mc.movie_id", "Type": "Int64"}, {"Name": "--mi.info_type_id", "Type": "Int64"}, {"Name": "--mi.movie_id", "Type": "Int64"}, {"Name": "--mi.info", "Type": "String"}, {"Name": "--mi_idx.info_type_id", "Type": "Int64"}, {"Name": "--mi_idx.movie_id", "Type": "Int64"}, {"Name": "--mi_idx.info", "Type": "String"}], "Positions": [21, 0, 1, 2, 3, 4, 5, 6, 7, 8, 9, 10, 11, 12, 13, 14, 15, 19, 16], "Project Input": true}, "Plans": [{"Node Type": "Filter", "Description": "WHERE", "Header": [{"Name": "country_code", "Type": "String"}, {"Name": "name", "Type": "String"}, {"Name": "--cn.id", "Type": "Int64"}, {"Name": "kind", "Type": "String"}, {"Name": "--ct.id", "Type": "Int64"}, {"Name": "--it1.id", "Type": "Int64"}, {"Name": "--it1.info", "Type": "String"}, {"Name": "--it2.id", "Type": "Int64"}, {"Name": "--it2.info", "Type": "String"}, {"Name": "company_id", "Type": "Int64"}, {"Name": "company_type_id", "Type": "Int64"}, {"Name": "--mc.movie_id", "Type": "Int64"}, {"Name": "--mi.info_type_id", "Type": "Int64"}, {"Name": "--mi.movie_id", "Type": "Int64"}, {"Name": "--mi.info", "Type": "String"}, {"Name": "movie_id", "Type": "Int64"}, {"Name": "info_type_id", "Type": "Int64"}, {"Name": "info", "Type": "String"}], "Filter Column": "and(and(and(and(and(and(and(and(and(and(and(and(equals(--mi.movie_id, movie_id), equals(--mc.movie_id, movie_id)), equals(--mc.movie_id, --mi.movie_id)), equals(--cn.id, company_id)), equals(--ct.id, company_type_id)), equals(info_type_id, --it2.id)), equals(--mi.info_type_id, --it1.id)), greater(info, '8.0')), in(--mi.info, ('Drama', 'Horror'))), equals(--it2.info, 'rating')), equals(--it1.info, 'genres')), equals(kind, 'production companies')), equals(country_code, '[us]'))", "Removes Filter": true, "Expression": {"Inputs": [{"Name": "country_code", "Type": "String"}, {"Name": "name", "Type": "String"}, {"Name": "--cn.id", "Type": "Int64"}, {"Name": "kind", "Type": "String"}, {"Name": "--ct.id", "Type": "Int64"}, {"Name": "--it1.id", "Type": "Int64"}, {"Name": "--it1.info", "Type": "String"}, {"Name": "--it2.id", "Type": "Int64"}, {"Name": "--it2.info", "Type": "String"}, {"Name": "company_id", "Type": "Int64"}, {"Name": "company_type_id", "Type": "Int64"}, {"Name": "--mc.movie_id", "Type": "Int64"}, {"Name": "--mi.info_type_id", "Type": "Int64"}, {"Name": "--mi.movie_id", "Type": "Int64"}, {"Name": "--mi.info", "Type": "String"}, {"Name": "movie_id", "Type": "Int64"}, {"Name": "info_type_id", "Type": "Int64"}, {"Name": "info", "Type": "String"}], "Actions": [{"Node Type": "INPUT", "Result Type": "INPUT", "Arguments": [0], "Removed Arguments": [], "Result": 0}, {"Node Type": "INPUT", "Result Type": "INPUT", "Arguments": [1], "Removed Arguments": [1], "Result": 1}, {"Node Type": "INPUT", "Result Type": "INPUT", "Arguments": [2], "Removed Arguments": [], "Result": 2}, {"Node Type": "INPUT", "Result Type": "INPUT", "Arguments": [3], "Removed Arguments": [], "Result": 3}, {"Node Type": "INPUT", "Result Type": "INPUT", "Arguments": [4], "Removed Arguments": [], "Result": 4}, {"Node Type": "INPUT", "Result Type": "INPUT", "Arguments": [5], "Removed Arguments": [], "Result": 5}, {"Node Type": "INPUT", "Result Type": "INPUT", "Arguments": [6], "Removed Arguments": [], "Result": 6}, {"Node Type": "INPUT", "Result Type": "INPUT", "Arguments": [7], "Removed Arguments": [], "Result": 7}, {"Node Type": "INPUT", "Result Type": "INPUT", "Arguments": [8], "Removed Arguments": [], "Result": 8}, {"Node Type": "INPUT", "Result Type": "INPUT", "Arguments": [9], "Removed Arguments": [], "Result": 9}, {"Node Type": "INPUT", "Result Type": "INPUT", "Arguments": [10], "Removed Arguments": [], "Result": 10}, {"Node Type": "INPUT", "Result Type": "INPUT", "Arguments": [11], "Removed Arguments": [], "Result": 11}, {"Node Type": "INPUT", "Result Type": "INPUT", "Arguments": [12], "Removed Arguments": [], "Result": 12}, {"Node Type": "INPUT", "Result Type": "INPUT", "Arguments": [13], "Removed Arguments": [], "Result": 13}, {"Node Type": "INPUT", "Result Type": "INPUT", "Arguments": [14], "Removed Arguments": [], "Result": 14}, {"Node Type": "INPUT", "Result Type": "INPUT", "Arguments": [15], "Removed Arguments": [], "Result": 15}, {"Node Type": "INPUT", "Result Type": "INPUT", "Arguments": [16], "Removed Arguments": [], "Result": 16}, {"Node Type": "INPUT", "Result Type": "INPUT", "Arguments": [17], "Removed Arguments": [], "Result": 17}, {"Node Type": "COLUMN", "Result Type": "COLUMN", "Column": "Const(String)", "Arguments": [], "Removed Arguments": [], "Result": 18}, {"Node Type": "COLUMN", "Result Type": "COLUMN", "Column": "Const(Set)", "Arguments": [], "Removed Arguments": [], "Result": 19}, {"Node Type": "COLUMN", "Result Type": "COLUMN", "Column": "Const(String)", "Arguments": [], "Removed Arguments": [], "Result": 20}, {"Node Type": "COLUMN", "Result Type": "COLUMN", "Column": "Const(String)", "Arguments": [], "Removed Arguments": [], "Result": 21}, {"Node Type": "COLUMN", "Result Type": "COLUMN", "Column": "Const(String)", "Arguments": [], "Removed Arguments": [], "Result": 22}, {"Node Type": "COLUMN", "Result Type": "COLUMN", "Column": "Const(String)", "Arguments": [], "Removed Arguments": [], "Result": 23}, {"Node Type": "FUNCTION", "Result Type": "FUNCTION", "Function": "equals", "Compiled": false, "Arguments": [2, 9], "Removed Arguments": [], "Result": 24}, {"Node Type": "FUNCTION", "Result Type": "FUNCTION", "Function": "equals", "Compiled": false, "Arguments": [4, 10], "Removed Arguments": [], "Result": 25}, {"Node Type": "FUNCTION", "Result Type": "FUNCTION", "Function": "equals", "Compiled": false, "Arguments": [12, 5], "Removed Arguments": [], "Result": 26}, {"Node Type": "FUNCTION", "Result Type": "FUNCTION", "Function": "equals", "Compiled": false, "Arguments": [13, 15], "Removed Arguments": [], "Result": 27}, {"Node Type": "FUNCTION", "Result Type": "FUNCTION", "Function": "equals", "Compiled": false, "Arguments": [11, 15], "Removed Arguments": [], "Result": 28}, {"Node Type": "FUNCTION", "Result Type": "FUNCTION", "Function": "equals", "Compiled": false, "Arguments": [16, 7], "Removed Arguments": [], "Result": 29}, {"Node Type": "FUNCTION", "Result Type": "FUNCTION", "Function": "greater", "Compiled": false, "Arguments": [17, 18], "Removed Arguments": [18], "Result": 30}, {"Node Type": "FUNCTION", "Result Type": "FUNCTION", "Function": "in", "Compiled": false, "Arguments": [14, 19], "Removed Arguments": [19], "Result": 18}, {"Node Type": "FUNCTION", "Result Type": "FUNCTION", "Function": "equals", "Compiled": false, "Arguments": [8, 20], "Removed Arguments": [20], "Result": 19}, {"Node Type": "FUNCTION", "Result Type": "FUNCTION", "Function": "equals", "Compiled": false, "Arguments": [6, 21], "Removed Arguments": [21], "Result": 20}, {"Node Type": "FUNCTION", "Result Type": "FUNCTION", "Function": "equals", "Compiled": false, "Arguments": [3, 22], "Removed Arguments": [22], "Result": 21}, {"Node Type": "FUNCTION", "Result Type": "FUNCTION", "Function": "equals", "Compiled": false, "Arguments": [0, 23], "Removed Arguments": [23], "Result": 22}, {"Node Type": "FUNCTION", "Result Type": "FUNCTION", "Function": "and", "Compiled": false, "Arguments": [27, 28, 24, 25, 29, 26, 30, 18, 19, 20, 21, 22], "Removed Arguments": [27, 28, 24, 25, 29, 26, 30, 18, 19, 20, 21, 22], "Result": 23}], "Outputs": [{"Name": "country_code", "Type": "String"}, {"Name": "name", "Type": "String"}, {"Name": "--cn.id", "Type": "Int64"}, {"Name": "kind", "Type": "String"}, {"Name": "--ct.id", "Type": "Int64"}, {"Name": "--it1.id", "Type": "Int64"}, {"Name": "--it1.info", "Type": "String"}, {"Name": "--it2.id", "Type": "Int64"}, {"Name": "--it2.info", "Type": "String"}, {"Name": "company_id", "Type": "Int64"}, {"Name": "company_type_id", "Type": "Int64"}, {"Name": "--mc.movie_id", "Type": "Int64"}, {"Name": "--mi.info_type_id", "Type": "Int64"}, {"Name": "--mi.movie_id", "Type": "Int64"}, {"Name": "--mi.info", "Type": "String"}, {"Name": "movie_id", "Type": "Int64"}, {"Name": "info_type_id", "Type": "Int64"}, {"Name": "info", "Type": "String"}, {"Name": "and(and(and(and(and(and(and(and(and(and(and(and(equals(--mi.movie_id, movie_id), equals(--mc.movie_id, movie_id)), equals(--mc.movie_id, --mi.movie_id)), equals(--cn.id, company_id)), equals(--ct.id, company_type_id)), equals(info_type_id, --it2.id)), equals(--mi.info_type_id, --it1.id)), greater(info, '8.0')), in(--mi.info, ('Drama', 'Horror'))), equals(--it2.info, 'rating')), equals(--it1.info, 'genres')), equals(kind, 'production companies')), equals(country_code, '[us]'))", "Type": "UInt8"}], "Positions": [0, 1, 2, 3, 4, 5, 6, 7, 8, 9, 10, 11, 12, 13, 14, 15, 16, 17, 23], "Project Input": true}, "Plans": [{"Node Type": "Join", "Description": "JOIN", "Header": [{"Name": "country_code", "Type": "String"}, {"Name": "name", "Type": "String"}, {"Name": "--cn.id", "Type": "Int64"}, {"Name": "kind", "Type": "String"}, {"Name": "--ct.id", "Type": "Int64"}, {"Name": "--it1.id", "Type": "Int64"}, {"Name": "--it1.info", "Type": "String"}, {"Name": "--it2.id", "Type": "Int64"}, {"Name": "--it2.info", "Type": "String"}, {"Name": "company_id", "Type": "Int64"}, {"Name": "company_type_id", "Type": "Int64"}, {"Name": "--mc.movie_id", "Type": "Int64"}, {"Name": "--mi.info_type_id", "Type": "Int64"}, {"Name": "--mi.movie_id", "Type": "Int64"}, {"Name": "--mi.info", "Type": "String"}, {"Name": "movie_id", "Type": "Int64"}, {"Name": "info_type_id", "Type": "Int64"}, {"Name": "info", "Type": "String"}], "Plans": [{"Node Type": "Filter", "Description": "( + (Before JOIN + (Projection + Before ORDER BY)))", "Header": [{"Name": "country_code", "Type": "String"}, {"Name": "name", "Type": "String"}, {"Name": "--cn.id", "Type": "Int64"}, {"Name": "kind", "Type": "String"}, {"Name": "--ct.id", "Type": "Int64"}, {"Name": "--it1.id", "Type": "Int64"}, {"Name": "--it1.info", "Type": "String"}, {"Name": "--it2.id", "Type": "Int64"}, {"Name": "--it2.info", "Type": "String"}, {"Name": "company_id", "Type": "Int64"}, {"Name": "company_type_id", "Type": "Int64"}, {"Name": "--mc.movie_id", "Type": "Int64"}, {"Name": "--mi.info_type_id", "Type": "Int64"}, {"Name": "--mi.movie_id", "Type": "Int64"}, {"Name": "--mi.info", "Type": "String"}], "Filter Column": "equals(--mc.movie_id, --mi.movie_id)", "Removes Filter": true, "Expression": {"Inputs": [{"Name": "country_code", "Type": "String"}, {"Name": "name", "Type": "String"}, {"Name": "--cn.id", "Type": "Int64"}, {"Name": "kind", "Type": "String"}, {"Name": "--ct.id", "Type": "Int64"}, {"Name": "--it1.id", "Type": "Int64"}, {"Name": "--it1.info", "Type": "String"}, {"Name": "--it2.id", "Type": "Int64"}, {"Name": "--it2.info", "Type": "String"}, {"Name": "company_id", "Type": "Int64"}, {"Name": "company_type_id", "Type": "Int64"}, {"Name": "--mc.movie_id", "Type": "Int64"}, {"Name": "movie_id", "Type": "Int64"}, {"Name": "info_type_id", "Type": "Int64"}, {"Name": "info", "Type": "String"}], "Actions": [{"Node Type": "INPUT", "Result Type": "INPUT", "Arguments": [0], "Removed Arguments": [0], "Result": 0}, {"Node Type": "INPUT", "Result Type": "INPUT", "Arguments": [1], "Removed Arguments": [1], "Result": 1}, {"Node Type": "INPUT", "Result Type": "INPUT", "Arguments": [2], "Removed Arguments": [2], "Result": 2}, {"Node Type": "INPUT", "Result Type": "INPUT", "Arguments": [3], "Removed Arguments": [3], "Result": 3}, {"Node Type": "INPUT", "Result Type": "INPUT", "Arguments": [4], "Removed Arguments": [4], "Result": 4}, {"Node Type": "INPUT", "Result Type": "INPUT", "Arguments": [5], "Removed Arguments": [5], "Result": 5}, {"Node Type": "INPUT", "Result Type": "INPUT", "Arguments": [6], "Removed Arguments": [6], "Result": 6}, {"Node Type": "INPUT", "Result Type": "INPUT", "Arguments": [7], "Removed Arguments": [7], "Result": 7}, {"Node Type": "INPUT", "Result Type": "INPUT", "Arguments": [8], "Removed Arguments": [8], "Result": 8}, {"Node Type": "INPUT", "Result Type": "INPUT", "Arguments": [9], "Removed Arguments": [9], "Result": 9}, {"Node Type": "INPUT", "Result Type": "INPUT", "Arguments": [10], "Removed Arguments": [10], "Result": 10}, {"Node Type": "INPUT", "Result Type": "INPUT", "Arguments": [11], "Removed Arguments": [], "Result": 11}, {"Node Type": "INPUT", "Result Type": "INPUT", "Arguments": [12], "Removed Arguments": [], "Result": 12}, {"Node Type": "INPUT", "Result Type": "INPUT", "Arguments": [13], "Removed Arguments": [], "Result": 13}, {"Node Type": "INPUT", "Result Type": "INPUT", "Arguments": [14], "Removed Arguments": [], "Result": 14}, {"Node Type": "ALIAS", "Result Type": "ALIAS", "Arguments": [12], "Removed Arguments": [12], "Result": 15}, {"Node Type": "ALIAS", "Result Type": "ALIAS", "Arguments": [13], "Removed Arguments": [13], "Result": 12}, {"Node Type": "ALIAS", "Result Type": "ALIAS", "Arguments": [14], "Removed Arguments": [14], "Result": 13}, {"Node Type": "FUNCTION", "Result Type": "FUNCTION", "Function": "equals", "Compiled": false, "Arguments": [11, 15], "Removed Arguments": [], "Result": 14}], "Outputs": [{"Name": "equals(--mc.movie_id, --mi.movie_id)", "Type": "UInt8"}, {"Name": "country_code", "Type": "String"}, {"Name": "name", "Type": "String"}, {"Name": "--cn.id", "Type": "Int64"}, {"Name": "kind", "Type": "String"}, {"Name": "--ct.id", "Type": "Int64"}, {"Name": "--it1.id", "Type": "Int64"}, {"Name": "--it1.info", "Type": "String"}, {"Name": "--it2.id", "Type": "Int64"}, {"Name": "--it2.info", "Type": "String"}, {"Name": "company_id", "Type": "Int64"}, {"Name": "company_type_id", "Type": "Int64"}, {"Name": "--mc.movie_id", "Type": "Int64"}, {"Name": "--mi.info_type_id", "Type": "Int64"}, {"Name": "--mi.movie_id", "Type": "Int64"}, {"Name": "--mi.info", "Type": "String"}], "Positions": [14, 0, 1, 2, 3, 4, 5, 6, 7, 8, 9, 10, 11, 12, 15, 13], "Project Input": true}, "Plans": [{"Node Type": "Filter", "Description": "WHERE", "Header": [{"Name": "country_code", "Type": "String"}, {"Name": "name", "Type": "String"}, {"Name": "--cn.id", "Type": "Int64"}, {"Name": "kind", "Type": "String"}, {"Name": "--ct.id", "Type": "Int64"}, {"Name": "--it1.id", "Type": "Int64"}, {"Name": "--it1.info", "Type": "String"}, {"Name": "--it2.id", "Type": "Int64"}, {"Name": "--it2.info", "Type": "String"}, {"Name": "company_id", "Type": "Int64"}, {"Name": "company_type_id", "Type": "Int64"}, {"Name": "--mc.movie_id", "Type": "Int64"}, {"Name": "movie_id", "Type": "Int64"}, {"Name": "info_type_id", "Type": "Int64"}, {"Name": "info", "Type": "String"}], "Filter Column": "and(and(and(and(and(and(and(and(equals(--mc.movie_id, movie_id), equals(--cn.id, company_id)), equals(--ct.id, company_type_id)), equals(info_type_id, --it1.id)), in(info, ('Drama', 'Horror'))), equals(--it2.info, 'rating')), equals(--it1.info, 'genres')), equals(kind, 'production companies')), equals(country_code, '[us]'))", "Removes Filter": true, "Expression": {"Inputs": [{"Name": "country_code", "Type": "String"}, {"Name": "name", "Type": "String"}, {"Name": "--cn.id", "Type": "Int64"}, {"Name": "kind", "Type": "String"}, {"Name": "--ct.id", "Type": "Int64"}, {"Name": "--it1.id", "Type": "Int64"}, {"Name": "--it1.info", "Type": "String"}, {"Name": "--it2.id", "Type": "Int64"}, {"Name": "--it2.info", "Type": "String"}, {"Name": "company_id", "Type": "Int64"}, {"Name": "company_type_id", "Type": "Int64"}, {"Name": "--mc.movie_id", "Type": "Int64"}, {"Name": "movie_id", "Type": "Int64"}, {"Name": "info_type_id", "Type": "Int64"}, {"Name": "info", "Type": "String"}], "Actions": [{"Node Type": "INPUT", "Result Type": "INPUT", "Arguments": [0], "Removed Arguments": [], "Result": 0}, {"Node Type": "INPUT", "Result Type": "INPUT", "Arguments": [1], "Removed Arguments": [1], "Result": 1}, {"Node Type": "INPUT", "Result Type": "INPUT", "Arguments": [2], "Removed Arguments": [], "Result": 2}, {"Node Type": "INPUT", "Result Type": "INPUT", "Arguments": [3], "Removed Arguments": [], "Result": 3}, {"Node Type": "INPUT", "Result Type": "INPUT", "Arguments": [4], "Removed Arguments": [], "Result": 4}, {"Node Type": "INPUT", "Result Type": "INPUT", "Arguments": [5], "Removed Arguments": [], "Result": 5}, {"Node Type": "INPUT", "Result Type": "INPUT", "Arguments": [6], "Removed Arguments": [], "Result": 6}, {"Node Type": "INPUT", "Result Type": "INPUT", "Arguments": [7], "Removed Arguments": [7], "Result": 7}, {"Node Type": "INPUT", "Result Type": "INPUT", "Arguments": [8], "Removed Arguments": [], "Result": 8}, {"Node Type": "INPUT", "Result Type": "INPUT", "Arguments": [9], "Removed Arguments": [], "Result": 9}, {"Node Type": "INPUT", "Result Type": "INPUT", "Arguments": [10], "Removed Arguments": [], "Result": 10}, {"Node Type": "INPUT", "Result Type": "INPUT", "Arguments": [11], "Removed Arguments": [], "Result": 11}, {"Node Type": "INPUT", "Result Type": "INPUT", "Arguments": [12], "Removed Arguments": [], "Result": 12}, {"Node Type": "INPUT", "Result Type": "INPUT", "Arguments": [13], "Removed Arguments": [], "Result": 13}, {"Node Type": "INPUT", "Result Type": "INPUT", "Arguments": [14], "Removed Arguments": [], "Result": 14}, {"Node Type": "COLUMN", "Result Type": "COLUMN", "Column": "Const(Set)", "Arguments": [], "Removed Arguments": [], "Result": 15}, {"Node Type": "COLUMN", "Result Type": "COLUMN", "Column": "Const(String)", "Arguments": [], "Removed Arguments": [], "Result": 16}, {"Node Type": "COLUMN", "Result Type": "COLUMN", "Column": "Const(String)", "Arguments": [], "Removed Arguments": [], "Result": 17}, {"Node Type": "COLUMN", "Result Type": "COLUMN", "Column": "Const(String)", "Arguments": [], "Removed Arguments": [], "Result": 18}, {"Node Type": "COLUMN", "Result Type": "COLUMN", "Column": "Const(String)", "Arguments": [], "Removed Arguments": [], "Result": 19}, {"Node Type": "FUNCTION", "Result Type": "FUNCTION", "Function": "equals", "Compiled": false, "Arguments": [2, 9], "Removed Arguments": [], "Result": 20}, {"Node Type": "FUNCTION", "Result Type": "FUNCTION", "Function": "equals", "Compiled": false, "Arguments": [4, 10], "Removed Arguments": [], "Result": 21}, {"Node Type": "FUNCTION", "Result Type": "FUNCTION", "Function": "equals", "Compiled": false, "Arguments": [11, 12], "Removed Arguments": [], "Result": 22}, {"Node Type": "FUNCTION", "Result Type": "FUNCTION", "Function": "equals", "Compiled": false, "Arguments": [13, 5], "Removed Arguments": [], "Result": 23}, {"Node Type": "FUNCTION", "Result Type": "FUNCTION", "Function": "in", "Compiled": false, "Arguments": [14, 15], "Removed Arguments": [15], "Result": 24}, {"Node Type": "FUNCTION", "Result Type": "FUNCTION", "Function": "equals", "Compiled": false, "Arguments": [8, 16], "Removed Arguments": [16], "Result": 15}, {"Node Type": "FUNCTION", "Result Type": "FUNCTION", "Function": "equals", "Compiled": false, "Arguments": [6, 17], "Removed Arguments": [17], "Result": 16}, {"Node Type": "FUNCTION", "Result Type": "FUNCTION", "Function": "equals", "Compiled": false, "Arguments": [3, 18], "Removed Arguments": [18], "Result": 17}, {"Node Type": "FUNCTION", "Result Type": "FUNCTION", "Function": "equals", "Compiled": false, "Arguments": [0, 19], "Removed Arguments": [19], "Result": 18}, {"Node Type": "FUNCTION", "Result Type": "FUNCTION", "Function": "and", "Compiled": false, "Arguments": [22, 20], "Removed Arguments": [22, 20], "Result": 19}, {"Node Type": "FUNCTION", "Result Type": "FUNCTION", "Function": "and", "Compiled": false, "Arguments": [19, 21], "Removed Arguments": [19, 21], "Result": 20}, {"Node Type": "FUNCTION", "Result Type": "FUNCTION", "Function": "and", "Compiled": false, "Arguments": [20, 23], "Removed Arguments": [20, 23], "Result": 21}, {"Node Type": "FUNCTION", "Result Type": "FUNCTION", "Function": "and", "Compiled": false, "Arguments": [21, 24], "Removed Arguments": [21, 24], "Result": 23}, {"Node Type": "FUNCTION", "Result Type": "FUNCTION", "Function": "and", "Compiled": false, "Arguments": [23, 15], "Removed Arguments": [23, 15], "Result": 24}, {"Node Type": "FUNCTION", "Result Type": "FUNCTION", "Function": "and", "Compiled": false, "Arguments": [24, 16], "Removed Arguments": [24, 16], "Result": 15}, {"Node Type": "FUNCTION", "Result Type": "FUNCTION", "Function": "and", "Compiled": false, "Arguments": [15, 17], "Removed Arguments": [15, 17], "Result": 16}, {"Node Type": "FUNCTION", "Result Type": "FUNCTION", "Function": "and", "Compiled": false, "Arguments": [16, 18], "Removed Arguments": [16, 18], "Result": 17}], "Outputs": [{"Name": "country_code", "Type": "String"}, {"Name": "name", "Type": "String"}, {"Name": "--cn.id", "Type": "Int64"}, {"Name": "kind", "Type": "String"}, {"Name": "--ct.id", "Type": "Int64"}, {"Name": "--it1.id", "Type": "Int64"}, {"Name": "--it1.info", "Type": "String"}, {"Name": "--it2.id", "Type": "Int64"}, {"Name": "--it2.info", "Type": "String"}, {"Name": "company_id", "Type": "Int64"}, {"Name": "company_type_id", "Type": "Int64"}, {"Name": "--mc.movie_id", "Type": "Int64"}, {"Name": "movie_id", "Type": "Int64"}, {"Name": "info_type_id", "Type": "Int64"}, {"Name": "info", "Type": "String"}, {"Name": "and(and(and(and(and(and(and(and(equals(--mc.movie_id, movie_id), equals(--cn.id, company_id)), equals(--ct.id, company_type_id)), equals(info_type_id, --it1.id)), in(info, ('Drama', 'Horror'))), equals(--it2.info, 'rating')), equals(--it1.info, 'genres')), equals(kind, 'production companies')), equals(country_code, '[us]'))", "Type": "UInt8"}], "Positions": [0, 1, 2, 3, 4, 5, 6, 7, 8, 9, 10, 11, 12, 13, 14, 17], "Project Input": true}, "Plans": [{"Node Type": "Join", "Description": "JOIN", "Header": [{"Name": "country_code", "Type": "String"}, {"Name": "name", "Type": "String"}, {"Name": "--cn.id", "Type": "Int64"}, {"Name": "kind", "Type": "String"}, {"Name": "--ct.id", "Type": "Int64"}, {"Name": "--it1.id", "Type": "Int64"}, {"Name": "--it1.info", "Type": "String"}, {"Name": "--it2.id", "Type": "Int64"}, {"Name": "--it2.info", "Type": "String"}, {"Name": "company_id", "Type": "Int64"}, {"Name": "company_type_id", "Type": "Int64"}, {"Name": "--mc.movie_id", "Type": "Int64"}, {"Name": "movie_id", "Type": "Int64"}, {"Name": "info_type_id", "Type": "Int64"}, {"Name": "info", "Type": "String"}], "Plans": [{"Node Type": "Expression", "Description": "(Before JOIN + (Projection + Before ORDER BY))", "Header": [{"Name": "country_code", "Type": "String"}, {"Name": "name", "Type": "String"}, {"Name": "--cn.id", "Type": "Int64"}, {"Name": "kind", "Type": "String"}, {"Name": "--ct.id", "Type": "Int64"}, {"Name": "--it1.id", "Type": "Int64"}, {"Name": "--it1.info", "Type": "String"}, {"Name": "--it2.id", "Type": "Int64"}, {"Name": "--it2.info", "Type": "String"}, {"Name": "company_id", "Type": "Int64"}, {"Name": "company_type_id", "Type": "Int64"}, {"Name": "--mc.movie_id", "Type": "Int64"}], "Expression": {"Inputs": [{"Name": "country_code", "Type": "String"}, {"Name": "name", "Type": "String"}, {"Name": "--cn.id", "Type": "Int64"}, {"Name": "kind", "Type": "String"}, {"Name": "--ct.id", "Type": "Int64"}, {"Name": "--it1.id", "Type": "Int64"}, {"Name": "--it1.info", "Type": "String"}, {"Name": "--it2.id", "Type": "Int64"}, {"Name": "--it2.info", "Type": "String"}, {"Name": "movie_id", "Type": "Int64"}, {"Name": "company_id", "Type": "Int64"}, {"Name": "company_type_id", "Type": "Int64"}], "Actions": [{"Node Type": "INPUT", "Result Type": "INPUT", "Arguments": [0], "Removed Arguments": [0], "Result": 0}, {"Node Type": "INPUT", "Result Type": "INPUT", "Arguments": [1], "Removed Arguments": [1], "Result": 1}, {"Node Type": "INPUT", "Result Type": "INPUT", "Arguments": [2], "Removed Arguments": [2], "Result": 2}, {"Node Type": "INPUT", "Result Type": "INPUT", "Arguments": [3], "Removed Arguments": [3], "Result": 3}, {"Node Type": "INPUT", "Result Type": "INPUT", "Arguments": [4], "Removed Arguments": [4], "Result": 4}, {"Node Type": "INPUT", "Result Type": "INPUT", "Arguments": [5], "Removed Arguments": [5], "Result": 5}, {"Node Type": "INPUT", "Result Type": "INPUT", "Arguments": [6], "Removed Arguments": [6], "Result": 6}, {"Node Type": "INPUT", "Result Type": "INPUT", "Arguments": [7], "Removed Arguments": [7], "Result": 7}, {"Node Type": "INPUT", "Result Type": "INPUT", "Arguments": [8], "Removed Arguments": [8], "Result": 8}, {"Node Type": "INPUT", "Result Type": "INPUT", "Arguments": [9], "Removed Arguments": [], "Result": 9}, {"Node Type": "INPUT", "Result Type": "INPUT", "Arguments": [10], "Removed Arguments": [10], "Result": 10}, {"Node Type": "INPUT", "Result Type": "INPUT", "Arguments": [11], "Removed Arguments": [11], "Result": 11}, {"Node Type": "ALIAS", "Result Type": "ALIAS", "Arguments": [9], "Removed Arguments": [9], "Result": 12}], "Outputs": [{"Name": "country_code", "Type": "String"}, {"Name": "name", "Type": "String"}, {"Name": "--cn.id", "Type": "Int64"}, {"Name": "kind", "Type": "String"}, {"Name": "--ct.id", "Type": "Int64"}, {"Name": "--it1.id", "Type": "Int64"}, {"Name": "--it1.info", "Type": "String"}, {"Name": "--it2.id", "Type": "Int64"}, {"Name": "--it2.info", "Type": "String"}, {"Name": "company_id", "Type": "Int64"}, {"Name": "company_type_id", "Type": "Int64"}, {"Name": "--mc.movie_id", "Type": "Int64"}], "Positions": [0, 1, 2, 3, 4, 5, 6, 7, 8, 10, 11, 12], "Project Input": true}, "Plans": [{"Node Type": "Filter", "Description": "WHERE", "Header": [{"Name": "country_code", "Type": "String"}, {"Name": "name", "Type": "String"}, {"Name": "--cn.id", "Type": "Int64"}, {"Name": "kind", "Type": "String"}, {"Name": "--ct.id", "Type": "Int64"}, {"Name": "--it1.id", "Type": "Int64"}, {"Name": "--it1.info", "Type": "String"}, {"Name": "--it2.id", "Type": "Int64"}, {"Name": "--it2.info", "Type": "String"}, {"Name": "movie_id", "Type": "Int64"}, {"Name": "company_id", "Type": "Int64"}, {"Name": "company_type_id", "Type": "Int64"}], "Filter Column": "and(and(and(and(and(equals(--cn.id, company_id), equals(--ct.id, company_type_id)), equals(--it2.info, 'rating')), equals(--it1.info, 'genres')), equals(kind, 'production companies')), equals(country_code, '[us]'))", "Removes Filter": true, "Expression": {"Inputs": [{"Name": "country_code", "Type": "String"}, {"Name": "name", "Type": "String"}, {"Name": "--cn.id", "Type": "Int64"}, {"Name": "kind", "Type": "String"}, {"Name": "--ct.id", "Type": "Int64"}, {"Name": "--it1.id", "Type": "Int64"}, {"Name": "--it1.info", "Type": "String"}, {"Name": "--it2.id", "Type": "Int64"}, {"Name": "--it2.info", "Type": "String"}, {"Name": "movie_id", "Type": "Int64"}, {"Name": "company_id", "Type": "Int64"}, {"Name": "company_type_id", "Type": "Int64"}], "Actions": [{"Node Type": "INPUT", "Result Type": "INPUT", "Arguments": [0], "Removed Arguments": [], "Result": 0}, {"Node Type": "INPUT", "Result Type": "INPUT", "Arguments": [1], "Removed Arguments": [1], "Result": 1}, {"Node Type": "INPUT", "Result Type": "INPUT", "Arguments": [2], "Removed Arguments": [], "Result": 2}, {"Node Type": "INPUT", "Result Type": "INPUT", "Arguments": [3], "Removed Arguments": [], "Result": 3}, {"Node Type": "INPUT", "Result Type": "INPUT", "Arguments": [4], "Removed Arguments": [], "Result": 4}, {"Node Type": "INPUT", "Result Type": "INPUT", "Arguments": [5], "Removed Arguments": [5], "Result": 5}, {"Node Type": "INPUT", "Result Type": "INPUT", "Arguments": [6], "Removed Arguments": [], "Result": 6}, {"Node Type": "INPUT", "Result Type": "INPUT", "Arguments": [7], "Removed Arguments": [7], "Result": 7}, {"Node Type": "INPUT", "Result Type": "INPUT", "Arguments": [8], "Removed Arguments": [], "Result": 8}, {"Node Type": "INPUT", "Result Type": "INPUT", "Arguments": [9], "Removed Arguments": [9], "Result": 9}, {"Node Type": "INPUT", "Result Type": "INPUT", "Arguments": [10], "Removed Arguments": [], "Result": 10}, {"Node Type": "INPUT", "Result Type": "INPUT", "Arguments": [11], "Removed Arguments": [], "Result": 11}, {"Node Type": "COLUMN", "Result Type": "COLUMN", "Column": "Const(String)", "Arguments": [], "Removed Arguments": [], "Result": 12}, {"Node Type": "COLUMN", "Result Type": "COLUMN", "Column": "Const(String)", "Arguments": [], "Removed Arguments": [], "Result": 13}, {"Node Type": "COLUMN", "Result Type": "COLUMN", "Column": "Const(String)", "Arguments": [], "Removed Arguments": [], "Result": 14}, {"Node Type": "COLUMN", "Result Type": "COLUMN", "Column": "Const(String)", "Arguments": [], "Removed Arguments": [], "Result": 15}, {"Node Type": "FUNCTION", "Result Type": "FUNCTION", "Function": "equals", "Compiled": false, "Arguments": [2, 10], "Removed Arguments": [], "Result": 16}, {"Node Type": "FUNCTION", "Result Type": "FUNCTION", "Function": "equals", "Compiled": false, "Arguments": [4, 11], "Removed Arguments": [], "Result": 17}, {"Node Type": "FUNCTION", "Result Type": "FUNCTION", "Function": "equals", "Compiled": false, "Arguments": [8, 12], "Removed Arguments": [12], "Result": 18}, {"Node Type": "FUNCTION", "Result Type": "FUNCTION", "Function": "equals", "Compiled": false, "Arguments": [6, 13], "Removed Arguments": [13], "Result": 12}, {"Node Type": "FUNCTION", "Result Type": "FUNCTION", "Function": "equals", "Compiled": false, "Arguments": [3, 14], "Removed Arguments": [14], "Result": 13}, {"Node Type": "FUNCTION", "Result Type": "FUNCTION", "Function": "equals", "Compiled": false, "Arguments": [0, 15], "Removed Arguments": [15], "Result": 14}, {"Node Type": "FUNCTION", "Result Type": "FUNCTION", "Function": "and", "Compiled": false, "Arguments": [16, 17], "Removed Arguments": [16, 17], "Result": 15}, {"Node Type": "FUNCTION", "Result Type": "FUNCTION", "Function": "and", "Compiled": false, "Arguments": [15, 18], "Removed Arguments": [15, 18], "Result": 17}, {"Node Type": "FUNCTION", "Result Type": "FUNCTION", "Function": "and", "Compiled": false, "Arguments": [17, 12], "Removed Arguments": [17, 12], "Result": 18}, {"Node Type": "FUNCTION", "Result Type": "FUNCTION", "Function": "and", "Compiled": false, "Arguments": [18, 13], "Removed Arguments": [18, 13], "Result": 12}, {"Node Type": "FUNCTION", "Result Type": "FUNCTION", "Function": "and", "Compiled": false, "Arguments": [12, 14], "Removed Arguments": [12, 14], "Result": 13}], "Outputs": [{"Name": "country_code", "Type": "String"}, {"Name": "name", "Type": "String"}, {"Name": "--cn.id", "Type": "Int64"}, {"Name": "kind", "Type": "String"}, {"Name": "--ct.id", "Type": "Int64"}, {"Name": "--it1.id", "Type": "Int64"}, {"Name": "--it1.info", "Type": "String"}, {"Name": "--it2.id", "Type": "Int64"}, {"Name": "--it2.info", "Type": "String"}, {"Name": "movie_id", "Type": "Int64"}, {"Name": "company_id", "Type": "Int64"}, {"Name": "company_type_id", "Type": "Int64"}, {"Name": "and(and(and(and(and(equals(--cn.id, company_id), equals(--ct.id, company_type_id)), equals(--it2.info, 'rating')), equals(--it1.info, 'genres')), equals(kind, 'production companies')), equals(country_code, '[us]'))", "Type": "UInt8"}], "Positions": [0, 1, 2, 3, 4, 5, 6, 7, 8, 9, 10, 11, 13], "Project Input": true}, "Plans": [{"Node Type": "Join", "Description": "JOIN", "Header": [{"Name": "country_code", "Type": "String"}, {"Name": "name", "Type": "String"}, {"Name": "--cn.id", "Type": "Int64"}, {"Name": "kind", "Type": "String"}, {"Name": "--ct.id", "Type": "Int64"}, {"Name": "--it1.id", "Type": "Int64"}, {"Name": "--it1.info", "Type": "String"}, {"Name": "--it2.id", "Type": "Int64"}, {"Name": "--it2.info", "Type": "String"}, {"Name": "movie_id", "Type": "Int64"}, {"Name": "company_type_id", "Type": "Int64"}, {"Name": "company_id", "Type": "Int64"}], "Plans": [{"Node Type": "Expression", "Description": "(Before JOIN + (Projection + Before ORDER BY))", "Header": [{"Name": "country_code", "Type": "String"}, {"Name": "name", "Type": "String"}, {"Name": "--cn.id", "Type": "Int64"}, {"Name": "kind", "Type": "String"}, {"Name": "--ct.id", "Type": "Int64"}, {"Name": "--it1.id", "Type": "Int64"}, {"Name": "--it1.info", "Type": "String"}, {"Name": "--it2.id", "Type": "Int64"}, {"Name": "--it2.info", "Type": "String"}], "Expression": {"Inputs": [{"Name": "country_code", "Type": "String"}, {"Name": "name", "Type": "String"}, {"Name": "--cn.id", "Type": "Int64"}, {"Name": "kind", "Type": "String"}, {"Name": "--ct.id", "Type": "Int64"}, {"Name": "--it1.id", "Type": "Int64"}, {"Name": "--it1.info", "Type": "String"}, {"Name": "id", "Type": "Int64"}, {"Name": "info", "Type": "String"}], "Actions": [{"Node Type": "INPUT", "Result Type": "INPUT", "Arguments": [0], "Removed Arguments": [0], "Result": 0}, {"Node Type": "INPUT", "Result Type": "INPUT", "Arguments": [1], "Removed Arguments": [1], "Result": 1}, {"Node Type": "INPUT", "Result Type": "INPUT", "Arguments": [2], "Removed Arguments": [2], "Result": 2}, {"Node Type": "INPUT", "Result Type": "INPUT", "Arguments": [3], "Removed Arguments": [3], "Result": 3}, {"Node Type": "INPUT", "Result Type": "INPUT", "Arguments": [4], "Removed Arguments": [4], "Result": 4}, {"Node Type": "INPUT", "Result Type": "INPUT", "Arguments": [5], "Removed Arguments": [5], "Result": 5}, {"Node Type": "INPUT", "Result Type": "INPUT", "Arguments": [6], "Removed Arguments": [6], "Result": 6}, {"Node Type": "INPUT", "Result Type": "INPUT", "Arguments": [7], "Removed Arguments": [], "Result": 7}, {"Node Type": "INPUT", "Result Type": "INPUT", "Arguments": [8], "Removed Arguments": [], "Result": 8}, {"Node Type": "ALIAS", "Result Type": "ALIAS", "Arguments": [7], "Removed Arguments": [7], "Result": 9}, {"Node Type": "ALIAS", "Result Type": "ALIAS", "Arguments": [8], "Removed Arguments": [8], "Result": 7}], "Outputs": [{"Name": "country_code", "Type": "String"}, {"Name": "name", "Type": "String"}, {"Name": "--cn.id", "Type": "Int64"}, {"Name": "kind", "Type": "String"}, {"Name": "--ct.id", "Type": "Int64"}, {"Name": "--it1.id", "Type": "Int64"}, {"Name": "--it1.info", "Type": "String"}, {"Name": "--it2.id", "Type": "Int64"}, {"Name": "--it2.info", "Type": "String"}], "Positions": [0, 1, 2, 3, 4, 5, 6, 9, 7], "Project Input": true}, "Plans": [{"Node Type": "Filter", "Description": "WHERE", "Header": [{"Name": "country_code", "Type": "String"}, {"Name": "name", "Type": "String"}, {"Name": "--cn.id", "Type": "Int64"}, {"Name": "kind", "Type": "String"}, {"Name": "--ct.id", "Type": "Int64"}, {"Name": "--it1.id", "Type": "Int64"}, {"Name": "--it1.info", "Type": "String"}, {"Name": "id", "Type": "Int64"}, {"Name": "info", "Type": "String"}], "Filter Column": "and(and(and(equals(info, 'rating'), equals(--it1.info, 'genres')), equals(kind, 'production companies')), equals(country_code, '[us]'))", "Removes Filter": true, "Expression": {"Inputs": [{"Name": "country_code", "Type": "String"}, {"Name": "name", "Type": "String"}, {"Name": "--cn.id", "Type": "Int64"}, {"Name": "kind", "Type": "String"}, {"Name": "--ct.id", "Type": "Int64"}, {"Name": "--it1.id", "Type": "Int64"}, {"Name": "--it1.info", "Type": "String"}, {"Name": "id", "Type": "Int64"}, {"Name": "info", "Type": "String"}], "Actions": [{"Node Type": "INPUT", "Result Type": "INPUT", "Arguments": [0], "Removed Arguments": [], "Result": 0}, {"Node Type": "INPUT", "Result Type": "INPUT", "Arguments": [1], "Removed Arguments": [1], "Result": 1}, {"Node Type": "INPUT", "Result Type": "INPUT", "Arguments": [2], "Removed Arguments": [2], "Result": 2}, {"Node Type": "INPUT", "Result Type": "INPUT", "Arguments": [3], "Removed Arguments": [], "Result": 3}, {"Node Type": "INPUT", "Result Type": "INPUT", "Arguments": [4], "Removed Arguments": [4], "Result": 4}, {"Node Type": "INPUT", "Result Type": "INPUT", "Arguments": [5], "Removed Arguments": [5], "Result": 5}, {"Node Type": "INPUT", "Result Type": "INPUT", "Arguments": [6], "Removed Arguments": [], "Result": 6}, {"Node Type": "INPUT", "Result Type": "INPUT", "Arguments": [7], "Removed Arguments": [7], "Result": 7}, {"Node Type": "INPUT", "Result Type": "INPUT", "Arguments": [8], "Removed Arguments": [], "Result": 8}, {"Node Type": "COLUMN", "Result Type": "COLUMN", "Column": "Const(String)", "Arguments": [], "Removed Arguments": [], "Result": 9}, {"Node Type": "COLUMN", "Result Type": "COLUMN", "Column": "Const(String)", "Arguments": [], "Removed Arguments": [], "Result": 10}, {"Node Type": "COLUMN", "Result Type": "COLUMN", "Column": "Const(String)", "Arguments": [], "Removed Arguments": [], "Result": 11}, {"Node Type": "COLUMN", "Result Type": "COLUMN", "Column": "Const(String)", "Arguments": [], "Removed Arguments": [], "Result": 12}, {"Node Type": "FUNCTION", "Result Type": "FUNCTION", "Function": "equals", "Compiled": false, "Arguments": [8, 9], "Removed Arguments": [9], "Result": 13}, {"Node Type": "FUNCTION", "Result Type": "FUNCTION", "Function": "equals", "Compiled": false, "Arguments": [6, 10], "Removed Arguments": [10], "Result": 9}, {"Node Type": "FUNCTION", "Result Type": "FUNCTION", "Function": "equals", "Compiled": false, "Arguments": [3, 11], "Removed Arguments": [11], "Result": 10}, {"Node Type": "FUNCTION", "Result Type": "FUNCTION", "Function": "equals", "Compiled": false, "Arguments": [0, 12], "Removed Arguments": [12], "Result": 11}, {"Node Type": "FUNCTION", "Result Type": "FUNCTION", "Function": "and", "Compiled": false, "Arguments": [13, 9], "Removed Arguments": [13, 9], "Result": 12}, {"Node Type": "FUNCTION", "Result Type": "FUNCTION", "Function": "and", "Compiled": false, "Arguments": [12, 10], "Removed Arguments": [12, 10], "Result": 9}, {"Node Type": "FUNCTION", "Result Type": "FUNCTION", "Function": "and", "Compiled": false, "Arguments": [9, 11], "Removed Arguments": [9, 11], "Result": 10}], "Outputs": [{"Name": "country_code", "Type": "String"}, {"Name": "name", "Type": "String"}, {"Name": "--cn.id", "Type": "Int64"}, {"Name": "kind", "Type": "String"}, {"Name": "--ct.id", "Type": "Int64"}, {"Name": "--it1.id", "Type": "Int64"}, {"Name": "--it1.info", "Type": "String"}, {"Name": "id", "Type": "Int64"}, {"Name": "info", "Type": "String"}, {"Name": "and(and(and(equals(info, 'rating'), equals(--it1.info, 'genres')), equals(kind, 'production companies')), equals(country_code, '[us]'))", "Type": "UInt8"}], "Positions": [0, 1, 2, 3, 4, 5, 6, 7, 8, 10], "Project Input": true}, "Plans": [{"Node Type": "Join", "Description": "JOIN", "Header": [{"Name": "country_code", "Type": "String"}, {"Name": "name", "Type": "String"}, {"Name": "--cn.id", "Type": "Int64"}, {"Name": "kind", "Type": "String"}, {"Name": "--ct.id", "Type": "Int64"}, {"Name": "--it1.id", "Type": "Int64"}, {"Name": "--it1.info", "Type": "String"}, {"Name": "id", "Type": "Int64"}, {"Name": "info", "Type": "String"}], "Plans": [{"Node Type": "Expression", "Description": "(Before JOIN + (Projection + Before ORDER BY))", "Header": [{"Name": "country_code", "Type": "String"}, {"Name": "name", "Type": "String"}, {"Name": "--cn.id", "Type": "Int64"}, {"Name": "kind", "Type": "String"}, {"Name": "--ct.id", "Type": "Int64"}, {"Name": "--it1.id", "Type": "Int64"}, {"Name": "--it1.info", "Type": "String"}], "Expression": {"Inputs": [{"Name": "country_code", "Type": "String"}, {"Name": "name", "Type": "String"}, {"Name": "--cn.id", "Type": "Int64"}, {"Name": "kind", "Type": "String"}, {"Name": "--ct.id", "Type": "Int64"}, {"Name": "id", "Type": "Int64"}, {"Name": "info", "Type": "String"}], "Actions": [{"Node Type": "INPUT", "Result Type": "INPUT", "Arguments": [0], "Removed Arguments": [0], "Result": 0}, {"Node Type": "INPUT", "Result Type": "INPUT", "Arguments": [1], "Removed Arguments": [1], "Result": 1}, {"Node Type": "INPUT", "Result Type": "INPUT", "Arguments": [2], "Removed Arguments": [2], "Result": 2}, {"Node Type": "INPUT", "Result Type": "INPUT", "Arguments": [3], "Removed Arguments": [3], "Result": 3}, {"Node Type": "INPUT", "Result Type": "INPUT", "Arguments": [4], "Removed Arguments": [4], "Result": 4}, {"Node Type": "INPUT", "Result Type": "INPUT", "Arguments": [5], "Removed Arguments": [], "Result": 5}, {"Node Type": "INPUT", "Result Type": "INPUT", "Arguments": [6], "Removed Arguments": [], "Result": 6}, {"Node Type": "ALIAS", "Result Type": "ALIAS", "Arguments": [5], "Removed Arguments": [5], "Result": 7}, {"Node Type": "ALIAS", "Result Type": "ALIAS", "Arguments": [6], "Removed Arguments": [6], "Result": 5}], "Outputs": [{"Name": "country_code", "Type": "String"}, {"Name": "name", "Type": "String"}, {"Name": "--cn.id", "Type": "Int64"}, {"Name": "kind", "Type": "String"}, {"Name": "--ct.id", "Type": "Int64"}, {"Name": "--it1.id", "Type": "Int64"}, {"Name": "--it1.info", "Type": "String"}], "Positions": [0, 1, 2, 3, 4, 7, 5], "Project Input": true}, "Plans": [{"Node Type": "Filter", "Description": "WHERE", "Header": [{"Name": "country_code", "Type": "String"}, {"Name": "name", "Type": "String"}, {"Name": "--cn.id", "Type": "Int64"}, {"Name": "kind", "Type": "String"}, {"Name": "--ct.id", "Type": "Int64"}, {"Name": "id", "Type": "Int64"}, {"Name": "info", "Type": "String"}], "Filter Column": "and(and(equals(info, 'genres'), equals(kind, 'production companies')), equals(country_code, '[us]'))", "Removes Filter": true, "Expression": {"Inputs": [{"Name": "country_code", "Type": "String"}, {"Name": "name", "Type": "String"}, {"Name": "--cn.id", "Type": "Int64"}, {"Name": "kind", "Type": "String"}, {"Name": "--ct.id", "Type": "Int64"}, {"Name": "id", "Type": "Int64"}, {"Name": "info", "Type": "String"}], "Actions": [{"Node Type": "INPUT", "Result Type": "INPUT", "Arguments": [0], "Removed Arguments": [], "Result": 0}, {"Node Type": "INPUT", "Result Type": "INPUT", "Arguments": [1], "Removed Arguments": [1], "Result": 1}, {"Node Type": "INPUT", "Result Type": "INPUT", "Arguments": [2], "Removed Arguments": [2], "Result": 2}, {"Node Type": "INPUT", "Result Type": "INPUT", "Arguments": [3], "Removed Arguments": [], "Result": 3}, {"Node Type": "INPUT", "Result Type": "INPUT", "Arguments": [4], "Removed Arguments": [4], "Result": 4}, {"Node Type": "INPUT", "Result Type": "INPUT", "Arguments": [5], "Removed Arguments": [5], "Result": 5}, {"Node Type": "INPUT", "Result Type": "INPUT", "Arguments": [6], "Removed Arguments": [], "Result": 6}, {"Node Type": "COLUMN", "Result Type": "COLUMN", "Column": "Const(String)", "Arguments": [], "Removed Arguments": [], "Result": 7}, {"Node Type": "COLUMN", "Result Type": "COLUMN", "Column": "Const(String)", "Arguments": [], "Removed Arguments": [], "Result": 8}, {"Node Type": "COLUMN", "Result Type": "COLUMN", "Column": "Const(String)", "Arguments": [], "Removed Arguments": [], "Result": 9}, {"Node Type": "FUNCTION", "Result Type": "FUNCTION", "Function": "equals", "Compiled": false, "Arguments": [6, 7], "Removed Arguments": [7], "Result": 10}, {"Node Type": "FUNCTION", "Result Type": "FUNCTION", "Function": "equals", "Compiled": false, "Arguments": [3, 8], "Removed Arguments": [8], "Result": 7}, {"Node Type": "FUNCTION", "Result Type": "FUNCTION", "Function": "equals", "Compiled": false, "Arguments": [0, 9], "Removed Arguments": [9], "Result": 8}, {"Node Type": "FUNCTION", "Result Type": "FUNCTION", "Function": "and", "Compiled": false, "Arguments": [10, 7], "Removed Arguments": [10, 7], "Result": 9}, {"Node Type": "FUNCTION", "Result Type": "FUNCTION", "Function": "and", "Compiled": false, "Arguments": [9, 8], "Removed Arguments": [9, 8], "Result": 7}], "Outputs": [{"Name": "country_code", "Type": "String"}, {"Name": "name", "Type": "String"}, {"Name": "--cn.id", "Type": "Int64"}, {"Name": "kind", "Type": "String"}, {"Name": "--ct.id", "Type": "Int64"}, {"Name": "id", "Type": "Int64"}, {"Name": "info", "Type": "String"}, {"Name": "and(and(equals(info, 'genres'), equals(kind, 'production companies')), equals(country_code, '[us]'))", "Type": "UInt8"}], "Positions": [0, 1, 2, 3, 4, 5, 6, 7], "Project Input": true}, "Plans": [{"Node Type": "Join", "Description": "JOIN", "Header": [{"Name": "country_code", "Type": "String"}, {"Name": "name", "Type": "String"}, {"Name": "--cn.id", "Type": "Int64"}, {"Name": "kind", "Type": "String"}, {"Name": "--ct.id", "Type": "Int64"}, {"Name": "id", "Type": "Int64"}, {"Name": "info", "Type": "String"}], "Plans": [{"Node Type": "Expression", "Description": "(Before JOIN + (Projection + Before ORDER BY))", "Header": [{"Name": "country_code", "Type": "String"}, {"Name": "name", "Type": "String"}, {"Name": "--cn.id", "Type": "Int64"}, {"Name": "kind", "Type": "String"}, {"Name": "--ct.id", "Type": "Int64"}], "Expression": {"Inputs": [{"Name": "country_code", "Type": "String"}, {"Name": "id", "Type": "Int64"}, {"Name": "name", "Type": "String"}, {"Name": "ct.id", "Type": "Int64"}, {"Name": "kind", "Type": "String"}], "Actions": [{"Node Type": "INPUT", "Result Type": "INPUT", "Arguments": [0], "Removed Arguments": [0], "Result": 0}, {"Node Type": "INPUT", "Result Type": "INPUT", "Arguments": [1], "Removed Arguments": [], "Result": 1}, {"Node Type": "INPUT", "Result Type": "INPUT", "Arguments": [2], "Removed Arguments": [2], "Result": 2}, {"Node Type": "INPUT", "Result Type": "INPUT", "Arguments": [3], "Removed Arguments": [], "Result": 3}, {"Node Type": "INPUT", "Result Type": "INPUT", "Arguments": [4], "Removed Arguments": [4], "Result": 4}, {"Node Type": "ALIAS", "Result Type": "ALIAS", "Arguments": [1], "Removed Arguments": [1], "Result": 5}, {"Node Type": "ALIAS", "Result Type": "ALIAS", "Arguments": [3], "Removed Arguments": [3], "Result": 1}], "Outputs": [{"Name": "country_code", "Type": "String"}, {"Name": "name", "Type": "String"}, {"Name": "--cn.id", "Type": "Int64"}, {"Name": "kind", "Type": "String"}, {"Name": "--ct.id", "Type": "Int64"}], "Positions": [0, 2, 5, 4, 1], "Project Input": true}, "Plans": [{"Node Type": "Filter", "Description": "WHERE", "Header": [{"Name": "country_code", "Type": "String"}, {"Name": "id", "Type": "Int64"}, {"Name": "name", "Type": "String"}, {"Name": "ct.id", "Type": "Int64"}, {"Name": "kind", "Type": "String"}], "Filter Column": "and(equals(country_code, '[us]'), equals(kind, 'production companies'))", "Removes Filter": true, "Expression": {"Inputs": [{"Name": "equals(country_code, '[us]')", "Type": "UInt8"}, {"Name": "country_code", "Type": "String"}, {"Name": "id", "Type": "Int64"}, {"Name": "name", "Type": "String"}, {"Name": "ct.id", "Type": "Int64"}, {"Name": "kind", "Type": "String"}], "Actions": [{"Node Type": "INPUT", "Result Type": "INPUT", "Arguments": [0], "Removed Arguments": [], "Result": 0}, {"Node Type": "INPUT", "Result Type": "INPUT", "Arguments": [1], "Removed Arguments": [1], "Result": 1}, {"Node Type": "INPUT", "Result Type": "INPUT", "Arguments": [2], "Removed Arguments": [2], "Result": 2}, {"Node Type": "INPUT", "Result Type": "INPUT", "Arguments": [3], "Removed Arguments": [3], "Result": 3}, {"Node Type": "INPUT", "Result Type": "INPUT", "Arguments": [4], "Removed Arguments": [4], "Result": 4}, {"Node Type": "INPUT", "Result Type": "INPUT", "Arguments": [5], "Removed Arguments": [], "Result": 5}, {"Node Type": "COLUMN", "Result Type": "COLUMN", "Column": "Const(String)", "Arguments": [], "Removed Arguments": [], "Result": 6}, {"Node Type": "FUNCTION", "Result Type": "FUNCTION", "Function": "equals", "Compiled": false, "Arguments": [5, 6], "Removed Arguments": [6], "Result": 7}, {"Node Type": "FUNCTION", "Result Type": "FUNCTION", "Function": "and", "Compiled": false, "Arguments": [0, 7], "Removed Arguments": [0, 7], "Result": 6}], "Outputs": [{"Name": "country_code", "Type": "String"}, {"Name": "id", "Type": "Int64"}, {"Name": "name", "Type": "String"}, {"Name": "ct.id", "Type": "Int64"}, {"Name": "kind", "Type": "String"}, {"Name": "and(equals(country_code, '[us]'), equals(kind, 'production companies'))", "Type": "UInt8"}], "Positions": [1, 2, 3, 4, 5, 6], "Project Input": true}, "Plans": [{"Node Type": "Join", "Description": "JOIN", "Header": [{"Name": "equals(country_code, '[us]')", "Type": "UInt8"}, {"Name": "country_code", "Type": "String"}, {"Name": "id", "Type": "Int64"}, {"Name": "name", "Type": "String"}, {"Name": "ct.id", "Type": "Int64"}, {"Name": "kind", "Type": "String"}], "Plans": [{"Node Type": "Expression", "Description": "Before JOIN", "Header": [{"Name": "equals(country_code, '[us]')", "Type": "UInt8"}, {"Name": "country_code", "Type": "String"}, {"Name": "id", "Type": "Int64"}, {"Name": "name", "Type": "String"}], "Expression": {"Inputs": [{"Name": "equals(country_code, '[us]')", "Type": "UInt8"}, {"Name": "country_code", "Type": "String"}, {"Name": "id", "Type": "Int64"}, {"Name": "name", "Type": "String"}], "Actions": [{"Node Type": "INPUT", "Result Type": "INPUT", "Arguments": [0], "Removed Arguments": [0], "Result": 0}, {"Node Type": "INPUT", "Result Type": "INPUT", "Arguments": [1], "Removed Arguments": [1], "Result": 1}, {"Node Type": "INPUT", "Result Type": "INPUT", "Arguments": [2], "Removed Arguments": [2], "Result": 2}, {"Node Type": "INPUT", "Result Type": "INPUT", "Arguments": [3], "Removed Arguments": [3], "Result": 3}], "Outputs": [{"Name": "equals(country_code, '[us]')", "Type": "UInt8"}, {"Name": "country_code", "Type": "String"}, {"Name": "id", "Type": "Int64"}, {"Name": "name", "Type": "String"}], "Positions": [0, 1, 2, 3], "Project Input": false}, "Plans": [{"Node Type": "SettingQuotaAndLimits", "Description": "Set limits and quota after reading from storage", "Header": [{"Name": "equals(country_code, '[us]')", "Type": "UInt8"}, {"Name": "country_code", "Type": "String"}, {"Name": "id", "Type": "Int64"}, {"Name": "name", "Type": "String"}], "Plans": [{"Node Type": "ReadFromMergeTree", "Header": [{"Name": "equals(country_code, '[us]')", "Type": "UInt8"}, {"Name": "country_code", "Type": "String"}, {"Name": "id", "Type": "Int64"}, {"Name": "name", "Type": "String"}], "Read Type": "Default", "Parts": 1, "Granules": 29}]}]}, {"Node Type": "Expression", "Description": "(Joined actions + (Rename joined columns + (Projection + Before ORDER BY)))", "Header": [{"Name": "ct.id", "Type": "Int64"}, {"Name": "kind", "Type": "String"}], "Expression": {"Inputs": [{"Name": "id", "Type": "Int64"}, {"Name": "kind", "Type": "String"}], "Actions": [{"Node Type": "INPUT", "Result Type": "INPUT", "Arguments": [0], "Removed Arguments": [], "Result": 0}, {"Node Type": "INPUT", "Result Type": "INPUT", "Arguments": [1], "Removed Arguments": [], "Result": 1}, {"Node Type": "ALIAS", "Result Type": "ALIAS", "Arguments": [0], "Removed Arguments": [0], "Result": 2}, {"Node Type": "ALIAS", "Result Type": "ALIAS", "Arguments": [1], "Removed Arguments": [1], "Result": 0}], "Outputs": [{"Name": "ct.id", "Type": "Int64"}, {"Name": "kind", "Type": "String"}], "Positions": [2, 0], "Project Input": true}, "Plans": [{"Node Type": "SettingQuotaAndLimits", "Description": "Set limits and quota after reading from storage", "Header": [{"Name": "id", "Type": "Int64"}, {"Name": "kind", "Type": "String"}], "Plans": [{"Node Type": "ReadFromMergeTree", "Header": [{"Name": "id", "Type": "Int64"}, {"Name": "kind", "Type": "String"}], "Read Type": "Default", "Parts": 1, "Granules": 1}]}]}]}]}]}, {"Node Type": "Expression", "Description": "(Joined actions + (Rename joined columns + (Projection + Before ORDER BY)))", "Header": [{"Name": "id", "Type": "Int64"}, {"Name": "info", "Type": "String"}], "Expression": {"Inputs": [{"Name": "id", "Type": "Int64"}, {"Name": "info", "Type": "String"}], "Actions": [{"Node Type": "INPUT", "Result Type": "INPUT", "Arguments": [0], "Removed Arguments": [], "Result": 0}, {"Node Type": "INPUT", "Result Type": "INPUT", "Arguments": [1], "Removed Arguments": [], "Result": 1}, {"Node Type": "ALIAS", "Result Type": "ALIAS", "Arguments": [0], "Removed Arguments": [0], "Result": 2}, {"Node Type": "ALIAS", "Result Type": "ALIAS", "Arguments": [1], "Removed Arguments": [1], "Result": 0}], "Outputs": [{"Name": "id", "Type": "Int64"}, {"Name": "info", "Type": "String"}], "Positions": [2, 0], "Project Input": true}, "Plans": [{"Node Type": "SettingQuotaAndLimits", "Description": "Set limits and quota after reading from storage", "Header": [{"Name": "id", "Type": "Int64"}, {"Name": "info", "Type": "String"}], "Plans": [{"Node Type": "ReadFromMergeTree", "Header": [{"Name": "id", "Type": "Int64"}, {"Name": "info", "Type": "String"}], "Read Type": "Default", "Parts": 1, "Granules": 1}]}]}]}]}]}, {"Node Type": "Expression", "Description": "(Joined actions + (Rename joined columns + (Projection + Before ORDER BY)))", "Header": [{"Name": "id", "Type": "Int64"}, {"Name": "info", "Type": "String"}], "Expression": {"Inputs": [{"Name": "id", "Type": "Int64"}, {"Name": "info", "Type": "String"}], "Actions": [{"Node Type": "INPUT", "Result Type": "INPUT", "Arguments": [0], "Removed Arguments": [], "Result": 0}, {"Node Type": "INPUT", "Result Type": "INPUT", "Arguments": [1], "Removed Arguments": [], "Result": 1}, {"Node Type": "ALIAS", "Result Type": "ALIAS", "Arguments": [0], "Removed Arguments": [0], "Result": 2}, {"Node Type": "ALIAS", "Result Type": "ALIAS", "Arguments": [1], "Removed Arguments": [1], "Result": 0}], "Outputs": [{"Name": "id", "Type": "Int64"}, {"Name": "info", "Type": "String"}], "Positions": [2, 0], "Project Input": true}, "Plans": [{"Node Type": "SettingQuotaAndLimits", "Description": "Set limits and quota after reading from storage", "Header": [{"Name": "id", "Type": "Int64"}, {"Name": "info", "Type": "String"}], "Plans": [{"Node Type": "ReadFromMergeTree", "Header": [{"Name": "id", "Type": "Int64"}, {"Name": "info", "Type": "String"}], "Read Type": "Default", "Parts": 1, "Granules": 1}]}]}]}]}]}, {"Node Type": "Expression", "Description": "(Joined actions + (Rename joined columns + (Projection + Before ORDER BY)))", "Header": [{"Name": "company_id", "Type": "Int64"}, {"Name": "company_type_id", "Type": "Int64"}, {"Name": "movie_id", "Type": "Int64"}], "Expression": {"Inputs": [{"Name": "movie_id", "Type": "Int64"}, {"Name": "company_id", "Type": "Int64"}, {"Name": "company_type_id", "Type": "Int64"}], "Actions": [{"Node Type": "INPUT", "Result Type": "INPUT", "Arguments": [0], "Removed Arguments": [], "Result": 0}, {"Node Type": "INPUT", "Result Type": "INPUT", "Arguments": [1], "Removed Arguments": [], "Result": 1}, {"Node Type": "INPUT", "Result Type": "INPUT", "Arguments": [2], "Removed Arguments": [], "Result": 2}, {"Node Type": "ALIAS", "Result Type": "ALIAS", "Arguments": [0], "Removed Arguments": [0], "Result": 3}, {"Node Type": "ALIAS", "Result Type": "ALIAS", "Arguments": [1], "Removed Arguments": [1], "Result": 0}, {"Node Type": "ALIAS", "Result Type": "ALIAS", "Arguments": [2], "Removed Arguments": [2], "Result": 1}], "Outputs": [{"Name": "company_id", "Type": "Int64"}, {"Name": "company_type_id", "Type": "Int64"}, {"Name": "movie_id", "Type": "Int64"}], "Positions": [0, 1, 3], "Project Input": true}, "Plans": [{"Node Type": "SettingQuotaAndLimits", "Description": "Set limits and quota after reading from storage", "Header": [{"Name": "movie_id", "Type": "Int64"}, {"Name": "company_id", "Type": "Int64"}, {"Name": "company_type_id", "Type": "Int64"}], "Plans": [{"Node Type": "ReadFromMergeTree", "Header": [{"Name": "movie_id", "Type": "Int64"}, {"Name": "company_id", "Type": "Int64"}, {"Name": "company_type_id", "Type": "Int64"}], "Read Type": "Default", "Parts": 1, "Granules": 318}]}]}]}]}]}, {"Node Type": "Expression", "Description": "(Joined actions + (Rename joined columns + (Projection + Before ORDER BY)))", "Header": [{"Name": "movie_id", "Type": "Int64"}, {"Name": "info_type_id", "Type": "Int64"}, {"Name": "--mi.info_type_id", "Type": "Int64"}, {"Name": "--mi.movie_id", "Type": "Int64"}, {"Name": "info", "Type": "String"}], "Expression": {"Inputs": [{"Name": "movie_id", "Type": "Int64"}, {"Name": "info_type_id", "Type": "Int64"}, {"Name": "info", "Type": "String"}], "Actions": [{"Node Type": "INPUT", "Result Type": "INPUT", "Arguments": [0], "Removed Arguments": [], "Result": 0}, {"Node Type": "INPUT", "Result Type": "INPUT", "Arguments": [1], "Removed Arguments": [], "Result": 1}, {"Node Type": "INPUT", "Result Type": "INPUT", "Arguments": [2], "Removed Arguments": [], "Result": 2}, {"Node Type": "ALIAS", "Result Type": "ALIAS", "Arguments": [0], "Removed Arguments": [0], "Result": 3}, {"Node Type": "ALIAS", "Result Type": "ALIAS", "Arguments": [1], "Removed Arguments": [1], "Result": 0}, {"Node Type": "ALIAS", "Result Type": "ALIAS", "Arguments": [2], "Removed Arguments": [2], "Result": 1}, {"Node Type": "ALIAS", "Result Type": "ALIAS", "Arguments": [3], "Removed Arguments": [], "Result": 2}, {"Node Type": "ALIAS", "Result Type": "ALIAS", "Arguments": [0], "Removed Arguments": [], "Result": 4}], "Outputs": [{"Name": "movie_id", "Type": "Int64"}, {"Name": "info_type_id", "Type": "Int64"}, {"Name": "--mi.info_type_id", "Type": "Int64"}, {"Name": "--mi.movie_id", "Type": "Int64"}, {"Name": "info", "Type": "String"}], "Positions": [3, 0, 4, 2, 1], "Project Input": true}, "Plans": [{"Node Type": "SettingQuotaAndLimits", "Description": "Set limits and quota after reading from storage", "Header": [{"Name": "movie_id", "Type": "Int64"}, {"Name": "info_type_id", "Type": "Int64"}, {"Name": "info", "Type": "String"}], "Plans": [{"Node Type": "ReadFromMergeTree", "Header": [{"Name": "movie_id", "Type": "Int64"}, {"Name": "info_type_id", "Type": "Int64"}, {"Name": "info", "Type": "String"}], "Read Type": "Default", "Parts": 2, "Granules": 1749}]}]}]}]}]}, {"Node Type": "Expression", "Description": "(Joined actions + (Rename joined columns + (Projection + Before ORDER BY)))", "Header": [{"Name": "movie_id", "Type": "Int64"}, {"Name": "info_type_id", "Type": "Int64"}, {"Name": "--mi_idx.info_type_id", "Type": "Int64"}, {"Name": "--mi_idx.movie_id", "Type": "Int64"}, {"Name": "info", "Type": "String"}], "Expression": {"Inputs": [{"Name": "movie_id", "Type": "Int64"}, {"Name": "info_type_id", "Type": "Int64"}, {"Name": "info", "Type": "String"}], "Actions": [{"Node Type": "INPUT", "Result Type": "INPUT", "Arguments": [0], "Removed Arguments": [], "Result": 0}, {"Node Type": "INPUT", "Result Type": "INPUT", "Arguments": [1], "Removed Arguments": [], "Result": 1}, {"Node Type": "INPUT", "Result Type": "INPUT", "Arguments": [2], "Removed Arguments": [], "Result": 2}, {"Node Type": "ALIAS", "Result Type": "ALIAS", "Arguments": [0], "Removed Arguments": [0], "Result": 3}, {"Node Type": "ALIAS", "Result Type": "ALIAS", "Arguments": [1], "Removed Arguments": [1], "Result": 0}, {"Node Type": "ALIAS", "Result Type": "ALIAS", "Arguments": [2], "Removed Arguments": [2], "Result": 1}, {"Node Type": "ALIAS", "Result Type": "ALIAS", "Arguments": [3], "Removed Arguments": [], "Result": 2}, {"Node Type": "ALIAS", "Result Type": "ALIAS", "Arguments": [0], "Removed Arguments": [], "Result": 4}], "Outputs": [{"Name": "movie_id", "Type": "Int64"}, {"Name": "info_type_id", "Type": "Int64"}, {"Name": "--mi_idx.info_type_id", "Type": "Int64"}, {"Name": "--mi_idx.movie_id", "Type": "Int64"}, {"Name": "info", "Type": "String"}], "Positions": [3, 0, 4, 2, 1], "Project Input": true}, "Plans": [{"Node Type": "SettingQuotaAndLimits", "Description": "Set limits and quota after reading from storage", "Header": [{"Name": "movie_id", "Type": "Int64"}, {"Name": "info_type_id", "Type": "Int64"}, {"Name": "info", "Type": "String"}], "Plans": [{"Node Type": "ReadFromMergeTree", "Header": [{"Name": "movie_id", "Type": "Int64"}, {"Name": "info_type_id", "Type": "Int64"}, {"Name": "info", "Type": "String"}], "Read Type": "Default", "Parts": 2, "Granules": 169}]}]}]}]}]}, {"Node Type": "Expression", "Description": "(Joined actions + (Rename joined columns + (Projection + Before ORDER BY)))", "Header": [{"Name": "id", "Type": "Int64"}, {"Name": "title", "Type": "String"}, {"Name": "production_year", "Type": "Int64"}], "Expression": {"Inputs": [{"Name": "id", "Type": "Int64"}, {"Name": "title", "Type": "String"}, {"Name": "production_year", "Type": "Int64"}], "Actions": [{"Node Type": "INPUT", "Result Type": "INPUT", "Arguments": [0], "Removed Arguments": [], "Result": 0}, {"Node Type": "INPUT", "Result Type": "INPUT", "Arguments": [1], "Removed Arguments": [], "Result": 1}, {"Node Type": "INPUT", "Result Type": "INPUT", "Arguments": [2], "Removed Arguments": [], "Result": 2}, {"Node Type": "ALIAS", "Result Type": "ALIAS", "Arguments": [0], "Removed Arguments": [0], "Result": 3}, {"Node Type": "ALIAS", "Result Type": "ALIAS", "Arguments": [1], "Removed Arguments": [1], "Result": 0}, {"Node Type": "ALIAS", "Result Type": "ALIAS", "Arguments": [2], "Removed Arguments": [2], "Result": 1}], "Outputs": [{"Name": "id", "Type": "Int64"}, {"Name": "title", "Type": "String"}, {"Name": "production_year", "Type": "Int64"}], "Positions": [3, 0, 1], "Project Input": true}, "Plans": [{"Node Type": "SettingQuotaAndLimits", "Description": "Set limits and quota after reading from storage", "Header": [{"Name": "id", "Type": "Int64"}, {"Name": "title", "Type": "String"}, {"Name": "production_year", "Type": "Int64"}], "Plans": [{"Node Type": "ReadFromMergeTree", "Header": [{"Name": "id", "Type": "Int64"}, {"Name": "title", "Type": "String"}, {"Name": "production_year", "Type": "Int64"}], "Read Type": "Default", "Parts": 2, "Granules": 308}]}]}]}]}]}]}]}}]