[{"Plan": {"Node Type": "Expression", "Description": "(Projection + Before ORDER BY)", "Header": [{"Name": "producing_company", "Type": "String"}, {"Name": "rating", "Type": "String"}, {"Name": "movie_about_winning", "Type": "String"}], "Expression": {"Inputs": [{"Name": "min(name)", "Type": "String"}, {"Name": "min(--miidx.info)", "Type": "String"}, {"Name": "min(title)", "Type": "String"}], "Actions": [{"Node Type": "INPUT", "Result Type": "INPUT", "Arguments": [0], "Removed Arguments": [], "Result": 0}, {"Node Type": "INPUT", "Result Type": "INPUT", "Arguments": [1], "Removed Arguments": [], "Result": 1}, {"Node Type": "INPUT", "Result Type": "INPUT", "Arguments": [2], "Removed Arguments": [], "Result": 2}, {"Node Type": "ALIAS", "Result Type": "ALIAS", "Arguments": [0], "Removed Arguments": [0], "Result": 3}, {"Node Type": "ALIAS", "Result Type": "ALIAS", "Arguments": [1], "Removed Arguments": [1], "Result": 0}, {"Node Type": "ALIAS", "Result Type": "ALIAS", "Arguments": [2], "Removed Arguments": [2], "Result": 1}], "Outputs": [{"Name": "producing_company", "Type": "String"}, {"Name": "rating", "Type": "String"}, {"Name": "movie_about_winning", "Type": "String"}], "Positions": [3, 0, 1], "Project Input": true}, "Plans": [{"Node Type": "Aggregating", "Header": [{"Name": "min(name)", "Type": "String"}, {"Name": "min(--miidx.info)", "Type": "String"}, {"Name": "min(title)", "Type": "String"}], "Keys": [], "Aggregates": [{"Name": "min(name)", "Function": {"Name": "min", "Argument Types": ["String"], "Result Type": "String"}, "Arguments": ["name"], "Argument Positions": [0]}, {"Name": "min(--miidx.info)", "Function": {"Name": "min", "Argument Types": ["String"], "Result Type": "String"}, "Arguments": ["--miidx.info"], "Argument Positions": [1]}, {"Name": "min(title)", "Function": {"Name": "min", "Argument Types": ["String"], "Result Type": "String"}, "Arguments": ["title"], "Argument Positions": [2]}], "Plans": [{"Node Type": "Expression", "Description": "Before GROUP BY", "Header": [{"Name": "name", "Type": "String"}, {"Name": "--miidx.info", "Type": "String"}, {"Name": "title", "Type": "String"}], "Expression": {"Inputs": [{"Name": "name", "Type": "String"}, {"Name": "--miidx.info", "Type": "String"}, {"Name": "title", "Type": "String"}], "Actions": [{"Node Type": "INPUT", "Result Type": "INPUT", "Arguments": [0], "Removed Arguments": [0], "Result": 0}, {"Node Type": "INPUT", "Result Type": "INPUT", "Arguments": [1], "Removed Arguments": [1], "Result": 1}, {"Node Type": "INPUT", "Result Type": "INPUT", "Arguments": [2], "Removed Arguments": [2], "Result": 2}], "Outputs": [{"Name": "name", "Type": "String"}, {"Name": "--miidx.info", "Type": "String"}, {"Name": "title", "Type": "String"}], "Positions": [0, 1, 2], "Project Input": true}, "Plans": [{"Node Type": "Filter", "Description": "WHERE", "Header": [{"Name": "name", "Type": "String"}, {"Name": "--miidx.info", "Type": "String"}, {"Name": "title", "Type": "String"}], "Filter Column": "and(equals(country_code, '[us]'), equals(--ct.kind, 'production companies'), equals(--it.info, 'rating'), equals(--it2.info, 'release dates'), equals(--kt.kind, 'movie'), notEquals(title, ''), or(like(title, '%Champion%'), like(title, '%Loser%')), equals(--mi.movie_id, id), equals(--it2.id, --mi.info_type_id), equals(--kt.id, kind_id), equals(--mc.movie_id, id), equals(--cn.id, company_id), equals(--ct.id, company_type_id), equals(--miidx.movie_id, id), equals(--it.id, --miidx.info_type_id), equals(--mi.movie_id, --miidx.movie_id), equals(--mi.movie_id, --mc.movie_id), equals(--miidx.movie_id, --mc.movie_id))", "Removes Filter": true, "Expression": {"Inputs": [{"Name": "country_code", "Type": "String"}, {"Name": "name", "Type": "String"}, {"Name": "--cn.id", "Type": "Int64"}, {"Name": "--ct.id", "Type": "Int64"}, {"Name": "--ct.kind", "Type": "String"}, {"Name": "--it.id", "Type": "Int64"}, {"Name": "--it.info", "Type": "String"}, {"Name": "--it2.id", "Type": "Int64"}, {"Name": "--it2.info", "Type": "String"}, {"Name": "--kt.id", "Type": "Int64"}, {"Name": "--kt.kind", "Type": "String"}, {"Name": "company_type_id", "Type": "Int64"}, {"Name": "company_id", "Type": "Int64"}, {"Name": "--mc.movie_id", "Type": "Int64"}, {"Name": "--mi.info_type_id", "Type": "Int64"}, {"Name": "--mi.movie_id", "Type": "Int64"}, {"Name": "--miidx.info_type_id", "Type": "Int64"}, {"Name": "--miidx.movie_id", "Type": "Int64"}, {"Name": "--miidx.info", "Type": "String"}, {"Name": "id", "Type": "Int64"}, {"Name": "title", "Type": "String"}, {"Name": "kind_id", "Type": "Int64"}], "Actions": [{"Node Type": "INPUT", "Result Type": "INPUT", "Arguments": [0], "Removed Arguments": [], "Result": 0}, {"Node Type": "INPUT", "Result Type": "INPUT", "Arguments": [1], "Removed Arguments": [1], "Result": 1}, {"Node Type": "INPUT", "Result Type": "INPUT", "Arguments": [2], "Removed Arguments": [], "Result": 2}, {"Node Type": "INPUT", "Result Type": "INPUT", "Arguments": [3], "Removed Arguments": [], "Result": 3}, {"Node Type": "INPUT", "Result Type": "INPUT", "Arguments": [4], "Removed Arguments": [], "Result": 4}, {"Node Type": "INPUT", "Result Type": "INPUT", "Arguments": [5], "Removed Arguments": [], "Result": 5}, {"Node Type": "INPUT", "Result Type": "INPUT", "Arguments": [6], "Removed Arguments": [], "Result": 6}, {"Node Type": "INPUT", "Result Type": "INPUT", "Arguments": [7], "Removed Arguments": [], "Result": 7}, {"Node Type": "INPUT", "Result Type": "INPUT", "Arguments": [8], "Removed Arguments": [], "Result": 8}, {"Node Type": "INPUT", "Result Type": "INPUT", "Arguments": [9], "Removed Arguments": [], "Result": 9}, {"Node Type": "INPUT", "Result Type": "INPUT", "Arguments": [10], "Removed Arguments": [], "Result": 10}, {"Node Type": "INPUT", "Result Type": "INPUT", "Arguments": [11], "Removed Arguments": [], "Result": 11}, {"Node Type": "INPUT", "Result Type": "INPUT", "Arguments": [12], "Removed Arguments": [], "Result": 12}, {"Node Type": "INPUT", "Result Type": "INPUT", "Arguments": [13], "Removed Arguments": [], "Result": 13}, {"Node Type": "INPUT", "Result Type": "INPUT", "Arguments": [14], "Removed Arguments": [], "Result": 14}, {"Node Type": "INPUT", "Result Type": "INPUT", "Arguments": [15], "Removed Arguments": [], "Result": 15}, {"Node Type": "INPUT", "Result Type": "INPUT", "Arguments": [16], "Removed Arguments": [], "Result": 16}, {"Node Type": "INPUT", "Result Type": "INPUT", "Arguments": [17], "Removed Arguments": [], "Result": 17}, {"Node Type": "INPUT", "Result Type": "INPUT", "Arguments": [18], "Removed Arguments": [18], "Result": 18}, {"Node Type": "INPUT", "Result Type": "INPUT", "Arguments": [19], "Removed Arguments": [], "Result": 19}, {"Node Type": "INPUT", "Result Type": "INPUT", "Arguments": [20], "Removed Arguments": [], "Result": 20}, {"Node Type": "INPUT", "Result Type": "INPUT", "Arguments": [21], "Removed Arguments": [], "Result": 21}, {"Node Type": "COLUMN", "Result Type": "COLUMN", "Column": "Const(String)", "Arguments": [], "Removed Arguments": [], "Result": 22}, {"Node Type": "COLUMN", "Result Type": "COLUMN", "Column": "Const(String)", "Arguments": [], "Removed Arguments": [], "Result": 23}, {"Node Type": "COLUMN", "Result Type": "COLUMN", "Column": "Const(String)", "Arguments": [], "Removed Arguments": [], "Result": 24}, {"Node Type": "COLUMN", "Result Type": "COLUMN", "Column": "Const(String)", "Arguments": [], "Removed Arguments": [], "Result": 25}, {"Node Type": "COLUMN", "Result Type": "COLUMN", "Column": "Const(String)", "Arguments": [], "Removed Arguments": [], "Result": 26}, {"Node Type": "COLUMN", "Result Type": "COLUMN", "Column": "Const(String)", "Arguments": [], "Removed Arguments": [], "Result": 27}, {"Node Type": "COLUMN", "Result Type": "COLUMN", "Column": "Const(String)", "Arguments": [], "Removed Arguments": [], "Result": 28}, {"Node Type": "COLUMN", "Result Type": "COLUMN", "Column": "Const(String)", "Arguments": [], "Removed Arguments": [], "Result": 29}, {"Node Type": "FUNCTION", "Result Type": "FUNCTION", "Function": "equals", "Compiled": false, "Arguments": [3, 11], "Removed Arguments": [3, 11], "Result": 30}, {"Node Type": "FUNCTION", "Result Type": "FUNCTION", "Function": "equals", "Compiled": false, "Arguments": [2, 12], "Removed Arguments": [2, 12], "Result": 11}, {"Node Type": "FUNCTION", "Result Type": "FUNCTION", "Function": "equals", "Compiled": false, "Arguments": [7, 14], "Removed Arguments": [7, 14], "Result": 12}, {"Node Type": "FUNCTION", "Result Type": "FUNCTION", "Function": "equals", "Compiled": false, "Arguments": [5, 16], "Removed Arguments": [5, 16], "Result": 14}, {"Node Type": "FUNCTION", "Result Type": "FUNCTION", "Function": "equals", "Compiled": false, "Arguments": [15, 19], "Removed Arguments": [15], "Result": 16}, {"Node Type": "FUNCTION", "Result Type": "FUNCTION", "Function": "equals", "Compiled": false, "Arguments": [13, 19], "Removed Arguments": [13], "Result": 15}, {"Node Type": "FUNCTION", "Result Type": "FUNCTION", "Function": "equals", "Compiled": false, "Arguments": [17, 19], "Removed Arguments": [17, 19], "Result": 13}, {"Node Type": "FUNCTION", "Result Type": "FUNCTION", "Function": "equals", "Compiled": false, "Arguments": [9, 21], "Removed Arguments": [9, 21], "Result": 19}, {"Node Type": "FUNCTION", "Result Type": "FUNCTION", "Function": "equals", "Compiled": false, "Arguments": [0, 22], "Removed Arguments": [0, 22], "Result": 21}, {"Node Type": "FUNCTION", "Result Type": "FUNCTION", "Function": "equals", "Compiled": false, "Arguments": [4, 23], "Removed Arguments": [4, 23], "Result": 22}, {"Node Type": "FUNCTION", "Result Type": "FUNCTION", "Function": "equals", "Compiled": false, "Arguments": [6, 24], "Removed Arguments": [6, 24], "Result": 23}, {"Node Type": "FUNCTION", "Result Type": "FUNCTION", "Function": "equals", "Compiled": false, "Arguments": [8, 25], "Removed Arguments": [8, 25], "Result": 24}, {"Node Type": "FUNCTION", "Result Type": "FUNCTION", "Function": "equals", "Compiled": false, "Arguments": [10, 26], "Removed Arguments": [10, 26], "Result": 25}, {"Node Type": "FUNCTION", "Result Type": "FUNCTION", "Function": "notEquals", "Compiled": false, "Arguments": [20, 27], "Removed Arguments": [27], "Result": 26}, {"Node Type": "FUNCTION", "Result Type": "FUNCTION", "Function": "like", "Compiled": false, "Arguments": [20, 28], "Removed Arguments": [28], "Result": 27}, {"Node Type": "FUNCTION", "Result Type": "FUNCTION", "Function": "like", "Compiled": false, "Arguments": [20, 29], "Removed Arguments": [29], "Result": 28}, {"Node Type": "FUNCTION", "Result Type": "FUNCTION", "Function": "or", "Compiled": false, "Arguments": [27, 28], "Removed Arguments": [27, 28], "Result": 29}, {"Node Type": "FUNCTION", "Result Type": "FUNCTION", "Function": "and", "Compiled": false, "Arguments": [21, 22, 23, 24, 25, 26, 29, 16, 12, 19, 15, 11, 30, 13, 14], "Removed Arguments": [21, 22, 23, 24, 25, 26, 29, 16, 12, 19, 15, 11, 30, 13, 14], "Result": 28}], "Outputs": [{"Name": "name", "Type": "String"}, {"Name": "--miidx.info", "Type": "String"}, {"Name": "title", "Type": "String"}, {"Name": "and(equals(country_code, '[us]'), equals(--ct.kind, 'production companies'), equals(--it.info, 'rating'), equals(--it2.info, 'release dates'), equals(--kt.kind, 'movie'), notEquals(title, ''), or(like(title, '%Champion%'), like(title, '%Loser%')), equals(--mi.movie_id, id), equals(--it2.id, --mi.info_type_id), equals(--kt.id, kind_id), equals(--mc.movie_id, id), equals(--cn.id, company_id), equals(--ct.id, company_type_id), equals(--miidx.movie_id, id), equals(--it.id, --miidx.info_type_id), equals(--mi.movie_id, --miidx.movie_id), equals(--mi.movie_id, --mc.movie_id), equals(--miidx.movie_id, --mc.movie_id))", "Type": "UInt8"}], "Positions": [1, 18, 20, 28], "Project Input": true}, "Plans": [{"Node Type": "Join", "Description": "JOIN", "Header": [{"Name": "country_code", "Type": "String"}, {"Name": "name", "Type": "String"}, {"Name": "--cn.id", "Type": "Int64"}, {"Name": "--ct.id", "Type": "Int64"}, {"Name": "--ct.kind", "Type": "String"}, {"Name": "--it.id", "Type": "Int64"}, {"Name": "--it.info", "Type": "String"}, {"Name": "--it2.id", "Type": "Int64"}, {"Name": "--it2.info", "Type": "String"}, {"Name": "--kt.id", "Type": "Int64"}, {"Name": "--kt.kind", "Type": "String"}, {"Name": "company_type_id", "Type": "Int64"}, {"Name": "company_id", "Type": "Int64"}, {"Name": "--mc.movie_id", "Type": "Int64"}, {"Name": "--mi.info_type_id", "Type": "Int64"}, {"Name": "--mi.movie_id", "Type": "Int64"}, {"Name": "--miidx.info_type_id", "Type": "Int64"}, {"Name": "--miidx.movie_id", "Type": "Int64"}, {"Name": "--miidx.info", "Type": "String"}, {"Name": "title", "Type": "String"}, {"Name": "id", "Type": "Int64"}, {"Name": "kind_id", "Type": "Int64"}], "Plans": [{"Node Type": "Filter", "Description": "( + (Before JOIN + (Projection + Before ORDER BY)))", "Header": [{"Name": "country_code", "Type": "String"}, {"Name": "name", "Type": "String"}, {"Name": "--cn.id", "Type": "Int64"}, {"Name": "--ct.id", "Type": "Int64"}, {"Name": "--ct.kind", "Type": "String"}, {"Name": "--it.id", "Type": "Int64"}, {"Name": "--it.info", "Type": "String"}, {"Name": "--it2.id", "Type": "Int64"}, {"Name": "--it2.info", "Type": "String"}, {"Name": "--kt.id", "Type": "Int64"}, {"Name": "--kt.kind", "Type": "String"}, {"Name": "company_type_id", "Type": "Int64"}, {"Name": "company_id", "Type": "Int64"}, {"Name": "--mc.movie_id", "Type": "Int64"}, {"Name": "--mi.info_type_id", "Type": "Int64"}, {"Name": "--mi.movie_id", "Type": "Int64"}, {"Name": "--miidx.info_type_id", "Type": "Int64"}, {"Name": "--miidx.movie_id", "Type": "Int64"}, {"Name": "--miidx.info", "Type": "String"}], "Filter Column": "and(equals(--mi.movie_id, --miidx.movie_id), equals(--mi.movie_id, --mc.movie_id), equals(--miidx.movie_id, --mc.movie_id))", "Removes Filter": true, "Expression": {"Inputs": [{"Name": "country_code", "Type": "String"}, {"Name": "name", "Type": "String"}, {"Name": "--cn.id", "Type": "Int64"}, {"Name": "--ct.id", "Type": "Int64"}, {"Name": "--ct.kind", "Type": "String"}, {"Name": "--it.id", "Type": "Int64"}, {"Name": "--it.info", "Type": "String"}, {"Name": "--it2.id", "Type": "Int64"}, {"Name": "--it2.info", "Type": "String"}, {"Name": "--kt.id", "Type": "Int64"}, {"Name": "--kt.kind", "Type": "String"}, {"Name": "company_type_id", "Type": "Int64"}, {"Name": "company_id", "Type": "Int64"}, {"Name": "--mc.movie_id", "Type": "Int64"}, {"Name": "--mi.info_type_id", "Type": "Int64"}, {"Name": "--mi.movie_id", "Type": "Int64"}, {"Name": "movie_id", "Type": "Int64"}, {"Name": "info_type_id", "Type": "Int64"}, {"Name": "info", "Type": "String"}], "Actions": [{"Node Type": "INPUT", "Result Type": "INPUT", "Arguments": [0], "Removed Arguments": [0], "Result": 0}, {"Node Type": "INPUT", "Result Type": "INPUT", "Arguments": [1], "Removed Arguments": [1], "Result": 1}, {"Node Type": "INPUT", "Result Type": "INPUT", "Arguments": [2], "Removed Arguments": [2], "Result": 2}, {"Node Type": "INPUT", "Result Type": "INPUT", "Arguments": [3], "Removed Arguments": [3], "Result": 3}, {"Node Type": "INPUT", "Result Type": "INPUT", "Arguments": [4], "Removed Arguments": [4], "Result": 4}, {"Node Type": "INPUT", "Result Type": "INPUT", "Arguments": [5], "Removed Arguments": [5], "Result": 5}, {"Node Type": "INPUT", "Result Type": "INPUT", "Arguments": [6], "Removed Arguments": [6], "Result": 6}, {"Node Type": "INPUT", "Result Type": "INPUT", "Arguments": [7], "Removed Arguments": [7], "Result": 7}, {"Node Type": "INPUT", "Result Type": "INPUT", "Arguments": [8], "Removed Arguments": [8], "Result": 8}, {"Node Type": "INPUT", "Result Type": "INPUT", "Arguments": [9], "Removed Arguments": [9], "Result": 9}, {"Node Type": "INPUT", "Result Type": "INPUT", "Arguments": [10], "Removed Arguments": [10], "Result": 10}, {"Node Type": "INPUT", "Result Type": "INPUT", "Arguments": [11], "Removed Arguments": [11], "Result": 11}, {"Node Type": "INPUT", "Result Type": "INPUT", "Arguments": [12], "Removed Arguments": [12], "Result": 12}, {"Node Type": "INPUT", "Result Type": "INPUT", "Arguments": [13], "Removed Arguments": [], "Result": 13}, {"Node Type": "INPUT", "Result Type": "INPUT", "Arguments": [14], "Removed Arguments": [14], "Result": 14}, {"Node Type": "INPUT", "Result Type": "INPUT", "Arguments": [15], "Removed Arguments": [], "Result": 15}, {"Node Type": "INPUT", "Result Type": "INPUT", "Arguments": [16], "Removed Arguments": [], "Result": 16}, {"Node Type": "INPUT", "Result Type": "INPUT", "Arguments": [17], "Removed Arguments": [], "Result": 17}, {"Node Type": "INPUT", "Result Type": "INPUT", "Arguments": [18], "Removed Arguments": [], "Result": 18}, {"Node Type": "FUNCTION", "Result Type": "FUNCTION", "Function": "equals", "Compiled": false, "Arguments": [15, 13], "Removed Arguments": [], "Result": 19}, {"Node Type": "ALIAS", "Result Type": "ALIAS", "Arguments": [16], "Removed Arguments": [16], "Result": 20}, {"Node Type": "ALIAS", "Result Type": "ALIAS", "Arguments": [17], "Removed Arguments": [17], "Result": 16}, {"Node Type": "ALIAS", "Result Type": "ALIAS", "Arguments": [18], "Removed Arguments": [18], "Result": 17}, {"Node Type": "FUNCTION", "Result Type": "FUNCTION", "Function": "equals", "Compiled": false, "Arguments": [15, 20], "Removed Arguments": [], "Result": 18}, {"Node Type": "FUNCTION", "Result Type": "FUNCTION", "Function": "equals", "Compiled": false, "Arguments": [20, 13], "Removed Arguments": [], "Result": 21}, {"Node Type": "FUNCTION", "Result Type": "FUNCTION", "Function": "and", "Compiled": false, "Arguments": [18, 19, 21], "Removed Arguments": [18, 19, 21], "Result": 22}], "Outputs": [{"Name": "and(equals(--mi.movie_id, --miidx.movie_id), equals(--mi.movie_id, --mc.movie_id), equals(--miidx.movie_id, --mc.movie_id))", "Type": "UInt8"}, {"Name": "country_code", "Type": "String"}, {"Name": "name", "Type": "String"}, {"Name": "--cn.id", "Type": "Int64"}, {"Name": "--ct.id", "Type": "Int64"}, {"Name": "--ct.kind", "Type": "String"}, {"Name": "--it.id", "Type": "Int64"}, {"Name": "--it.info", "Type": "String"}, {"Name": "--it2.id", "Type": "Int64"}, {"Name": "--it2.info", "Type": "String"}, {"Name": "--kt.id", "Type": "Int64"}, {"Name": "--kt.kind", "Type": "String"}, {"Name": "company_type_id", "Type": "Int64"}, {"Name": "company_id", "Type": "Int64"}, {"Name": "--mc.movie_id", "Type": "Int64"}, {"Name": "--mi.info_type_id", "Type": "Int64"}, {"Name": "--mi.movie_id", "Type": "Int64"}, {"Name": "--miidx.info_type_id", "Type": "Int64"}, {"Name": "--miidx.movie_id", "Type": "Int64"}, {"Name": "--miidx.info", "Type": "String"}], "Positions": [22, 0, 1, 2, 3, 4, 5, 6, 7, 8, 9, 10, 11, 12, 13, 14, 15, 16, 20, 17], "Project Input": true}, "Plans": [{"Node Type": "Filter", "Description": "WHERE", "Header": [{"Name": "country_code", "Type": "String"}, {"Name": "name", "Type": "String"}, {"Name": "--cn.id", "Type": "Int64"}, {"Name": "--ct.id", "Type": "Int64"}, {"Name": "--ct.kind", "Type": "String"}, {"Name": "--it.id", "Type": "Int64"}, {"Name": "--it.info", "Type": "String"}, {"Name": "--it2.id", "Type": "Int64"}, {"Name": "--it2.info", "Type": "String"}, {"Name": "--kt.id", "Type": "Int64"}, {"Name": "--kt.kind", "Type": "String"}, {"Name": "company_type_id", "Type": "Int64"}, {"Name": "company_id", "Type": "Int64"}, {"Name": "--mc.movie_id", "Type": "Int64"}, {"Name": "--mi.info_type_id", "Type": "Int64"}, {"Name": "--mi.movie_id", "Type": "Int64"}, {"Name": "movie_id", "Type": "Int64"}, {"Name": "info_type_id", "Type": "Int64"}, {"Name": "info", "Type": "String"}], "Filter Column": "and(and(and(and(and(and(and(and(and(and(and(equals(movie_id, --mc.movie_id), equals(--mi.movie_id, --mc.movie_id)), equals(--mi.movie_id, movie_id)), equals(--it.id, info_type_id)), equals(--ct.id, company_type_id)), equals(--cn.id, company_id)), equals(--it2.id, --mi.info_type_id)), equals(--kt.kind, 'movie')), equals(--it2.info, 'release dates')), equals(--it.info, 'rating')), equals(--ct.kind, 'production companies')), equals(country_code, '[us]'))", "Removes Filter": true, "Expression": {"Inputs": [{"Name": "country_code", "Type": "String"}, {"Name": "name", "Type": "String"}, {"Name": "--cn.id", "Type": "Int64"}, {"Name": "--ct.id", "Type": "Int64"}, {"Name": "--ct.kind", "Type": "String"}, {"Name": "--it.id", "Type": "Int64"}, {"Name": "--it.info", "Type": "String"}, {"Name": "--it2.id", "Type": "Int64"}, {"Name": "--it2.info", "Type": "String"}, {"Name": "--kt.id", "Type": "Int64"}, {"Name": "--kt.kind", "Type": "String"}, {"Name": "company_type_id", "Type": "Int64"}, {"Name": "company_id", "Type": "Int64"}, {"Name": "--mc.movie_id", "Type": "Int64"}, {"Name": "--mi.info_type_id", "Type": "Int64"}, {"Name": "--mi.movie_id", "Type": "Int64"}, {"Name": "movie_id", "Type": "Int64"}, {"Name": "info_type_id", "Type": "Int64"}, {"Name": "info", "Type": "String"}], "Actions": [{"Node Type": "INPUT", "Result Type": "INPUT", "Arguments": [0], "Removed Arguments": [], "Result": 0}, {"Node Type": "INPUT", "Result Type": "INPUT", "Arguments": [1], "Removed Arguments": [1], "Result": 1}, {"Node Type": "INPUT", "Result Type": "INPUT", "Arguments": [2], "Removed Arguments": [], "Result": 2}, {"Node Type": "INPUT", "Result Type": "INPUT", "Arguments": [3], "Removed Arguments": [], "Result": 3}, {"Node Type": "INPUT", "Result Type": "INPUT", "Arguments": [4], "Removed Arguments": [], "Result": 4}, {"Node Type": "INPUT", "Result Type": "INPUT", "Arguments": [5], "Removed Arguments": [], "Result": 5}, {"Node Type": "INPUT", "Result Type": "INPUT", "Arguments": [6], "Removed Arguments": [], "Result": 6}, {"Node Type": "INPUT", "Result Type": "INPUT", "Arguments": [7], "Removed Arguments": [], "Result": 7}, {"Node Type": "INPUT", "Result Type": "INPUT", "Arguments": [8], "Removed Arguments": [], "Result": 8}, {"Node Type": "INPUT", "Result Type": "INPUT", "Arguments": [9], "Removed Arguments": [9], "Result": 9}, {"Node Type": "INPUT", "Result Type": "INPUT", "Arguments": [10], "Removed Arguments": [], "Result": 10}, {"Node Type": "INPUT", "Result Type": "INPUT", "Arguments": [11], "Removed Arguments": [], "Result": 11}, {"Node Type": "INPUT", "Result Type": "INPUT", "Arguments": [12], "Removed Arguments": [], "Result": 12}, {"Node Type": "INPUT", "Result Type": "INPUT", "Arguments": [13], "Removed Arguments": [], "Result": 13}, {"Node Type": "INPUT", "Result Type": "INPUT", "Arguments": [14], "Removed Arguments": [], "Result": 14}, {"Node Type": "INPUT", "Result Type": "INPUT", "Arguments": [15], "Removed Arguments": [], "Result": 15}, {"Node Type": "INPUT", "Result Type": "INPUT", "Arguments": [16], "Removed Arguments": [], "Result": 16}, {"Node Type": "INPUT", "Result Type": "INPUT", "Arguments": [17], "Removed Arguments": [], "Result": 17}, {"Node Type": "INPUT", "Result Type": "INPUT", "Arguments": [18], "Removed Arguments": [18], "Result": 18}, {"Node Type": "COLUMN", "Result Type": "COLUMN", "Column": "Const(String)", "Arguments": [], "Removed Arguments": [], "Result": 19}, {"Node Type": "COLUMN", "Result Type": "COLUMN", "Column": "Const(String)", "Arguments": [], "Removed Arguments": [], "Result": 20}, {"Node Type": "COLUMN", "Result Type": "COLUMN", "Column": "Const(String)", "Arguments": [], "Removed Arguments": [], "Result": 21}, {"Node Type": "COLUMN", "Result Type": "COLUMN", "Column": "Const(String)", "Arguments": [], "Removed Arguments": [], "Result": 22}, {"Node Type": "COLUMN", "Result Type": "COLUMN", "Column": "Const(String)", "Arguments": [], "Removed Arguments": [], "Result": 23}, {"Node Type": "FUNCTION", "Result Type": "FUNCTION", "Function": "equals", "Compiled": false, "Arguments": [3, 11], "Removed Arguments": [], "Result": 24}, {"Node Type": "FUNCTION", "Result Type": "FUNCTION", "Function": "equals", "Compiled": false, "Arguments": [2, 12], "Removed Arguments": [], "Result": 25}, {"Node Type": "FUNCTION", "Result Type": "FUNCTION", "Function": "equals", "Compiled": false, "Arguments": [7, 14], "Removed Arguments": [], "Result": 26}, {"Node Type": "FUNCTION", "Result Type": "FUNCTION", "Function": "equals", "Compiled": false, "Arguments": [16, 13], "Removed Arguments": [], "Result": 27}, {"Node Type": "FUNCTION", "Result Type": "FUNCTION", "Function": "equals", "Compiled": false, "Arguments": [15, 16], "Removed Arguments": [], "Result": 28}, {"Node Type": "FUNCTION", "Result Type": "FUNCTION", "Function": "equals", "Compiled": false, "Arguments": [5, 17], "Removed Arguments": [], "Result": 29}, {"Node Type": "FUNCTION", "Result Type": "FUNCTION", "Function": "equals", "Compiled": false, "Arguments": [10, 19], "Removed Arguments": [19], "Result": 30}, {"Node Type": "FUNCTION", "Result Type": "FUNCTION", "Function": "equals", "Compiled": false, "Arguments": [8, 20], "Removed Arguments": [20], "Result": 19}, {"Node Type": "FUNCTION", "Result Type": "FUNCTION", "Function": "equals", "Compiled": false, "Arguments": [6, 21], "Removed Arguments": [21], "Result": 20}, {"Node Type": "FUNCTION", "Result Type": "FUNCTION", "Function": "equals", "Compiled": false, "Arguments": [4, 22], "Removed Arguments": [22], "Result": 21}, {"Node Type": "FUNCTION", "Result Type": "FUNCTION", "Function": "equals", "Compiled": false, "Arguments": [0, 23], "Removed Arguments": [23], "Result": 22}, {"Node Type": "FUNCTION", "Result Type": "FUNCTION", "Function": "and", "Compiled": false, "Arguments": [27, 28, 29, 24, 25, 26, 30, 19, 20, 21, 22], "Removed Arguments": [27, 28, 29, 24, 25, 26, 30, 19, 20, 21, 22], "Result": 23}], "Outputs": [{"Name": "country_code", "Type": "String"}, {"Name": "name", "Type": "String"}, {"Name": "--cn.id", "Type": "Int64"}, {"Name": "--ct.id", "Type": "Int64"}, {"Name": "--ct.kind", "Type": "String"}, {"Name": "--it.id", "Type": "Int64"}, {"Name": "--it.info", "Type": "String"}, {"Name": "--it2.id", "Type": "Int64"}, {"Name": "--it2.info", "Type": "String"}, {"Name": "--kt.id", "Type": "Int64"}, {"Name": "--kt.kind", "Type": "String"}, {"Name": "company_type_id", "Type": "Int64"}, {"Name": "company_id", "Type": "Int64"}, {"Name": "--mc.movie_id", "Type": "Int64"}, {"Name": "--mi.info_type_id", "Type": "Int64"}, {"Name": "--mi.movie_id", "Type": "Int64"}, {"Name": "movie_id", "Type": "Int64"}, {"Name": "info_type_id", "Type": "Int64"}, {"Name": "info", "Type": "String"}, {"Name": "and(and(and(and(and(and(and(and(and(and(and(equals(movie_id, --mc.movie_id), equals(--mi.movie_id, --mc.movie_id)), equals(--mi.movie_id, movie_id)), equals(--it.id, info_type_id)), equals(--ct.id, company_type_id)), equals(--cn.id, company_id)), equals(--it2.id, --mi.info_type_id)), equals(--kt.kind, 'movie')), equals(--it2.info, 'release dates')), equals(--it.info, 'rating')), equals(--ct.kind, 'production companies')), equals(country_code, '[us]'))", "Type": "UInt8"}], "Positions": [0, 1, 2, 3, 4, 5, 6, 7, 8, 9, 10, 11, 12, 13, 14, 15, 16, 17, 18, 23], "Project Input": true}, "Plans": [{"Node Type": "Join", "Description": "JOIN", "Header": [{"Name": "country_code", "Type": "String"}, {"Name": "name", "Type": "String"}, {"Name": "--cn.id", "Type": "Int64"}, {"Name": "--ct.id", "Type": "Int64"}, {"Name": "--ct.kind", "Type": "String"}, {"Name": "--it.id", "Type": "Int64"}, {"Name": "--it.info", "Type": "String"}, {"Name": "--it2.id", "Type": "Int64"}, {"Name": "--it2.info", "Type": "String"}, {"Name": "--kt.id", "Type": "Int64"}, {"Name": "--kt.kind", "Type": "String"}, {"Name": "company_type_id", "Type": "Int64"}, {"Name": "company_id", "Type": "Int64"}, {"Name": "--mc.movie_id", "Type": "Int64"}, {"Name": "--mi.info_type_id", "Type": "Int64"}, {"Name": "--mi.movie_id", "Type": "Int64"}, {"Name": "movie_id", "Type": "Int64"}, {"Name": "info_type_id", "Type": "Int64"}, {"Name": "info", "Type": "String"}], "Plans": [{"Node Type": "Filter", "Description": "( + (Before JOIN + (Projection + Before ORDER BY)))", "Header": [{"Name": "country_code", "Type": "String"}, {"Name": "name", "Type": "String"}, {"Name": "--cn.id", "Type": "Int64"}, {"Name": "--ct.id", "Type": "Int64"}, {"Name": "--ct.kind", "Type": "String"}, {"Name": "--it.id", "Type": "Int64"}, {"Name": "--it.info", "Type": "String"}, {"Name": "--it2.id", "Type": "Int64"}, {"Name": "--it2.info", "Type": "String"}, {"Name": "--kt.id", "Type": "Int64"}, {"Name": "--kt.kind", "Type": "String"}, {"Name": "company_type_id", "Type": "Int64"}, {"Name": "company_id", "Type": "Int64"}, {"Name": "--mc.movie_id", "Type": "Int64"}, {"Name": "--mi.info_type_id", "Type": "Int64"}, {"Name": "--mi.movie_id", "Type": "Int64"}], "Filter Column": "equals(--mi.movie_id, --mc.movie_id)", "Removes Filter": true, "Expression": {"Inputs": [{"Name": "country_code", "Type": "String"}, {"Name": "name", "Type": "String"}, {"Name": "--cn.id", "Type": "Int64"}, {"Name": "--ct.id", "Type": "Int64"}, {"Name": "--ct.kind", "Type": "String"}, {"Name": "--it.id", "Type": "Int64"}, {"Name": "--it.info", "Type": "String"}, {"Name": "--it2.id", "Type": "Int64"}, {"Name": "--it2.info", "Type": "String"}, {"Name": "--kt.id", "Type": "Int64"}, {"Name": "--kt.kind", "Type": "String"}, {"Name": "company_type_id", "Type": "Int64"}, {"Name": "company_id", "Type": "Int64"}, {"Name": "--mc.movie_id", "Type": "Int64"}, {"Name": "movie_id", "Type": "Int64"}, {"Name": "info_type_id", "Type": "Int64"}], "Actions": [{"Node Type": "INPUT", "Result Type": "INPUT", "Arguments": [0], "Removed Arguments": [0], "Result": 0}, {"Node Type": "INPUT", "Result Type": "INPUT", "Arguments": [1], "Removed Arguments": [1], "Result": 1}, {"Node Type": "INPUT", "Result Type": "INPUT", "Arguments": [2], "Removed Arguments": [2], "Result": 2}, {"Node Type": "INPUT", "Result Type": "INPUT", "Arguments": [3], "Removed Arguments": [3], "Result": 3}, {"Node Type": "INPUT", "Result Type": "INPUT", "Arguments": [4], "Removed Arguments": [4], "Result": 4}, {"Node Type": "INPUT", "Result Type": "INPUT", "Arguments": [5], "Removed Arguments": [5], "Result": 5}, {"Node Type": "INPUT", "Result Type": "INPUT", "Arguments": [6], "Removed Arguments": [6], "Result": 6}, {"Node Type": "INPUT", "Result Type": "INPUT", "Arguments": [7], "Removed Arguments": [7], "Result": 7}, {"Node Type": "INPUT", "Result Type": "INPUT", "Arguments": [8], "Removed Arguments": [8], "Result": 8}, {"Node Type": "INPUT", "Result Type": "INPUT", "Arguments": [9], "Removed Arguments": [9], "Result": 9}, {"Node Type": "INPUT", "Result Type": "INPUT", "Arguments": [10], "Removed Arguments": [10], "Result": 10}, {"Node Type": "INPUT", "Result Type": "INPUT", "Arguments": [11], "Removed Arguments": [11], "Result": 11}, {"Node Type": "INPUT", "Result Type": "INPUT", "Arguments": [12], "Removed Arguments": [12], "Result": 12}, {"Node Type": "INPUT", "Result Type": "INPUT", "Arguments": [13], "Removed Arguments": [], "Result": 13}, {"Node Type": "INPUT", "Result Type": "INPUT", "Arguments": [14], "Removed Arguments": [], "Result": 14}, {"Node Type": "INPUT", "Result Type": "INPUT", "Arguments": [15], "Removed Arguments": [], "Result": 15}, {"Node Type": "ALIAS", "Result Type": "ALIAS", "Arguments": [14], "Removed Arguments": [14], "Result": 16}, {"Node Type": "ALIAS", "Result Type": "ALIAS", "Arguments": [15], "Removed Arguments": [15], "Result": 14}, {"Node Type": "FUNCTION", "Result Type": "FUNCTION", "Function": "equals", "Compiled": false, "Arguments": [16, 13], "Removed Arguments": [], "Result": 15}], "Outputs": [{"Name": "equals(--mi.movie_id, --mc.movie_id)", "Type": "UInt8"}, {"Name": "country_code", "Type": "String"}, {"Name": "name", "Type": "String"}, {"Name": "--cn.id", "Type": "Int64"}, {"Name": "--ct.id", "Type": "Int64"}, {"Name": "--ct.kind", "Type": "String"}, {"Name": "--it.id", "Type": "Int64"}, {"Name": "--it.info", "Type": "String"}, {"Name": "--it2.id", "Type": "Int64"}, {"Name": "--it2.info", "Type": "String"}, {"Name": "--kt.id", "Type": "Int64"}, {"Name": "--kt.kind", "Type": "String"}, {"Name": "company_type_id", "Type": "Int64"}, {"Name": "company_id", "Type": "Int64"}, {"Name": "--mc.movie_id", "Type": "Int64"}, {"Name": "--mi.info_type_id", "Type": "Int64"}, {"Name": "--mi.movie_id", "Type": "Int64"}], "Positions": [15, 0, 1, 2, 3, 4, 5, 6, 7, 8, 9, 10, 11, 12, 13, 14, 16], "Project Input": true}, "Plans": [{"Node Type": "Filter", "Description": "WHERE", "Header": [{"Name": "country_code", "Type": "String"}, {"Name": "name", "Type": "String"}, {"Name": "--cn.id", "Type": "Int64"}, {"Name": "--ct.id", "Type": "Int64"}, {"Name": "--ct.kind", "Type": "String"}, {"Name": "--it.id", "Type": "Int64"}, {"Name": "--it.info", "Type": "String"}, {"Name": "--it2.id", "Type": "Int64"}, {"Name": "--it2.info", "Type": "String"}, {"Name": "--kt.id", "Type": "Int64"}, {"Name": "--kt.kind", "Type": "String"}, {"Name": "company_type_id", "Type": "Int64"}, {"Name": "company_id", "Type": "Int64"}, {"Name": "--mc.movie_id", "Type": "Int64"}, {"Name": "movie_id", "Type": "Int64"}, {"Name": "info_type_id", "Type": "Int64"}], "Filter Column": "and(and(and(and(and(and(and(and(equals(movie_id, --mc.movie_id), equals(--ct.id, company_type_id)), equals(--cn.id, company_id)), equals(--it2.id, info_type_id)), equals(--kt.kind, 'movie')), equals(--it2.info, 'release dates')), equals(--it.info, 'rating')), equals(--ct.kind, 'production companies')), equals(country_code, '[us]'))", "Removes Filter": true, "Expression": {"Inputs": [{"Name": "country_code", "Type": "String"}, {"Name": "name", "Type": "String"}, {"Name": "--cn.id", "Type": "Int64"}, {"Name": "--ct.id", "Type": "Int64"}, {"Name": "--ct.kind", "Type": "String"}, {"Name": "--it.id", "Type": "Int64"}, {"Name": "--it.info", "Type": "String"}, {"Name": "--it2.id", "Type": "Int64"}, {"Name": "--it2.info", "Type": "String"}, {"Name": "--kt.id", "Type": "Int64"}, {"Name": "--kt.kind", "Type": "String"}, {"Name": "company_type_id", "Type": "Int64"}, {"Name": "company_id", "Type": "Int64"}, {"Name": "--mc.movie_id", "Type": "Int64"}, {"Name": "movie_id", "Type": "Int64"}, {"Name": "info_type_id", "Type": "Int64"}], "Actions": [{"Node Type": "INPUT", "Result Type": "INPUT", "Arguments": [0], "Removed Arguments": [], "Result": 0}, {"Node Type": "INPUT", "Result Type": "INPUT", "Arguments": [1], "Removed Arguments": [1], "Result": 1}, {"Node Type": "INPUT", "Result Type": "INPUT", "Arguments": [2], "Removed Arguments": [], "Result": 2}, {"Node Type": "INPUT", "Result Type": "INPUT", "Arguments": [3], "Removed Arguments": [], "Result": 3}, {"Node Type": "INPUT", "Result Type": "INPUT", "Arguments": [4], "Removed Arguments": [], "Result": 4}, {"Node Type": "INPUT", "Result Type": "INPUT", "Arguments": [5], "Removed Arguments": [5], "Result": 5}, {"Node Type": "INPUT", "Result Type": "INPUT", "Arguments": [6], "Removed Arguments": [], "Result": 6}, {"Node Type": "INPUT", "Result Type": "INPUT", "Arguments": [7], "Removed Arguments": [], "Result": 7}, {"Node Type": "INPUT", "Result Type": "INPUT", "Arguments": [8], "Removed Arguments": [], "Result": 8}, {"Node Type": "INPUT", "Result Type": "INPUT", "Arguments": [9], "Removed Arguments": [9], "Result": 9}, {"Node Type": "INPUT", "Result Type": "INPUT", "Arguments": [10], "Removed Arguments": [], "Result": 10}, {"Node Type": "INPUT", "Result Type": "INPUT", "Arguments": [11], "Removed Arguments": [], "Result": 11}, {"Node Type": "INPUT", "Result Type": "INPUT", "Arguments": [12], "Removed Arguments": [], "Result": 12}, {"Node Type": "INPUT", "Result Type": "INPUT", "Arguments": [13], "Removed Arguments": [], "Result": 13}, {"Node Type": "INPUT", "Result Type": "INPUT", "Arguments": [14], "Removed Arguments": [], "Result": 14}, {"Node Type": "INPUT", "Result Type": "INPUT", "Arguments": [15], "Removed Arguments": [], "Result": 15}, {"Node Type": "COLUMN", "Result Type": "COLUMN", "Column": "Const(String)", "Arguments": [], "Removed Arguments": [], "Result": 16}, {"Node Type": "COLUMN", "Result Type": "COLUMN", "Column": "Const(String)", "Arguments": [], "Removed Arguments": [], "Result": 17}, {"Node Type": "COLUMN", "Result Type": "COLUMN", "Column": "Const(String)", "Arguments": [], "Removed Arguments": [], "Result": 18}, {"Node Type": "COLUMN", "Result Type": "COLUMN", "Column": "Const(String)", "Arguments": [], "Removed Arguments": [], "Result": 19}, {"Node Type": "COLUMN", "Result Type": "COLUMN", "Column": "Const(String)", "Arguments": [], "Removed Arguments": [], "Result": 20}, {"Node Type": "FUNCTION", "Result Type": "FUNCTION", "Function": "equals", "Compiled": false, "Arguments": [3, 11], "Removed Arguments": [], "Result": 21}, {"Node Type": "FUNCTION", "Result Type": "FUNCTION", "Function": "equals", "Compiled": false, "Arguments": [2, 12], "Removed Arguments": [], "Result": 22}, {"Node Type": "FUNCTION", "Result Type": "FUNCTION", "Function": "equals", "Compiled": false, "Arguments": [14, 13], "Removed Arguments": [], "Result": 23}, {"Node Type": "FUNCTION", "Result Type": "FUNCTION", "Function": "equals", "Compiled": false, "Arguments": [7, 15], "Removed Arguments": [], "Result": 24}, {"Node Type": "FUNCTION", "Result Type": "FUNCTION", "Function": "equals", "Compiled": false, "Arguments": [10, 16], "Removed Arguments": [16], "Result": 25}, {"Node Type": "FUNCTION", "Result Type": "FUNCTION", "Function": "equals", "Compiled": false, "Arguments": [8, 17], "Removed Arguments": [17], "Result": 16}, {"Node Type": "FUNCTION", "Result Type": "FUNCTION", "Function": "equals", "Compiled": false, "Arguments": [6, 18], "Removed Arguments": [18], "Result": 17}, {"Node Type": "FUNCTION", "Result Type": "FUNCTION", "Function": "equals", "Compiled": false, "Arguments": [4, 19], "Removed Arguments": [19], "Result": 18}, {"Node Type": "FUNCTION", "Result Type": "FUNCTION", "Function": "equals", "Compiled": false, "Arguments": [0, 20], "Removed Arguments": [20], "Result": 19}, {"Node Type": "FUNCTION", "Result Type": "FUNCTION", "Function": "and", "Compiled": false, "Arguments": [23, 21], "Removed Arguments": [23, 21], "Result": 20}, {"Node Type": "FUNCTION", "Result Type": "FUNCTION", "Function": "and", "Compiled": false, "Arguments": [20, 22], "Removed Arguments": [20, 22], "Result": 21}, {"Node Type": "FUNCTION", "Result Type": "FUNCTION", "Function": "and", "Compiled": false, "Arguments": [21, 24], "Removed Arguments": [21, 24], "Result": 22}, {"Node Type": "FUNCTION", "Result Type": "FUNCTION", "Function": "and", "Compiled": false, "Arguments": [22, 25], "Removed Arguments": [22, 25], "Result": 24}, {"Node Type": "FUNCTION", "Result Type": "FUNCTION", "Function": "and", "Compiled": false, "Arguments": [24, 16], "Removed Arguments": [24, 16], "Result": 25}, {"Node Type": "FUNCTION", "Result Type": "FUNCTION", "Function": "and", "Compiled": false, "Arguments": [25, 17], "Removed Arguments": [25, 17], "Result": 16}, {"Node Type": "FUNCTION", "Result Type": "FUNCTION", "Function": "and", "Compiled": false, "Arguments": [16, 18], "Removed Arguments": [16, 18], "Result": 17}, {"Node Type": "FUNCTION", "Result Type": "FUNCTION", "Function": "and", "Compiled": false, "Arguments": [17, 19], "Removed Arguments": [17, 19], "Result": 18}], "Outputs": [{"Name": "country_code", "Type": "String"}, {"Name": "name", "Type": "String"}, {"Name": "--cn.id", "Type": "Int64"}, {"Name": "--ct.id", "Type": "Int64"}, {"Name": "--ct.kind", "Type": "String"}, {"Name": "--it.id", "Type": "Int64"}, {"Name": "--it.info", "Type": "String"}, {"Name": "--it2.id", "Type": "Int64"}, {"Name": "--it2.info", "Type": "String"}, {"Name": "--kt.id", "Type": "Int64"}, {"Name": "--kt.kind", "Type": "String"}, {"Name": "company_type_id", "Type": "Int64"}, {"Name": "company_id", "Type": "Int64"}, {"Name": "--mc.movie_id", "Type": "Int64"}, {"Name": "movie_id", "Type": "Int64"}, {"Name": "info_type_id", "Type": "Int64"}, {"Name": "and(and(and(and(and(and(and(and(equals(movie_id, --mc.movie_id), equals(--ct.id, company_type_id)), equals(--cn.id, company_id)), equals(--it2.id, info_type_id)), equals(--kt.kind, 'movie')), equals(--it2.info, 'release dates')), equals(--it.info, 'rating')), equals(--ct.kind, 'production companies')), equals(country_code, '[us]'))", "Type": "UInt8"}], "Positions": [0, 1, 2, 3, 4, 5, 6, 7, 8, 9, 10, 11, 12, 13, 14, 15, 18], "Project Input": true}, "Plans": [{"Node Type": "Join", "Description": "JOIN", "Header": [{"Name": "country_code", "Type": "String"}, {"Name": "name", "Type": "String"}, {"Name": "--cn.id", "Type": "Int64"}, {"Name": "--ct.id", "Type": "Int64"}, {"Name": "--ct.kind", "Type": "String"}, {"Name": "--it.id", "Type": "Int64"}, {"Name": "--it.info", "Type": "String"}, {"Name": "--it2.id", "Type": "Int64"}, {"Name": "--it2.info", "Type": "String"}, {"Name": "--kt.id", "Type": "Int64"}, {"Name": "--kt.kind", "Type": "String"}, {"Name": "company_type_id", "Type": "Int64"}, {"Name": "company_id", "Type": "Int64"}, {"Name": "--mc.movie_id", "Type": "Int64"}, {"Name": "movie_id", "Type": "Int64"}, {"Name": "info_type_id", "Type": "Int64"}], "Plans": [{"Node Type": "Expression", "Description": "(Before JOIN + (Projection + Before ORDER BY))", "Header": [{"Name": "country_code", "Type": "String"}, {"Name": "name", "Type": "String"}, {"Name": "--cn.id", "Type": "Int64"}, {"Name": "--ct.id", "Type": "Int64"}, {"Name": "--ct.kind", "Type": "String"}, {"Name": "--it.id", "Type": "Int64"}, {"Name": "--it.info", "Type": "String"}, {"Name": "--it2.id", "Type": "Int64"}, {"Name": "--it2.info", "Type": "String"}, {"Name": "--kt.id", "Type": "Int64"}, {"Name": "--kt.kind", "Type": "String"}, {"Name": "company_type_id", "Type": "Int64"}, {"Name": "company_id", "Type": "Int64"}, {"Name": "--mc.movie_id", "Type": "Int64"}], "Expression": {"Inputs": [{"Name": "country_code", "Type": "String"}, {"Name": "name", "Type": "String"}, {"Name": "--cn.id", "Type": "Int64"}, {"Name": "--ct.id", "Type": "Int64"}, {"Name": "--ct.kind", "Type": "String"}, {"Name": "--it.id", "Type": "Int64"}, {"Name": "--it.info", "Type": "String"}, {"Name": "--it2.id", "Type": "Int64"}, {"Name": "--it2.info", "Type": "String"}, {"Name": "--kt.id", "Type": "Int64"}, {"Name": "--kt.kind", "Type": "String"}, {"Name": "movie_id", "Type": "Int64"}, {"Name": "company_id", "Type": "Int64"}, {"Name": "company_type_id", "Type": "Int64"}], "Actions": [{"Node Type": "INPUT", "Result Type": "INPUT", "Arguments": [0], "Removed Arguments": [0], "Result": 0}, {"Node Type": "INPUT", "Result Type": "INPUT", "Arguments": [1], "Removed Arguments": [1], "Result": 1}, {"Node Type": "INPUT", "Result Type": "INPUT", "Arguments": [2], "Removed Arguments": [2], "Result": 2}, {"Node Type": "INPUT", "Result Type": "INPUT", "Arguments": [3], "Removed Arguments": [3], "Result": 3}, {"Node Type": "INPUT", "Result Type": "INPUT", "Arguments": [4], "Removed Arguments": [4], "Result": 4}, {"Node Type": "INPUT", "Result Type": "INPUT", "Arguments": [5], "Removed Arguments": [5], "Result": 5}, {"Node Type": "INPUT", "Result Type": "INPUT", "Arguments": [6], "Removed Arguments": [6], "Result": 6}, {"Node Type": "INPUT", "Result Type": "INPUT", "Arguments": [7], "Removed Arguments": [7], "Result": 7}, {"Node Type": "INPUT", "Result Type": "INPUT", "Arguments": [8], "Removed Arguments": [8], "Result": 8}, {"Node Type": "INPUT", "Result Type": "INPUT", "Arguments": [9], "Removed Arguments": [9], "Result": 9}, {"Node Type": "INPUT", "Result Type": "INPUT", "Arguments": [10], "Removed Arguments": [10], "Result": 10}, {"Node Type": "INPUT", "Result Type": "INPUT", "Arguments": [11], "Removed Arguments": [], "Result": 11}, {"Node Type": "INPUT", "Result Type": "INPUT", "Arguments": [12], "Removed Arguments": [12], "Result": 12}, {"Node Type": "INPUT", "Result Type": "INPUT", "Arguments": [13], "Removed Arguments": [13], "Result": 13}, {"Node Type": "ALIAS", "Result Type": "ALIAS", "Arguments": [11], "Removed Arguments": [11], "Result": 14}], "Outputs": [{"Name": "country_code", "Type": "String"}, {"Name": "name", "Type": "String"}, {"Name": "--cn.id", "Type": "Int64"}, {"Name": "--ct.id", "Type": "Int64"}, {"Name": "--ct.kind", "Type": "String"}, {"Name": "--it.id", "Type": "Int64"}, {"Name": "--it.info", "Type": "String"}, {"Name": "--it2.id", "Type": "Int64"}, {"Name": "--it2.info", "Type": "String"}, {"Name": "--kt.id", "Type": "Int64"}, {"Name": "--kt.kind", "Type": "String"}, {"Name": "company_type_id", "Type": "Int64"}, {"Name": "company_id", "Type": "Int64"}, {"Name": "--mc.movie_id", "Type": "Int64"}], "Positions": [0, 1, 2, 3, 4, 5, 6, 7, 8, 9, 10, 13, 12, 14], "Project Input": true}, "Plans": [{"Node Type": "Filter", "Description": "WHERE", "Header": [{"Name": "country_code", "Type": "String"}, {"Name": "name", "Type": "String"}, {"Name": "--cn.id", "Type": "Int64"}, {"Name": "--ct.id", "Type": "Int64"}, {"Name": "--ct.kind", "Type": "String"}, {"Name": "--it.id", "Type": "Int64"}, {"Name": "--it.info", "Type": "String"}, {"Name": "--it2.id", "Type": "Int64"}, {"Name": "--it2.info", "Type": "String"}, {"Name": "--kt.id", "Type": "Int64"}, {"Name": "--kt.kind", "Type": "String"}, {"Name": "movie_id", "Type": "Int64"}, {"Name": "company_id", "Type": "Int64"}, {"Name": "company_type_id", "Type": "Int64"}], "Filter Column": "and(and(and(and(and(and(equals(--ct.id, company_type_id), equals(--cn.id, company_id)), equals(--kt.kind, 'movie')), equals(--it2.info, 'release dates')), equals(--it.info, 'rating')), equals(--ct.kind, 'production companies')), equals(country_code, '[us]'))", "Removes Filter": true, "Expression": {"Inputs": [{"Name": "country_code", "Type": "String"}, {"Name": "name", "Type": "String"}, {"Name": "--cn.id", "Type": "Int64"}, {"Name": "--ct.id", "Type": "Int64"}, {"Name": "--ct.kind", "Type": "String"}, {"Name": "--it.id", "Type": "Int64"}, {"Name": "--it.info", "Type": "String"}, {"Name": "--it2.id", "Type": "Int64"}, {"Name": "--it2.info", "Type": "String"}, {"Name": "--kt.id", "Type": "Int64"}, {"Name": "--kt.kind", "Type": "String"}, {"Name": "movie_id", "Type": "Int64"}, {"Name": "company_id", "Type": "Int64"}, {"Name": "company_type_id", "Type": "Int64"}], "Actions": [{"Node Type": "INPUT", "Result Type": "INPUT", "Arguments": [0], "Removed Arguments": [], "Result": 0}, {"Node Type": "INPUT", "Result Type": "INPUT", "Arguments": [1], "Removed Arguments": [1], "Result": 1}, {"Node Type": "INPUT", "Result Type": "INPUT", "Arguments": [2], "Removed Arguments": [], "Result": 2}, {"Node Type": "INPUT", "Result Type": "INPUT", "Arguments": [3], "Removed Arguments": [], "Result": 3}, {"Node Type": "INPUT", "Result Type": "INPUT", "Arguments": [4], "Removed Arguments": [], "Result": 4}, {"Node Type": "INPUT", "Result Type": "INPUT", "Arguments": [5], "Removed Arguments": [5], "Result": 5}, {"Node Type": "INPUT", "Result Type": "INPUT", "Arguments": [6], "Removed Arguments": [], "Result": 6}, {"Node Type": "INPUT", "Result Type": "INPUT", "Arguments": [7], "Removed Arguments": [7], "Result": 7}, {"Node Type": "INPUT", "Result Type": "INPUT", "Arguments": [8], "Removed Arguments": [], "Result": 8}, {"Node Type": "INPUT", "Result Type": "INPUT", "Arguments": [9], "Removed Arguments": [9], "Result": 9}, {"Node Type": "INPUT", "Result Type": "INPUT", "Arguments": [10], "Removed Arguments": [], "Result": 10}, {"Node Type": "INPUT", "Result Type": "INPUT", "Arguments": [11], "Removed Arguments": [11], "Result": 11}, {"Node Type": "INPUT", "Result Type": "INPUT", "Arguments": [12], "Removed Arguments": [], "Result": 12}, {"Node Type": "INPUT", "Result Type": "INPUT", "Arguments": [13], "Removed Arguments": [], "Result": 13}, {"Node Type": "COLUMN", "Result Type": "COLUMN", "Column": "Const(String)", "Arguments": [], "Removed Arguments": [], "Result": 14}, {"Node Type": "COLUMN", "Result Type": "COLUMN", "Column": "Const(String)", "Arguments": [], "Removed Arguments": [], "Result": 15}, {"Node Type": "COLUMN", "Result Type": "COLUMN", "Column": "Const(String)", "Arguments": [], "Removed Arguments": [], "Result": 16}, {"Node Type": "COLUMN", "Result Type": "COLUMN", "Column": "Const(String)", "Arguments": [], "Removed Arguments": [], "Result": 17}, {"Node Type": "COLUMN", "Result Type": "COLUMN", "Column": "Const(String)", "Arguments": [], "Removed Arguments": [], "Result": 18}, {"Node Type": "FUNCTION", "Result Type": "FUNCTION", "Function": "equals", "Compiled": false, "Arguments": [2, 12], "Removed Arguments": [], "Result": 19}, {"Node Type": "FUNCTION", "Result Type": "FUNCTION", "Function": "equals", "Compiled": false, "Arguments": [3, 13], "Removed Arguments": [], "Result": 20}, {"Node Type": "FUNCTION", "Result Type": "FUNCTION", "Function": "equals", "Compiled": false, "Arguments": [10, 14], "Removed Arguments": [14], "Result": 21}, {"Node Type": "FUNCTION", "Result Type": "FUNCTION", "Function": "equals", "Compiled": false, "Arguments": [8, 15], "Removed Arguments": [15], "Result": 14}, {"Node Type": "FUNCTION", "Result Type": "FUNCTION", "Function": "equals", "Compiled": false, "Arguments": [6, 16], "Removed Arguments": [16], "Result": 15}, {"Node Type": "FUNCTION", "Result Type": "FUNCTION", "Function": "equals", "Compiled": false, "Arguments": [4, 17], "Removed Arguments": [17], "Result": 16}, {"Node Type": "FUNCTION", "Result Type": "FUNCTION", "Function": "equals", "Compiled": false, "Arguments": [0, 18], "Removed Arguments": [18], "Result": 17}, {"Node Type": "FUNCTION", "Result Type": "FUNCTION", "Function": "and", "Compiled": false, "Arguments": [20, 19], "Removed Arguments": [20, 19], "Result": 18}, {"Node Type": "FUNCTION", "Result Type": "FUNCTION", "Function": "and", "Compiled": false, "Arguments": [18, 21], "Removed Arguments": [18, 21], "Result": 19}, {"Node Type": "FUNCTION", "Result Type": "FUNCTION", "Function": "and", "Compiled": false, "Arguments": [19, 14], "Removed Arguments": [19, 14], "Result": 21}, {"Node Type": "FUNCTION", "Result Type": "FUNCTION", "Function": "and", "Compiled": false, "Arguments": [21, 15], "Removed Arguments": [21, 15], "Result": 14}, {"Node Type": "FUNCTION", "Result Type": "FUNCTION", "Function": "and", "Compiled": false, "Arguments": [14, 16], "Removed Arguments": [14, 16], "Result": 15}, {"Node Type": "FUNCTION", "Result Type": "FUNCTION", "Function": "and", "Compiled": false, "Arguments": [15, 17], "Removed Arguments": [15, 17], "Result": 16}], "Outputs": [{"Name": "country_code", "Type": "String"}, {"Name": "name", "Type": "String"}, {"Name": "--cn.id", "Type": "Int64"}, {"Name": "--ct.id", "Type": "Int64"}, {"Name": "--ct.kind", "Type": "String"}, {"Name": "--it.id", "Type": "Int64"}, {"Name": "--it.info", "Type": "String"}, {"Name": "--it2.id", "Type": "Int64"}, {"Name": "--it2.info", "Type": "String"}, {"Name": "--kt.id", "Type": "Int64"}, {"Name": "--kt.kind", "Type": "String"}, {"Name": "movie_id", "Type": "Int64"}, {"Name": "company_id", "Type": "Int64"}, {"Name": "company_type_id", "Type": "Int64"}, {"Name": "and(and(and(and(and(and(equals(--ct.id, company_type_id), equals(--cn.id, company_id)), equals(--kt.kind, 'movie')), equals(--it2.info, 'release dates')), equals(--it.info, 'rating')), equals(--ct.kind, 'production companies')), equals(country_code, '[us]'))", "Type": "UInt8"}], "Positions": [0, 1, 2, 3, 4, 5, 6, 7, 8, 9, 10, 11, 12, 13, 16], "Project Input": true}, "Plans": [{"Node Type": "Join", "Description": "JOIN", "Header": [{"Name": "country_code", "Type": "String"}, {"Name": "name", "Type": "String"}, {"Name": "--cn.id", "Type": "Int64"}, {"Name": "--ct.id", "Type": "Int64"}, {"Name": "--ct.kind", "Type": "String"}, {"Name": "--it.id", "Type": "Int64"}, {"Name": "--it.info", "Type": "String"}, {"Name": "--it2.id", "Type": "Int64"}, {"Name": "--it2.info", "Type": "String"}, {"Name": "--kt.id", "Type": "Int64"}, {"Name": "--kt.kind", "Type": "String"}, {"Name": "movie_id", "Type": "Int64"}, {"Name": "company_id", "Type": "Int64"}, {"Name": "company_type_id", "Type": "Int64"}], "Plans": [{"Node Type": "Expression", "Description": "(Before JOIN + (Projection + Before ORDER BY))", "Header": [{"Name": "country_code", "Type": "String"}, {"Name": "name", "Type": "String"}, {"Name": "--cn.id", "Type": "Int64"}, {"Name": "--ct.id", "Type": "Int64"}, {"Name": "--ct.kind", "Type": "String"}, {"Name": "--it.id", "Type": "Int64"}, {"Name": "--it.info", "Type": "String"}, {"Name": "--it2.id", "Type": "Int64"}, {"Name": "--it2.info", "Type": "String"}, {"Name": "--kt.id", "Type": "Int64"}, {"Name": "--kt.kind", "Type": "String"}], "Expression": {"Inputs": [{"Name": "country_code", "Type": "String"}, {"Name": "name", "Type": "String"}, {"Name": "--cn.id", "Type": "Int64"}, {"Name": "--ct.id", "Type": "Int64"}, {"Name": "--ct.kind", "Type": "String"}, {"Name": "--it.id", "Type": "Int64"}, {"Name": "--it.info", "Type": "String"}, {"Name": "--it2.id", "Type": "Int64"}, {"Name": "--it2.info", "Type": "String"}, {"Name": "id", "Type": "Int64"}, {"Name": "kind", "Type": "String"}], "Actions": [{"Node Type": "INPUT", "Result Type": "INPUT", "Arguments": [0], "Removed Arguments": [0], "Result": 0}, {"Node Type": "INPUT", "Result Type": "INPUT", "Arguments": [1], "Removed Arguments": [1], "Result": 1}, {"Node Type": "INPUT", "Result Type": "INPUT", "Arguments": [2], "Removed Arguments": [2], "Result": 2}, {"Node Type": "INPUT", "Result Type": "INPUT", "Arguments": [3], "Removed Arguments": [3], "Result": 3}, {"Node Type": "INPUT", "Result Type": "INPUT", "Arguments": [4], "Removed Arguments": [4], "Result": 4}, {"Node Type": "INPUT", "Result Type": "INPUT", "Arguments": [5], "Removed Arguments": [5], "Result": 5}, {"Node Type": "INPUT", "Result Type": "INPUT", "Arguments": [6], "Removed Arguments": [6], "Result": 6}, {"Node Type": "INPUT", "Result Type": "INPUT", "Arguments": [7], "Removed Arguments": [7], "Result": 7}, {"Node Type": "INPUT", "Result Type": "INPUT", "Arguments": [8], "Removed Arguments": [8], "Result": 8}, {"Node Type": "INPUT", "Result Type": "INPUT", "Arguments": [9], "Removed Arguments": [], "Result": 9}, {"Node Type": "INPUT", "Result Type": "INPUT", "Arguments": [10], "Removed Arguments": [], "Result": 10}, {"Node Type": "ALIAS", "Result Type": "ALIAS", "Arguments": [9], "Removed Arguments": [9], "Result": 11}, {"Node Type": "ALIAS", "Result Type": "ALIAS", "Arguments": [10], "Removed Arguments": [10], "Result": 9}], "Outputs": [{"Name": "country_code", "Type": "String"}, {"Name": "name", "Type": "String"}, {"Name": "--cn.id", "Type": "Int64"}, {"Name": "--ct.id", "Type": "Int64"}, {"Name": "--ct.kind", "Type": "String"}, {"Name": "--it.id", "Type": "Int64"}, {"Name": "--it.info", "Type": "String"}, {"Name": "--it2.id", "Type": "Int64"}, {"Name": "--it2.info", "Type": "String"}, {"Name": "--kt.id", "Type": "Int64"}, {"Name": "--kt.kind", "Type": "String"}], "Positions": [0, 1, 2, 3, 4, 5, 6, 7, 8, 11, 9], "Project Input": true}, "Plans": [{"Node Type": "Filter", "Description": "WHERE", "Header": [{"Name": "country_code", "Type": "String"}, {"Name": "name", "Type": "String"}, {"Name": "--cn.id", "Type": "Int64"}, {"Name": "--ct.id", "Type": "Int64"}, {"Name": "--ct.kind", "Type": "String"}, {"Name": "--it.id", "Type": "Int64"}, {"Name": "--it.info", "Type": "String"}, {"Name": "--it2.id", "Type": "Int64"}, {"Name": "--it2.info", "Type": "String"}, {"Name": "id", "Type": "Int64"}, {"Name": "kind", "Type": "String"}], "Filter Column": "and(and(and(and(equals(kind, 'movie'), equals(--it2.info, 'release dates')), equals(--it.info, 'rating')), equals(--ct.kind, 'production companies')), equals(country_code, '[us]'))", "Removes Filter": true, "Expression": {"Inputs": [{"Name": "country_code", "Type": "String"}, {"Name": "name", "Type": "String"}, {"Name": "--cn.id", "Type": "Int64"}, {"Name": "--ct.id", "Type": "Int64"}, {"Name": "--ct.kind", "Type": "String"}, {"Name": "--it.id", "Type": "Int64"}, {"Name": "--it.info", "Type": "String"}, {"Name": "--it2.id", "Type": "Int64"}, {"Name": "--it2.info", "Type": "String"}, {"Name": "id", "Type": "Int64"}, {"Name": "kind", "Type": "String"}], "Actions": [{"Node Type": "INPUT", "Result Type": "INPUT", "Arguments": [0], "Removed Arguments": [], "Result": 0}, {"Node Type": "INPUT", "Result Type": "INPUT", "Arguments": [1], "Removed Arguments": [1], "Result": 1}, {"Node Type": "INPUT", "Result Type": "INPUT", "Arguments": [2], "Removed Arguments": [2], "Result": 2}, {"Node Type": "INPUT", "Result Type": "INPUT", "Arguments": [3], "Removed Arguments": [3], "Result": 3}, {"Node Type": "INPUT", "Result Type": "INPUT", "Arguments": [4], "Removed Arguments": [], "Result": 4}, {"Node Type": "INPUT", "Result Type": "INPUT", "Arguments": [5], "Removed Arguments": [5], "Result": 5}, {"Node Type": "INPUT", "Result Type": "INPUT", "Arguments": [6], "Removed Arguments": [], "Result": 6}, {"Node Type": "INPUT", "Result Type": "INPUT", "Arguments": [7], "Removed Arguments": [7], "Result": 7}, {"Node Type": "INPUT", "Result Type": "INPUT", "Arguments": [8], "Removed Arguments": [], "Result": 8}, {"Node Type": "INPUT", "Result Type": "INPUT", "Arguments": [9], "Removed Arguments": [9], "Result": 9}, {"Node Type": "INPUT", "Result Type": "INPUT", "Arguments": [10], "Removed Arguments": [], "Result": 10}, {"Node Type": "COLUMN", "Result Type": "COLUMN", "Column": "Const(String)", "Arguments": [], "Removed Arguments": [], "Result": 11}, {"Node Type": "COLUMN", "Result Type": "COLUMN", "Column": "Const(String)", "Arguments": [], "Removed Arguments": [], "Result": 12}, {"Node Type": "COLUMN", "Result Type": "COLUMN", "Column": "Const(String)", "Arguments": [], "Removed Arguments": [], "Result": 13}, {"Node Type": "COLUMN", "Result Type": "COLUMN", "Column": "Const(String)", "Arguments": [], "Removed Arguments": [], "Result": 14}, {"Node Type": "COLUMN", "Result Type": "COLUMN", "Column": "Const(String)", "Arguments": [], "Removed Arguments": [], "Result": 15}, {"Node Type": "FUNCTION", "Result Type": "FUNCTION", "Function": "equals", "Compiled": false, "Arguments": [10, 11], "Removed Arguments": [11], "Result": 16}, {"Node Type": "FUNCTION", "Result Type": "FUNCTION", "Function": "equals", "Compiled": false, "Arguments": [8, 12], "Removed Arguments": [12], "Result": 11}, {"Node Type": "FUNCTION", "Result Type": "FUNCTION", "Function": "equals", "Compiled": false, "Arguments": [6, 13], "Removed Arguments": [13], "Result": 12}, {"Node Type": "FUNCTION", "Result Type": "FUNCTION", "Function": "equals", "Compiled": false, "Arguments": [4, 14], "Removed Arguments": [14], "Result": 13}, {"Node Type": "FUNCTION", "Result Type": "FUNCTION", "Function": "equals", "Compiled": false, "Arguments": [0, 15], "Removed Arguments": [15], "Result": 14}, {"Node Type": "FUNCTION", "Result Type": "FUNCTION", "Function": "and", "Compiled": false, "Arguments": [16, 11], "Removed Arguments": [16, 11], "Result": 15}, {"Node Type": "FUNCTION", "Result Type": "FUNCTION", "Function": "and", "Compiled": false, "Arguments": [15, 12], "Removed Arguments": [15, 12], "Result": 11}, {"Node Type": "FUNCTION", "Result Type": "FUNCTION", "Function": "and", "Compiled": false, "Arguments": [11, 13], "Removed Arguments": [11, 13], "Result": 12}, {"Node Type": "FUNCTION", "Result Type": "FUNCTION", "Function": "and", "Compiled": false, "Arguments": [12, 14], "Removed Arguments": [12, 14], "Result": 13}], "Outputs": [{"Name": "country_code", "Type": "String"}, {"Name": "name", "Type": "String"}, {"Name": "--cn.id", "Type": "Int64"}, {"Name": "--ct.id", "Type": "Int64"}, {"Name": "--ct.kind", "Type": "String"}, {"Name": "--it.id", "Type": "Int64"}, {"Name": "--it.info", "Type": "String"}, {"Name": "--it2.id", "Type": "Int64"}, {"Name": "--it2.info", "Type": "String"}, {"Name": "id", "Type": "Int64"}, {"Name": "kind", "Type": "String"}, {"Name": "and(and(and(and(equals(kind, 'movie'), equals(--it2.info, 'release dates')), equals(--it.info, 'rating')), equals(--ct.kind, 'production companies')), equals(country_code, '[us]'))", "Type": "UInt8"}], "Positions": [0, 1, 2, 3, 4, 5, 6, 7, 8, 9, 10, 13], "Project Input": true}, "Plans": [{"Node Type": "Join", "Description": "JOIN", "Header": [{"Name": "country_code", "Type": "String"}, {"Name": "name", "Type": "String"}, {"Name": "--cn.id", "Type": "Int64"}, {"Name": "--ct.id", "Type": "Int64"}, {"Name": "--ct.kind", "Type": "String"}, {"Name": "--it.id", "Type": "Int64"}, {"Name": "--it.info", "Type": "String"}, {"Name": "--it2.id", "Type": "Int64"}, {"Name": "--it2.info", "Type": "String"}, {"Name": "id", "Type": "Int64"}, {"Name": "kind", "Type": "String"}], "Plans": [{"Node Type": "Expression", "Description": "(Before JOIN + (Projection + Before ORDER BY))", "Header": [{"Name": "country_code", "Type": "String"}, {"Name": "name", "Type": "String"}, {"Name": "--cn.id", "Type": "Int64"}, {"Name": "--ct.id", "Type": "Int64"}, {"Name": "--ct.kind", "Type": "String"}, {"Name": "--it.id", "Type": "Int64"}, {"Name": "--it.info", "Type": "String"}, {"Name": "--it2.id", "Type": "Int64"}, {"Name": "--it2.info", "Type": "String"}], "Expression": {"Inputs": [{"Name": "country_code", "Type": "String"}, {"Name": "name", "Type": "String"}, {"Name": "--cn.id", "Type": "Int64"}, {"Name": "--ct.id", "Type": "Int64"}, {"Name": "--ct.kind", "Type": "String"}, {"Name": "--it.id", "Type": "Int64"}, {"Name": "--it.info", "Type": "String"}, {"Name": "id", "Type": "Int64"}, {"Name": "info", "Type": "String"}], "Actions": [{"Node Type": "INPUT", "Result Type": "INPUT", "Arguments": [0], "Removed Arguments": [0], "Result": 0}, {"Node Type": "INPUT", "Result Type": "INPUT", "Arguments": [1], "Removed Arguments": [1], "Result": 1}, {"Node Type": "INPUT", "Result Type": "INPUT", "Arguments": [2], "Removed Arguments": [2], "Result": 2}, {"Node Type": "INPUT", "Result Type": "INPUT", "Arguments": [3], "Removed Arguments": [3], "Result": 3}, {"Node Type": "INPUT", "Result Type": "INPUT", "Arguments": [4], "Removed Arguments": [4], "Result": 4}, {"Node Type": "INPUT", "Result Type": "INPUT", "Arguments": [5], "Removed Arguments": [5], "Result": 5}, {"Node Type": "INPUT", "Result Type": "INPUT", "Arguments": [6], "Removed Arguments": [6], "Result": 6}, {"Node Type": "INPUT", "Result Type": "INPUT", "Arguments": [7], "Removed Arguments": [], "Result": 7}, {"Node Type": "INPUT", "Result Type": "INPUT", "Arguments": [8], "Removed Arguments": [], "Result": 8}, {"Node Type": "ALIAS", "Result Type": "ALIAS", "Arguments": [7], "Removed Arguments": [7], "Result": 9}, {"Node Type": "ALIAS", "Result Type": "ALIAS", "Arguments": [8], "Removed Arguments": [8], "Result": 7}], "Outputs": [{"Name": "country_code", "Type": "String"}, {"Name": "name", "Type": "String"}, {"Name": "--cn.id", "Type": "Int64"}, {"Name": "--ct.id", "Type": "Int64"}, {"Name": "--ct.kind", "Type": "String"}, {"Name": "--it.id", "Type": "Int64"}, {"Name": "--it.info", "Type": "String"}, {"Name": "--it2.id", "Type": "Int64"}, {"Name": "--it2.info", "Type": "String"}], "Positions": [0, 1, 2, 3, 4, 5, 6, 9, 7], "Project Input": true}, "Plans": [{"Node Type": "Filter", "Description": "WHERE", "Header": [{"Name": "country_code", "Type": "String"}, {"Name": "name", "Type": "String"}, {"Name": "--cn.id", "Type": "Int64"}, {"Name": "--ct.id", "Type": "Int64"}, {"Name": "--ct.kind", "Type": "String"}, {"Name": "--it.id", "Type": "Int64"}, {"Name": "--it.info", "Type": "String"}, {"Name": "id", "Type": "Int64"}, {"Name": "info", "Type": "String"}], "Filter Column": "and(and(and(equals(info, 'release dates'), equals(--it.info, 'rating')), equals(--ct.kind, 'production companies')), equals(country_code, '[us]'))", "Removes Filter": true, "Expression": {"Inputs": [{"Name": "country_code", "Type": "String"}, {"Name": "name", "Type": "String"}, {"Name": "--cn.id", "Type": "Int64"}, {"Name": "--ct.id", "Type": "Int64"}, {"Name": "--ct.kind", "Type": "String"}, {"Name": "--it.id", "Type": "Int64"}, {"Name": "--it.info", "Type": "String"}, {"Name": "id", "Type": "Int64"}, {"Name": "info", "Type": "String"}], "Actions": [{"Node Type": "INPUT", "Result Type": "INPUT", "Arguments": [0], "Removed Arguments": [], "Result": 0}, {"Node Type": "INPUT", "Result Type": "INPUT", "Arguments": [1], "Removed Arguments": [1], "Result": 1}, {"Node Type": "INPUT", "Result Type": "INPUT", "Arguments": [2], "Removed Arguments": [2], "Result": 2}, {"Node Type": "INPUT", "Result Type": "INPUT", "Arguments": [3], "Removed Arguments": [3], "Result": 3}, {"Node Type": "INPUT", "Result Type": "INPUT", "Arguments": [4], "Removed Arguments": [], "Result": 4}, {"Node Type": "INPUT", "Result Type": "INPUT", "Arguments": [5], "Removed Arguments": [5], "Result": 5}, {"Node Type": "INPUT", "Result Type": "INPUT", "Arguments": [6], "Removed Arguments": [], "Result": 6}, {"Node Type": "INPUT", "Result Type": "INPUT", "Arguments": [7], "Removed Arguments": [7], "Result": 7}, {"Node Type": "INPUT", "Result Type": "INPUT", "Arguments": [8], "Removed Arguments": [], "Result": 8}, {"Node Type": "COLUMN", "Result Type": "COLUMN", "Column": "Const(String)", "Arguments": [], "Removed Arguments": [], "Result": 9}, {"Node Type": "COLUMN", "Result Type": "COLUMN", "Column": "Const(String)", "Arguments": [], "Removed Arguments": [], "Result": 10}, {"Node Type": "COLUMN", "Result Type": "COLUMN", "Column": "Const(String)", "Arguments": [], "Removed Arguments": [], "Result": 11}, {"Node Type": "COLUMN", "Result Type": "COLUMN", "Column": "Const(String)", "Arguments": [], "Removed Arguments": [], "Result": 12}, {"Node Type": "FUNCTION", "Result Type": "FUNCTION", "Function": "equals", "Compiled": false, "Arguments": [8, 9], "Removed Arguments": [9], "Result": 13}, {"Node Type": "FUNCTION", "Result Type": "FUNCTION", "Function": "equals", "Compiled": false, "Arguments": [6, 10], "Removed Arguments": [10], "Result": 9}, {"Node Type": "FUNCTION", "Result Type": "FUNCTION", "Function": "equals", "Compiled": false, "Arguments": [4, 11], "Removed Arguments": [11], "Result": 10}, {"Node Type": "FUNCTION", "Result Type": "FUNCTION", "Function": "equals", "Compiled": false, "Arguments": [0, 12], "Removed Arguments": [12], "Result": 11}, {"Node Type": "FUNCTION", "Result Type": "FUNCTION", "Function": "and", "Compiled": false, "Arguments": [13, 9], "Removed Arguments": [13, 9], "Result": 12}, {"Node Type": "FUNCTION", "Result Type": "FUNCTION", "Function": "and", "Compiled": false, "Arguments": [12, 10], "Removed Arguments": [12, 10], "Result": 9}, {"Node Type": "FUNCTION", "Result Type": "FUNCTION", "Function": "and", "Compiled": false, "Arguments": [9, 11], "Removed Arguments": [9, 11], "Result": 10}], "Outputs": [{"Name": "country_code", "Type": "String"}, {"Name": "name", "Type": "String"}, {"Name": "--cn.id", "Type": "Int64"}, {"Name": "--ct.id", "Type": "Int64"}, {"Name": "--ct.kind", "Type": "String"}, {"Name": "--it.id", "Type": "Int64"}, {"Name": "--it.info", "Type": "String"}, {"Name": "id", "Type": "Int64"}, {"Name": "info", "Type": "String"}, {"Name": "and(and(and(equals(info, 'release dates'), equals(--it.info, 'rating')), equals(--ct.kind, 'production companies')), equals(country_code, '[us]'))", "Type": "UInt8"}], "Positions": [0, 1, 2, 3, 4, 5, 6, 7, 8, 10], "Project Input": true}, "Plans": [{"Node Type": "Join", "Description": "JOIN", "Header": [{"Name": "country_code", "Type": "String"}, {"Name": "name", "Type": "String"}, {"Name": "--cn.id", "Type": "Int64"}, {"Name": "--ct.id", "Type": "Int64"}, {"Name": "--ct.kind", "Type": "String"}, {"Name": "--it.id", "Type": "Int64"}, {"Name": "--it.info", "Type": "String"}, {"Name": "id", "Type": "Int64"}, {"Name": "info", "Type": "String"}], "Plans": [{"Node Type": "Expression", "Description": "(Before JOIN + (Projection + Before ORDER BY))", "Header": [{"Name": "country_code", "Type": "String"}, {"Name": "name", "Type": "String"}, {"Name": "--cn.id", "Type": "Int64"}, {"Name": "--ct.id", "Type": "Int64"}, {"Name": "--ct.kind", "Type": "String"}, {"Name": "--it.id", "Type": "Int64"}, {"Name": "--it.info", "Type": "String"}], "Expression": {"Inputs": [{"Name": "country_code", "Type": "String"}, {"Name": "name", "Type": "String"}, {"Name": "--cn.id", "Type": "Int64"}, {"Name": "--ct.id", "Type": "Int64"}, {"Name": "--ct.kind", "Type": "String"}, {"Name": "id", "Type": "Int64"}, {"Name": "info", "Type": "String"}], "Actions": [{"Node Type": "INPUT", "Result Type": "INPUT", "Arguments": [0], "Removed Arguments": [0], "Result": 0}, {"Node Type": "INPUT", "Result Type": "INPUT", "Arguments": [1], "Removed Arguments": [1], "Result": 1}, {"Node Type": "INPUT", "Result Type": "INPUT", "Arguments": [2], "Removed Arguments": [2], "Result": 2}, {"Node Type": "INPUT", "Result Type": "INPUT", "Arguments": [3], "Removed Arguments": [3], "Result": 3}, {"Node Type": "INPUT", "Result Type": "INPUT", "Arguments": [4], "Removed Arguments": [4], "Result": 4}, {"Node Type": "INPUT", "Result Type": "INPUT", "Arguments": [5], "Removed Arguments": [], "Result": 5}, {"Node Type": "INPUT", "Result Type": "INPUT", "Arguments": [6], "Removed Arguments": [], "Result": 6}, {"Node Type": "ALIAS", "Result Type": "ALIAS", "Arguments": [5], "Removed Arguments": [5], "Result": 7}, {"Node Type": "ALIAS", "Result Type": "ALIAS", "Arguments": [6], "Removed Arguments": [6], "Result": 5}], "Outputs": [{"Name": "country_code", "Type": "String"}, {"Name": "name", "Type": "String"}, {"Name": "--cn.id", "Type": "Int64"}, {"Name": "--ct.id", "Type": "Int64"}, {"Name": "--ct.kind", "Type": "String"}, {"Name": "--it.id", "Type": "Int64"}, {"Name": "--it.info", "Type": "String"}], "Positions": [0, 1, 2, 3, 4, 7, 5], "Project Input": true}, "Plans": [{"Node Type": "Filter", "Description": "WHERE", "Header": [{"Name": "country_code", "Type": "String"}, {"Name": "name", "Type": "String"}, {"Name": "--cn.id", "Type": "Int64"}, {"Name": "--ct.id", "Type": "Int64"}, {"Name": "--ct.kind", "Type": "String"}, {"Name": "id", "Type": "Int64"}, {"Name": "info", "Type": "String"}], "Filter Column": "and(and(equals(info, 'rating'), equals(--ct.kind, 'production companies')), equals(country_code, '[us]'))", "Removes Filter": true, "Expression": {"Inputs": [{"Name": "country_code", "Type": "String"}, {"Name": "name", "Type": "String"}, {"Name": "--cn.id", "Type": "Int64"}, {"Name": "--ct.id", "Type": "Int64"}, {"Name": "--ct.kind", "Type": "String"}, {"Name": "id", "Type": "Int64"}, {"Name": "info", "Type": "String"}], "Actions": [{"Node Type": "INPUT", "Result Type": "INPUT", "Arguments": [0], "Removed Arguments": [], "Result": 0}, {"Node Type": "INPUT", "Result Type": "INPUT", "Arguments": [1], "Removed Arguments": [1], "Result": 1}, {"Node Type": "INPUT", "Result Type": "INPUT", "Arguments": [2], "Removed Arguments": [2], "Result": 2}, {"Node Type": "INPUT", "Result Type": "INPUT", "Arguments": [3], "Removed Arguments": [3], "Result": 3}, {"Node Type": "INPUT", "Result Type": "INPUT", "Arguments": [4], "Removed Arguments": [], "Result": 4}, {"Node Type": "INPUT", "Result Type": "INPUT", "Arguments": [5], "Removed Arguments": [5], "Result": 5}, {"Node Type": "INPUT", "Result Type": "INPUT", "Arguments": [6], "Removed Arguments": [], "Result": 6}, {"Node Type": "COLUMN", "Result Type": "COLUMN", "Column": "Const(String)", "Arguments": [], "Removed Arguments": [], "Result": 7}, {"Node Type": "COLUMN", "Result Type": "COLUMN", "Column": "Const(String)", "Arguments": [], "Removed Arguments": [], "Result": 8}, {"Node Type": "COLUMN", "Result Type": "COLUMN", "Column": "Const(String)", "Arguments": [], "Removed Arguments": [], "Result": 9}, {"Node Type": "FUNCTION", "Result Type": "FUNCTION", "Function": "equals", "Compiled": false, "Arguments": [6, 7], "Removed Arguments": [7], "Result": 10}, {"Node Type": "FUNCTION", "Result Type": "FUNCTION", "Function": "equals", "Compiled": false, "Arguments": [4, 8], "Removed Arguments": [8], "Result": 7}, {"Node Type": "FUNCTION", "Result Type": "FUNCTION", "Function": "equals", "Compiled": false, "Arguments": [0, 9], "Removed Arguments": [9], "Result": 8}, {"Node Type": "FUNCTION", "Result Type": "FUNCTION", "Function": "and", "Compiled": false, "Arguments": [10, 7], "Removed Arguments": [10, 7], "Result": 9}, {"Node Type": "FUNCTION", "Result Type": "FUNCTION", "Function": "and", "Compiled": false, "Arguments": [9, 8], "Removed Arguments": [9, 8], "Result": 7}], "Outputs": [{"Name": "country_code", "Type": "String"}, {"Name": "name", "Type": "String"}, {"Name": "--cn.id", "Type": "Int64"}, {"Name": "--ct.id", "Type": "Int64"}, {"Name": "--ct.kind", "Type": "String"}, {"Name": "id", "Type": "Int64"}, {"Name": "info", "Type": "String"}, {"Name": "and(and(equals(info, 'rating'), equals(--ct.kind, 'production companies')), equals(country_code, '[us]'))", "Type": "UInt8"}], "Positions": [0, 1, 2, 3, 4, 5, 6, 7], "Project Input": true}, "Plans": [{"Node Type": "Join", "Description": "JOIN", "Header": [{"Name": "country_code", "Type": "String"}, {"Name": "name", "Type": "String"}, {"Name": "--cn.id", "Type": "Int64"}, {"Name": "--ct.id", "Type": "Int64"}, {"Name": "--ct.kind", "Type": "String"}, {"Name": "id", "Type": "Int64"}, {"Name": "info", "Type": "String"}], "Plans": [{"Node Type": "Expression", "Description": "(Before JOIN + (Projection + Before ORDER BY))", "Header": [{"Name": "country_code", "Type": "String"}, {"Name": "name", "Type": "String"}, {"Name": "--cn.id", "Type": "Int64"}, {"Name": "--ct.id", "Type": "Int64"}, {"Name": "--ct.kind", "Type": "String"}], "Expression": {"Inputs": [{"Name": "country_code", "Type": "String"}, {"Name": "id", "Type": "Int64"}, {"Name": "name", "Type": "String"}, {"Name": "ct.id", "Type": "Int64"}, {"Name": "kind", "Type": "String"}], "Actions": [{"Node Type": "INPUT", "Result Type": "INPUT", "Arguments": [0], "Removed Arguments": [0], "Result": 0}, {"Node Type": "INPUT", "Result Type": "INPUT", "Arguments": [1], "Removed Arguments": [], "Result": 1}, {"Node Type": "INPUT", "Result Type": "INPUT", "Arguments": [2], "Removed Arguments": [2], "Result": 2}, {"Node Type": "INPUT", "Result Type": "INPUT", "Arguments": [3], "Removed Arguments": [], "Result": 3}, {"Node Type": "INPUT", "Result Type": "INPUT", "Arguments": [4], "Removed Arguments": [], "Result": 4}, {"Node Type": "ALIAS", "Result Type": "ALIAS", "Arguments": [1], "Removed Arguments": [1], "Result": 5}, {"Node Type": "ALIAS", "Result Type": "ALIAS", "Arguments": [3], "Removed Arguments": [3], "Result": 1}, {"Node Type": "ALIAS", "Result Type": "ALIAS", "Arguments": [4], "Removed Arguments": [4], "Result": 3}], "Outputs": [{"Name": "country_code", "Type": "String"}, {"Name": "name", "Type": "String"}, {"Name": "--cn.id", "Type": "Int64"}, {"Name": "--ct.id", "Type": "Int64"}, {"Name": "--ct.kind", "Type": "String"}], "Positions": [0, 2, 5, 1, 3], "Project Input": true}, "Plans": [{"Node Type": "Filter", "Description": "WHERE", "Header": [{"Name": "country_code", "Type": "String"}, {"Name": "id", "Type": "Int64"}, {"Name": "name", "Type": "String"}, {"Name": "ct.id", "Type": "Int64"}, {"Name": "kind", "Type": "String"}], "Filter Column": "and(equals(country_code, '[us]'), equals(kind, 'production companies'))", "Removes Filter": true, "Expression": {"Inputs": [{"Name": "equals(country_code, '[us]')", "Type": "UInt8"}, {"Name": "country_code", "Type": "String"}, {"Name": "id", "Type": "Int64"}, {"Name": "name", "Type": "String"}, {"Name": "ct.id", "Type": "Int64"}, {"Name": "kind", "Type": "String"}], "Actions": [{"Node Type": "INPUT", "Result Type": "INPUT", "Arguments": [0], "Removed Arguments": [], "Result": 0}, {"Node Type": "INPUT", "Result Type": "INPUT", "Arguments": [1], "Removed Arguments": [1], "Result": 1}, {"Node Type": "INPUT", "Result Type": "INPUT", "Arguments": [2], "Removed Arguments": [2], "Result": 2}, {"Node Type": "INPUT", "Result Type": "INPUT", "Arguments": [3], "Removed Arguments": [3], "Result": 3}, {"Node Type": "INPUT", "Result Type": "INPUT", "Arguments": [4], "Removed Arguments": [4], "Result": 4}, {"Node Type": "INPUT", "Result Type": "INPUT", "Arguments": [5], "Removed Arguments": [], "Result": 5}, {"Node Type": "COLUMN", "Result Type": "COLUMN", "Column": "Const(String)", "Arguments": [], "Removed Arguments": [], "Result": 6}, {"Node Type": "FUNCTION", "Result Type": "FUNCTION", "Function": "equals", "Compiled": false, "Arguments": [5, 6], "Removed Arguments": [6], "Result": 7}, {"Node Type": "FUNCTION", "Result Type": "FUNCTION", "Function": "and", "Compiled": false, "Arguments": [0, 7], "Removed Arguments": [0, 7], "Result": 6}], "Outputs": [{"Name": "country_code", "Type": "String"}, {"Name": "id", "Type": "Int64"}, {"Name": "name", "Type": "String"}, {"Name": "ct.id", "Type": "Int64"}, {"Name": "kind", "Type": "String"}, {"Name": "and(equals(country_code, '[us]'), equals(kind, 'production companies'))", "Type": "UInt8"}], "Positions": [1, 2, 3, 4, 5, 6], "Project Input": true}, "Plans": [{"Node Type": "Join", "Description": "JOIN", "Header": [{"Name": "equals(country_code, '[us]')", "Type": "UInt8"}, {"Name": "country_code", "Type": "String"}, {"Name": "id", "Type": "Int64"}, {"Name": "name", "Type": "String"}, {"Name": "ct.id", "Type": "Int64"}, {"Name": "kind", "Type": "String"}], "Plans": [{"Node Type": "Expression", "Description": "Before JOIN", "Header": [{"Name": "equals(country_code, '[us]')", "Type": "UInt8"}, {"Name": "country_code", "Type": "String"}, {"Name": "id", "Type": "Int64"}, {"Name": "name", "Type": "String"}], "Expression": {"Inputs": [{"Name": "equals(country_code, '[us]')", "Type": "UInt8"}, {"Name": "country_code", "Type": "String"}, {"Name": "id", "Type": "Int64"}, {"Name": "name", "Type": "String"}], "Actions": [{"Node Type": "INPUT", "Result Type": "INPUT", "Arguments": [0], "Removed Arguments": [0], "Result": 0}, {"Node Type": "INPUT", "Result Type": "INPUT", "Arguments": [1], "Removed Arguments": [1], "Result": 1}, {"Node Type": "INPUT", "Result Type": "INPUT", "Arguments": [2], "Removed Arguments": [2], "Result": 2}, {"Node Type": "INPUT", "Result Type": "INPUT", "Arguments": [3], "Removed Arguments": [3], "Result": 3}], "Outputs": [{"Name": "equals(country_code, '[us]')", "Type": "UInt8"}, {"Name": "country_code", "Type": "String"}, {"Name": "id", "Type": "Int64"}, {"Name": "name", "Type": "String"}], "Positions": [0, 1, 2, 3], "Project Input": false}, "Plans": [{"Node Type": "SettingQuotaAndLimits", "Description": "Set limits and quota after reading from storage", "Header": [{"Name": "equals(country_code, '[us]')", "Type": "UInt8"}, {"Name": "country_code", "Type": "String"}, {"Name": "id", "Type": "Int64"}, {"Name": "name", "Type": "String"}], "Plans": [{"Node Type": "ReadFromMergeTree", "Header": [{"Name": "equals(country_code, '[us]')", "Type": "UInt8"}, {"Name": "country_code", "Type": "String"}, {"Name": "id", "Type": "Int64"}, {"Name": "name", "Type": "String"}], "Read Type": "Default", "Parts": 1, "Granules": 29}]}]}, {"Node Type": "Expression", "Description": "(Joined actions + (Rename joined columns + (Projection + Before ORDER BY)))", "Header": [{"Name": "ct.id", "Type": "Int64"}, {"Name": "kind", "Type": "String"}], "Expression": {"Inputs": [{"Name": "id", "Type": "Int64"}, {"Name": "kind", "Type": "String"}], "Actions": [{"Node Type": "INPUT", "Result Type": "INPUT", "Arguments": [0], "Removed Arguments": [], "Result": 0}, {"Node Type": "INPUT", "Result Type": "INPUT", "Arguments": [1], "Removed Arguments": [], "Result": 1}, {"Node Type": "ALIAS", "Result Type": "ALIAS", "Arguments": [0], "Removed Arguments": [0], "Result": 2}, {"Node Type": "ALIAS", "Result Type": "ALIAS", "Arguments": [1], "Removed Arguments": [1], "Result": 0}], "Outputs": [{"Name": "ct.id", "Type": "Int64"}, {"Name": "kind", "Type": "String"}], "Positions": [2, 0], "Project Input": true}, "Plans": [{"Node Type": "SettingQuotaAndLimits", "Description": "Set limits and quota after reading from storage", "Header": [{"Name": "id", "Type": "Int64"}, {"Name": "kind", "Type": "String"}], "Plans": [{"Node Type": "ReadFromMergeTree", "Header": [{"Name": "id", "Type": "Int64"}, {"Name": "kind", "Type": "String"}], "Read Type": "Default", "Parts": 1, "Granules": 1}]}]}]}]}]}, {"Node Type": "Expression", "Description": "(Joined actions + (Rename joined columns + (Projection + Before ORDER BY)))", "Header": [{"Name": "id", "Type": "Int64"}, {"Name": "info", "Type": "String"}], "Expression": {"Inputs": [{"Name": "id", "Type": "Int64"}, {"Name": "info", "Type": "String"}], "Actions": [{"Node Type": "INPUT", "Result Type": "INPUT", "Arguments": [0], "Removed Arguments": [], "Result": 0}, {"Node Type": "INPUT", "Result Type": "INPUT", "Arguments": [1], "Removed Arguments": [], "Result": 1}, {"Node Type": "ALIAS", "Result Type": "ALIAS", "Arguments": [0], "Removed Arguments": [0], "Result": 2}, {"Node Type": "ALIAS", "Result Type": "ALIAS", "Arguments": [1], "Removed Arguments": [1], "Result": 0}], "Outputs": [{"Name": "id", "Type": "Int64"}, {"Name": "info", "Type": "String"}], "Positions": [2, 0], "Project Input": true}, "Plans": [{"Node Type": "SettingQuotaAndLimits", "Description": "Set limits and quota after reading from storage", "Header": [{"Name": "id", "Type": "Int64"}, {"Name": "info", "Type": "String"}], "Plans": [{"Node Type": "ReadFromMergeTree", "Header": [{"Name": "id", "Type": "Int64"}, {"Name": "info", "Type": "String"}], "Read Type": "Default", "Parts": 1, "Granules": 1}]}]}]}]}]}, {"Node Type": "Expression", "Description": "(Joined actions + (Rename joined columns + (Projection + Before ORDER BY)))", "Header": [{"Name": "id", "Type": "Int64"}, {"Name": "info", "Type": "String"}], "Expression": {"Inputs": [{"Name": "id", "Type": "Int64"}, {"Name": "info", "Type": "String"}], "Actions": [{"Node Type": "INPUT", "Result Type": "INPUT", "Arguments": [0], "Removed Arguments": [], "Result": 0}, {"Node Type": "INPUT", "Result Type": "INPUT", "Arguments": [1], "Removed Arguments": [], "Result": 1}, {"Node Type": "ALIAS", "Result Type": "ALIAS", "Arguments": [0], "Removed Arguments": [0], "Result": 2}, {"Node Type": "ALIAS", "Result Type": "ALIAS", "Arguments": [1], "Removed Arguments": [1], "Result": 0}], "Outputs": [{"Name": "id", "Type": "Int64"}, {"Name": "info", "Type": "String"}], "Positions": [2, 0], "Project Input": true}, "Plans": [{"Node Type": "SettingQuotaAndLimits", "Description": "Set limits and quota after reading from storage", "Header": [{"Name": "id", "Type": "Int64"}, {"Name": "info", "Type": "String"}], "Plans": [{"Node Type": "ReadFromMergeTree", "Header": [{"Name": "id", "Type": "Int64"}, {"Name": "info", "Type": "String"}], "Read Type": "Default", "Parts": 1, "Granules": 1}]}]}]}]}]}, {"Node Type": "Expression", "Description": "(Joined actions + (Rename joined columns + (Projection + Before ORDER BY)))", "Header": [{"Name": "id", "Type": "Int64"}, {"Name": "kind", "Type": "String"}], "Expression": {"Inputs": [{"Name": "id", "Type": "Int64"}, {"Name": "kind", "Type": "String"}], "Actions": [{"Node Type": "INPUT", "Result Type": "INPUT", "Arguments": [0], "Removed Arguments": [], "Result": 0}, {"Node Type": "INPUT", "Result Type": "INPUT", "Arguments": [1], "Removed Arguments": [], "Result": 1}, {"Node Type": "ALIAS", "Result Type": "ALIAS", "Arguments": [0], "Removed Arguments": [0], "Result": 2}, {"Node Type": "ALIAS", "Result Type": "ALIAS", "Arguments": [1], "Removed Arguments": [1], "Result": 0}], "Outputs": [{"Name": "id", "Type": "Int64"}, {"Name": "kind", "Type": "String"}], "Positions": [2, 0], "Project Input": true}, "Plans": [{"Node Type": "SettingQuotaAndLimits", "Description": "Set limits and quota after reading from storage", "Header": [{"Name": "id", "Type": "Int64"}, {"Name": "kind", "Type": "String"}], "Plans": [{"Node Type": "ReadFromMergeTree", "Header": [{"Name": "id", "Type": "Int64"}, {"Name": "kind", "Type": "String"}], "Read Type": "Default", "Parts": 1, "Granules": 1}]}]}]}]}]}, {"Node Type": "Expression", "Description": "(Joined actions + (Rename joined columns + (Projection + Before ORDER BY)))", "Header": [{"Name": "company_id", "Type": "Int64"}, {"Name": "company_type_id", "Type": "Int64"}, {"Name": "movie_id", "Type": "Int64"}], "Expression": {"Inputs": [{"Name": "movie_id", "Type": "Int64"}, {"Name": "company_id", "Type": "Int64"}, {"Name": "company_type_id", "Type": "Int64"}], "Actions": [{"Node Type": "INPUT", "Result Type": "INPUT", "Arguments": [0], "Removed Arguments": [], "Result": 0}, {"Node Type": "INPUT", "Result Type": "INPUT", "Arguments": [1], "Removed Arguments": [], "Result": 1}, {"Node Type": "INPUT", "Result Type": "INPUT", "Arguments": [2], "Removed Arguments": [], "Result": 2}, {"Node Type": "ALIAS", "Result Type": "ALIAS", "Arguments": [0], "Removed Arguments": [0], "Result": 3}, {"Node Type": "ALIAS", "Result Type": "ALIAS", "Arguments": [1], "Removed Arguments": [1], "Result": 0}, {"Node Type": "ALIAS", "Result Type": "ALIAS", "Arguments": [2], "Removed Arguments": [2], "Result": 1}], "Outputs": [{"Name": "company_id", "Type": "Int64"}, {"Name": "company_type_id", "Type": "Int64"}, {"Name": "movie_id", "Type": "Int64"}], "Positions": [0, 1, 3], "Project Input": true}, "Plans": [{"Node Type": "SettingQuotaAndLimits", "Description": "Set limits and quota after reading from storage", "Header": [{"Name": "movie_id", "Type": "Int64"}, {"Name": "company_id", "Type": "Int64"}, {"Name": "company_type_id", "Type": "Int64"}], "Plans": [{"Node Type": "ReadFromMergeTree", "Header": [{"Name": "movie_id", "Type": "Int64"}, {"Name": "company_id", "Type": "Int64"}, {"Name": "company_type_id", "Type": "Int64"}], "Read Type": "Default", "Parts": 1, "Granules": 318}]}]}]}]}]}, {"Node Type": "Expression", "Description": "(Joined actions + (Rename joined columns + (Projection + Before ORDER BY)))", "Header": [{"Name": "movie_id", "Type": "Int64"}, {"Name": "info_type_id", "Type": "Int64"}, {"Name": "--mi.info_type_id", "Type": "Int64"}, {"Name": "--mi.movie_id", "Type": "Int64"}], "Expression": {"Inputs": [{"Name": "movie_id", "Type": "Int64"}, {"Name": "info_type_id", "Type": "Int64"}], "Actions": [{"Node Type": "INPUT", "Result Type": "INPUT", "Arguments": [0], "Removed Arguments": [], "Result": 0}, {"Node Type": "INPUT", "Result Type": "INPUT", "Arguments": [1], "Removed Arguments": [], "Result": 1}, {"Node Type": "ALIAS", "Result Type": "ALIAS", "Arguments": [0], "Removed Arguments": [0], "Result": 2}, {"Node Type": "ALIAS", "Result Type": "ALIAS", "Arguments": [1], "Removed Arguments": [1], "Result": 0}, {"Node Type": "ALIAS", "Result Type": "ALIAS", "Arguments": [2], "Removed Arguments": [], "Result": 1}, {"Node Type": "ALIAS", "Result Type": "ALIAS", "Arguments": [0], "Removed Arguments": [], "Result": 3}], "Outputs": [{"Name": "movie_id", "Type": "Int64"}, {"Name": "info_type_id", "Type": "Int64"}, {"Name": "--mi.info_type_id", "Type": "Int64"}, {"Name": "--mi.movie_id", "Type": "Int64"}], "Positions": [2, 0, 3, 1], "Project Input": true}, "Plans": [{"Node Type": "SettingQuotaAndLimits", "Description": "Set limits and quota after reading from storage", "Header": [{"Name": "movie_id", "Type": "Int64"}, {"Name": "info_type_id", "Type": "Int64"}], "Plans": [{"Node Type": "ReadFromMergeTree", "Header": [{"Name": "movie_id", "Type": "Int64"}, {"Name": "info_type_id", "Type": "Int64"}], "Read Type": "Default", "Parts": 2, "Granules": 1749}]}]}]}]}]}, {"Node Type": "Expression", "Description": "(Joined actions + (Rename joined columns + (Projection + Before ORDER BY)))", "Header": [{"Name": "movie_id", "Type": "Int64"}, {"Name": "info_type_id", "Type": "Int64"}, {"Name": "--miidx.info_type_id", "Type": "Int64"}, {"Name": "--miidx.movie_id", "Type": "Int64"}, {"Name": "info", "Type": "String"}], "Expression": {"Inputs": [{"Name": "movie_id", "Type": "Int64"}, {"Name": "info_type_id", "Type": "Int64"}, {"Name": "info", "Type": "String"}], "Actions": [{"Node Type": "INPUT", "Result Type": "INPUT", "Arguments": [0], "Removed Arguments": [], "Result": 0}, {"Node Type": "INPUT", "Result Type": "INPUT", "Arguments": [1], "Removed Arguments": [], "Result": 1}, {"Node Type": "INPUT", "Result Type": "INPUT", "Arguments": [2], "Removed Arguments": [], "Result": 2}, {"Node Type": "ALIAS", "Result Type": "ALIAS", "Arguments": [0], "Removed Arguments": [0], "Result": 3}, {"Node Type": "ALIAS", "Result Type": "ALIAS", "Arguments": [1], "Removed Arguments": [1], "Result": 0}, {"Node Type": "ALIAS", "Result Type": "ALIAS", "Arguments": [2], "Removed Arguments": [2], "Result": 1}, {"Node Type": "ALIAS", "Result Type": "ALIAS", "Arguments": [3], "Removed Arguments": [], "Result": 2}, {"Node Type": "ALIAS", "Result Type": "ALIAS", "Arguments": [0], "Removed Arguments": [], "Result": 4}], "Outputs": [{"Name": "movie_id", "Type": "Int64"}, {"Name": "info_type_id", "Type": "Int64"}, {"Name": "--miidx.info_type_id", "Type": "Int64"}, {"Name": "--miidx.movie_id", "Type": "Int64"}, {"Name": "info", "Type": "String"}], "Positions": [3, 0, 4, 2, 1], "Project Input": true}, "Plans": [{"Node Type": "SettingQuotaAndLimits", "Description": "Set limits and quota after reading from storage", "Header": [{"Name": "movie_id", "Type": "Int64"}, {"Name": "info_type_id", "Type": "Int64"}, {"Name": "info", "Type": "String"}], "Plans": [{"Node Type": "ReadFromMergeTree", "Header": [{"Name": "movie_id", "Type": "Int64"}, {"Name": "info_type_id", "Type": "Int64"}, {"Name": "info", "Type": "String"}], "Read Type": "Default", "Parts": 2, "Granules": 169}]}]}]}]}]}, {"Node Type": "Expression", "Description": "(Joined actions + (Rename joined columns + (Projection + Before ORDER BY)))", "Header": [{"Name": "id", "Type": "Int64"}, {"Name": "kind_id", "Type": "Int64"}, {"Name": "title", "Type": "String"}], "Expression": {"Inputs": [{"Name": "id", "Type": "Int64"}, {"Name": "title", "Type": "String"}, {"Name": "kind_id", "Type": "Int64"}], "Actions": [{"Node Type": "INPUT", "Result Type": "INPUT", "Arguments": [0], "Removed Arguments": [], "Result": 0}, {"Node Type": "INPUT", "Result Type": "INPUT", "Arguments": [1], "Removed Arguments": [], "Result": 1}, {"Node Type": "INPUT", "Result Type": "INPUT", "Arguments": [2], "Removed Arguments": [], "Result": 2}, {"Node Type": "ALIAS", "Result Type": "ALIAS", "Arguments": [0], "Removed Arguments": [0], "Result": 3}, {"Node Type": "ALIAS", "Result Type": "ALIAS", "Arguments": [1], "Removed Arguments": [1], "Result": 0}, {"Node Type": "ALIAS", "Result Type": "ALIAS", "Arguments": [2], "Removed Arguments": [2], "Result": 1}], "Outputs": [{"Name": "id", "Type": "Int64"}, {"Name": "kind_id", "Type": "Int64"}, {"Name": "title", "Type": "String"}], "Positions": [3, 1, 0], "Project Input": true}, "Plans": [{"Node Type": "SettingQuotaAndLimits", "Description": "Set limits and quota after reading from storage", "Header": [{"Name": "id", "Type": "Int64"}, {"Name": "title", "Type": "String"}, {"Name": "kind_id", "Type": "Int64"}], "Plans": [{"Node Type": "ReadFromMergeTree", "Header": [{"Name": "id", "Type": "Int64"}, {"Name": "title", "Type": "String"}, {"Name": "kind_id", "Type": "Int64"}], "Read Type": "Default", "Parts": 2, "Granules": 308}]}]}]}]}]}]}]}}]