[{"Plan": {"Node Type": "Expression", "Description": "(Projection + Before ORDER BY)", "Header": [{"Name": "rating", "Type": "String"}, {"Name": "western_dark_production", "Type": "String"}], "Expression": {"Inputs": [{"Name": "min(--mi_idx.info)", "Type": "String"}, {"Name": "min(title)", "Type": "String"}], "Actions": [{"Node Type": "INPUT", "Result Type": "INPUT", "Arguments": [0], "Removed Arguments": [], "Result": 0}, {"Node Type": "INPUT", "Result Type": "INPUT", "Arguments": [1], "Removed Arguments": [], "Result": 1}, {"Node Type": "ALIAS", "Result Type": "ALIAS", "Arguments": [0], "Removed Arguments": [0], "Result": 2}, {"Node Type": "ALIAS", "Result Type": "ALIAS", "Arguments": [1], "Removed Arguments": [1], "Result": 0}], "Outputs": [{"Name": "rating", "Type": "String"}, {"Name": "western_dark_production", "Type": "String"}], "Positions": [2, 0], "Project Input": true}, "Plans": [{"Node Type": "Aggregating", "Header": [{"Name": "min(--mi_idx.info)", "Type": "String"}, {"Name": "min(title)", "Type": "String"}], "Keys": [], "Aggregates": [{"Name": "min(--mi_idx.info)", "Function": {"Name": "min", "Argument Types": ["String"], "Result Type": "String"}, "Arguments": ["--mi_idx.info"], "Argument Positions": [0]}, {"Name": "min(title)", "Function": {"Name": "min", "Argument Types": ["String"], "Result Type": "String"}, "Arguments": ["title"], "Argument Positions": [1]}], "Plans": [{"Node Type": "Expression", "Description": "Before GROUP BY", "Header": [{"Name": "--mi_idx.info", "Type": "String"}, {"Name": "title", "Type": "String"}], "Expression": {"Inputs": [{"Name": "--mi_idx.info", "Type": "String"}, {"Name": "title", "Type": "String"}], "Actions": [{"Node Type": "INPUT", "Result Type": "INPUT", "Arguments": [0], "Removed Arguments": [0], "Result": 0}, {"Node Type": "INPUT", "Result Type": "INPUT", "Arguments": [1], "Removed Arguments": [1], "Result": 1}], "Outputs": [{"Name": "--mi_idx.info", "Type": "String"}, {"Name": "title", "Type": "String"}], "Positions": [0, 1], "Project Input": true}, "Plans": [{"Node Type": "Filter", "Description": "WHERE", "Header": [{"Name": "--mi_idx.info", "Type": "String"}, {"Name": "title", "Type": "String"}], "Filter Column": "and(equals(--it1.info, 'countries'), equals(--it2.info, 'rating'), in(keyword, ('murder', 'murder-in-title')), equals(kind, 'movie'), in(--mi.info, ('Sweden', 'Norway', 'Germany', 'Denmark', 'Swedish', 'Denish', 'Norwegian', 'German', 'USA', 'American')), greater(--mi_idx.info, '6.0'), greater(production_year, 2010), or(like(title, '%murder%'), like(title, '%Murder%'), like(title, '%Mord%')), equals(--kt.id, kind_id), equals(id, --mi.movie_id), equals(id, --mk.movie_id), equals(id, --mi_idx.movie_id), equals(--mk.movie_id, --mi.movie_id), equals(--mk.movie_id, --mi_idx.movie_id), equals(--mi.movie_id, --mi_idx.movie_id), equals(--k.id, keyword_id), equals(--it1.id, --mi.info_type_id), equals(--it2.id, --mi_idx.info_type_id))", "Removes Filter": true, "Expression": {"Inputs": [{"Name": "--it1.id", "Type": "Int64"}, {"Name": "--it1.info", "Type": "String"}, {"Name": "--it2.id", "Type": "Int64"}, {"Name": "--it2.info", "Type": "String"}, {"Name": "keyword", "Type": "String"}, {"Name": "--k.id", "Type": "Int64"}, {"Name": "kind", "Type": "String"}, {"Name": "--kt.id", "Type": "Int64"}, {"Name": "--mi.info_type_id", "Type": "Int64"}, {"Name": "--mi.movie_id", "Type": "Int64"}, {"Name": "--mi.info", "Type": "String"}, {"Name": "--mi_idx.info_type_id", "Type": "Int64"}, {"Name": "--mi_idx.movie_id", "Type": "Int64"}, {"Name": "--mi_idx.info", "Type": "String"}, {"Name": "keyword_id", "Type": "Int64"}, {"Name": "--mk.movie_id", "Type": "Int64"}, {"Name": "id", "Type": "Int64"}, {"Name": "title", "Type": "String"}, {"Name": "kind_id", "Type": "Int64"}, {"Name": "production_year", "Type": "Int64"}], "Actions": [{"Node Type": "INPUT", "Result Type": "INPUT", "Arguments": [0], "Removed Arguments": [], "Result": 0}, {"Node Type": "INPUT", "Result Type": "INPUT", "Arguments": [1], "Removed Arguments": [], "Result": 1}, {"Node Type": "INPUT", "Result Type": "INPUT", "Arguments": [2], "Removed Arguments": [], "Result": 2}, {"Node Type": "INPUT", "Result Type": "INPUT", "Arguments": [3], "Removed Arguments": [], "Result": 3}, {"Node Type": "INPUT", "Result Type": "INPUT", "Arguments": [4], "Removed Arguments": [], "Result": 4}, {"Node Type": "INPUT", "Result Type": "INPUT", "Arguments": [5], "Removed Arguments": [], "Result": 5}, {"Node Type": "INPUT", "Result Type": "INPUT", "Arguments": [6], "Removed Arguments": [], "Result": 6}, {"Node Type": "INPUT", "Result Type": "INPUT", "Arguments": [7], "Removed Arguments": [], "Result": 7}, {"Node Type": "INPUT", "Result Type": "INPUT", "Arguments": [8], "Removed Arguments": [], "Result": 8}, {"Node Type": "INPUT", "Result Type": "INPUT", "Arguments": [9], "Removed Arguments": [], "Result": 9}, {"Node Type": "INPUT", "Result Type": "INPUT", "Arguments": [10], "Removed Arguments": [], "Result": 10}, {"Node Type": "INPUT", "Result Type": "INPUT", "Arguments": [11], "Removed Arguments": [], "Result": 11}, {"Node Type": "INPUT", "Result Type": "INPUT", "Arguments": [12], "Removed Arguments": [], "Result": 12}, {"Node Type": "INPUT", "Result Type": "INPUT", "Arguments": [13], "Removed Arguments": [], "Result": 13}, {"Node Type": "INPUT", "Result Type": "INPUT", "Arguments": [14], "Removed Arguments": [], "Result": 14}, {"Node Type": "INPUT", "Result Type": "INPUT", "Arguments": [15], "Removed Arguments": [], "Result": 15}, {"Node Type": "INPUT", "Result Type": "INPUT", "Arguments": [16], "Removed Arguments": [], "Result": 16}, {"Node Type": "INPUT", "Result Type": "INPUT", "Arguments": [17], "Removed Arguments": [], "Result": 17}, {"Node Type": "INPUT", "Result Type": "INPUT", "Arguments": [18], "Removed Arguments": [], "Result": 18}, {"Node Type": "INPUT", "Result Type": "INPUT", "Arguments": [19], "Removed Arguments": [], "Result": 19}, {"Node Type": "COLUMN", "Result Type": "COLUMN", "Column": "Const(String)", "Arguments": [], "Removed Arguments": [], "Result": 20}, {"Node Type": "COLUMN", "Result Type": "COLUMN", "Column": "Const(String)", "Arguments": [], "Removed Arguments": [], "Result": 21}, {"Node Type": "COLUMN", "Result Type": "COLUMN", "Column": "Const(Set)", "Arguments": [], "Removed Arguments": [], "Result": 22}, {"Node Type": "COLUMN", "Result Type": "COLUMN", "Column": "Const(String)", "Arguments": [], "Removed Arguments": [], "Result": 23}, {"Node Type": "COLUMN", "Result Type": "COLUMN", "Column": "Const(Set)", "Arguments": [], "Removed Arguments": [], "Result": 24}, {"Node Type": "COLUMN", "Result Type": "COLUMN", "Column": "Const(String)", "Arguments": [], "Removed Arguments": [], "Result": 25}, {"Node Type": "COLUMN", "Result Type": "COLUMN", "Column": "Const(UInt16)", "Arguments": [], "Removed Arguments": [], "Result": 26}, {"Node Type": "COLUMN", "Result Type": "COLUMN", "Column": "Const(String)", "Arguments": [], "Removed Arguments": [], "Result": 27}, {"Node Type": "COLUMN", "Result Type": "COLUMN", "Column": "Const(String)", "Arguments": [], "Removed Arguments": [], "Result": 28}, {"Node Type": "COLUMN", "Result Type": "COLUMN", "Column": "Const(String)", "Arguments": [], "Removed Arguments": [], "Result": 29}, {"Node Type": "FUNCTION", "Result Type": "FUNCTION", "Function": "equals", "Compiled": false, "Arguments": [0, 8], "Removed Arguments": [0, 8], "Result": 30}, {"Node Type": "FUNCTION", "Result Type": "FUNCTION", "Function": "equals", "Compiled": false, "Arguments": [2, 11], "Removed Arguments": [2, 11], "Result": 8}, {"Node Type": "FUNCTION", "Result Type": "FUNCTION", "Function": "equals", "Compiled": false, "Arguments": [5, 14], "Removed Arguments": [5, 14], "Result": 11}, {"Node Type": "FUNCTION", "Result Type": "FUNCTION", "Function": "equals", "Compiled": false, "Arguments": [16, 9], "Removed Arguments": [9], "Result": 14}, {"Node Type": "FUNCTION", "Result Type": "FUNCTION", "Function": "equals", "Compiled": false, "Arguments": [16, 15], "Removed Arguments": [15], "Result": 9}, {"Node Type": "FUNCTION", "Result Type": "FUNCTION", "Function": "equals", "Compiled": false, "Arguments": [16, 12], "Removed Arguments": [16, 12], "Result": 15}, {"Node Type": "FUNCTION", "Result Type": "FUNCTION", "Function": "equals", "Compiled": false, "Arguments": [7, 18], "Removed Arguments": [7, 18], "Result": 12}, {"Node Type": "FUNCTION", "Result Type": "FUNCTION", "Function": "equals", "Compiled": false, "Arguments": [1, 20], "Removed Arguments": [1, 20], "Result": 18}, {"Node Type": "FUNCTION", "Result Type": "FUNCTION", "Function": "equals", "Compiled": false, "Arguments": [3, 21], "Removed Arguments": [3, 21], "Result": 20}, {"Node Type": "FUNCTION", "Result Type": "FUNCTION", "Function": "in", "Compiled": false, "Arguments": [4, 22], "Removed Arguments": [4, 22], "Result": 21}, {"Node Type": "FUNCTION", "Result Type": "FUNCTION", "Function": "equals", "Compiled": false, "Arguments": [6, 23], "Removed Arguments": [6, 23], "Result": 22}, {"Node Type": "FUNCTION", "Result Type": "FUNCTION", "Function": "in", "Compiled": false, "Arguments": [10, 24], "Removed Arguments": [10, 24], "Result": 23}, {"Node Type": "FUNCTION", "Result Type": "FUNCTION", "Function": "greater", "Compiled": false, "Arguments": [13, 25], "Removed Arguments": [25], "Result": 24}, {"Node Type": "FUNCTION", "Result Type": "FUNCTION", "Function": "greater", "Compiled": false, "Arguments": [19, 26], "Removed Arguments": [19, 26], "Result": 25}, {"Node Type": "FUNCTION", "Result Type": "FUNCTION", "Function": "like", "Compiled": false, "Arguments": [17, 27], "Removed Arguments": [27], "Result": 26}, {"Node Type": "FUNCTION", "Result Type": "FUNCTION", "Function": "like", "Compiled": false, "Arguments": [17, 28], "Removed Arguments": [28], "Result": 27}, {"Node Type": "FUNCTION", "Result Type": "FUNCTION", "Function": "like", "Compiled": false, "Arguments": [17, 29], "Removed Arguments": [29], "Result": 28}, {"Node Type": "FUNCTION", "Result Type": "FUNCTION", "Function": "or", "Compiled": false, "Arguments": [26, 27, 28], "Removed Arguments": [26, 27, 28], "Result": 29}, {"Node Type": "FUNCTION", "Result Type": "FUNCTION", "Function": "and", "Compiled": false, "Arguments": [18, 20, 21, 22, 23, 24, 25, 29, 12, 14, 9, 15, 11, 30, 8], "Removed Arguments": [18, 20, 21, 22, 23, 24, 25, 29, 12, 14, 9, 15, 11, 30, 8], "Result": 28}], "Outputs": [{"Name": "--mi_idx.info", "Type": "String"}, {"Name": "title", "Type": "String"}, {"Name": "and(equals(--it1.info, 'countries'), equals(--it2.info, 'rating'), in(keyword, ('murder', 'murder-in-title')), equals(kind, 'movie'), in(--mi.info, ('Sweden', 'Norway', 'Germany', 'Denmark', 'Swedish', 'Denish', 'Norwegian', 'German', 'USA', 'American')), greater(--mi_idx.info, '6.0'), greater(production_year, 2010), or(like(title, '%murder%'), like(title, '%Murder%'), like(title, '%Mord%')), equals(--kt.id, kind_id), equals(id, --mi.movie_id), equals(id, --mk.movie_id), equals(id, --mi_idx.movie_id), equals(--mk.movie_id, --mi.movie_id), equals(--mk.movie_id, --mi_idx.movie_id), equals(--mi.movie_id, --mi_idx.movie_id), equals(--k.id, keyword_id), equals(--it1.id, --mi.info_type_id), equals(--it2.id, --mi_idx.info_type_id))", "Type": "UInt8"}], "Positions": [13, 17, 28], "Project Input": true}, "Plans": [{"Node Type": "Join", "Description": "JOIN", "Header": [{"Name": "--it1.id", "Type": "Int64"}, {"Name": "--it1.info", "Type": "String"}, {"Name": "--it2.id", "Type": "Int64"}, {"Name": "--it2.info", "Type": "String"}, {"Name": "keyword", "Type": "String"}, {"Name": "--k.id", "Type": "Int64"}, {"Name": "kind", "Type": "String"}, {"Name": "--kt.id", "Type": "Int64"}, {"Name": "--mi.info_type_id", "Type": "Int64"}, {"Name": "--mi.movie_id", "Type": "Int64"}, {"Name": "--mi.info", "Type": "String"}, {"Name": "--mi_idx.info_type_id", "Type": "Int64"}, {"Name": "--mi_idx.movie_id", "Type": "Int64"}, {"Name": "--mi_idx.info", "Type": "String"}, {"Name": "keyword_id", "Type": "Int64"}, {"Name": "--mk.movie_id", "Type": "Int64"}, {"Name": "title", "Type": "String"}, {"Name": "production_year", "Type": "Int64"}, {"Name": "kind_id", "Type": "Int64"}, {"Name": "id", "Type": "Int64"}], "Plans": [{"Node Type": "Filter", "Description": "( + (Before JOIN + (Projection + Before ORDER BY)))", "Header": [{"Name": "--it1.id", "Type": "Int64"}, {"Name": "--it1.info", "Type": "String"}, {"Name": "--it2.id", "Type": "Int64"}, {"Name": "--it2.info", "Type": "String"}, {"Name": "keyword", "Type": "String"}, {"Name": "--k.id", "Type": "Int64"}, {"Name": "kind", "Type": "String"}, {"Name": "--kt.id", "Type": "Int64"}, {"Name": "--mi.info_type_id", "Type": "Int64"}, {"Name": "--mi.movie_id", "Type": "Int64"}, {"Name": "--mi.info", "Type": "String"}, {"Name": "--mi_idx.info_type_id", "Type": "Int64"}, {"Name": "--mi_idx.movie_id", "Type": "Int64"}, {"Name": "--mi_idx.info", "Type": "String"}, {"Name": "keyword_id", "Type": "Int64"}, {"Name": "--mk.movie_id", "Type": "Int64"}], "Filter Column": "and(equals(--mk.movie_id, --mi.movie_id), equals(--mk.movie_id, --mi_idx.movie_id), equals(--mi.movie_id, --mi_idx.movie_id))", "Removes Filter": true, "Expression": {"Inputs": [{"Name": "--it1.id", "Type": "Int64"}, {"Name": "--it1.info", "Type": "String"}, {"Name": "--it2.id", "Type": "Int64"}, {"Name": "--it2.info", "Type": "String"}, {"Name": "keyword", "Type": "String"}, {"Name": "--k.id", "Type": "Int64"}, {"Name": "kind", "Type": "String"}, {"Name": "--kt.id", "Type": "Int64"}, {"Name": "--mi.info_type_id", "Type": "Int64"}, {"Name": "--mi.movie_id", "Type": "Int64"}, {"Name": "--mi.info", "Type": "String"}, {"Name": "--mi_idx.info_type_id", "Type": "Int64"}, {"Name": "--mi_idx.movie_id", "Type": "Int64"}, {"Name": "--mi_idx.info", "Type": "String"}, {"Name": "movie_id", "Type": "Int64"}, {"Name": "keyword_id", "Type": "Int64"}], "Actions": [{"Node Type": "INPUT", "Result Type": "INPUT", "Arguments": [0], "Removed Arguments": [0], "Result": 0}, {"Node Type": "INPUT", "Result Type": "INPUT", "Arguments": [1], "Removed Arguments": [1], "Result": 1}, {"Node Type": "INPUT", "Result Type": "INPUT", "Arguments": [2], "Removed Arguments": [2], "Result": 2}, {"Node Type": "INPUT", "Result Type": "INPUT", "Arguments": [3], "Removed Arguments": [3], "Result": 3}, {"Node Type": "INPUT", "Result Type": "INPUT", "Arguments": [4], "Removed Arguments": [4], "Result": 4}, {"Node Type": "INPUT", "Result Type": "INPUT", "Arguments": [5], "Removed Arguments": [5], "Result": 5}, {"Node Type": "INPUT", "Result Type": "INPUT", "Arguments": [6], "Removed Arguments": [6], "Result": 6}, {"Node Type": "INPUT", "Result Type": "INPUT", "Arguments": [7], "Removed Arguments": [7], "Result": 7}, {"Node Type": "INPUT", "Result Type": "INPUT", "Arguments": [8], "Removed Arguments": [8], "Result": 8}, {"Node Type": "INPUT", "Result Type": "INPUT", "Arguments": [9], "Removed Arguments": [], "Result": 9}, {"Node Type": "INPUT", "Result Type": "INPUT", "Arguments": [10], "Removed Arguments": [10], "Result": 10}, {"Node Type": "INPUT", "Result Type": "INPUT", "Arguments": [11], "Removed Arguments": [11], "Result": 11}, {"Node Type": "INPUT", "Result Type": "INPUT", "Arguments": [12], "Removed Arguments": [], "Result": 12}, {"Node Type": "INPUT", "Result Type": "INPUT", "Arguments": [13], "Removed Arguments": [13], "Result": 13}, {"Node Type": "INPUT", "Result Type": "INPUT", "Arguments": [14], "Removed Arguments": [], "Result": 14}, {"Node Type": "INPUT", "Result Type": "INPUT", "Arguments": [15], "Removed Arguments": [15], "Result": 15}, {"Node Type": "FUNCTION", "Result Type": "FUNCTION", "Function": "equals", "Compiled": false, "Arguments": [9, 12], "Removed Arguments": [], "Result": 16}, {"Node Type": "ALIAS", "Result Type": "ALIAS", "Arguments": [14], "Removed Arguments": [14], "Result": 17}, {"Node Type": "FUNCTION", "Result Type": "FUNCTION", "Function": "equals", "Compiled": false, "Arguments": [17, 9], "Removed Arguments": [], "Result": 14}, {"Node Type": "FUNCTION", "Result Type": "FUNCTION", "Function": "equals", "Compiled": false, "Arguments": [17, 12], "Removed Arguments": [], "Result": 18}, {"Node Type": "FUNCTION", "Result Type": "FUNCTION", "Function": "and", "Compiled": false, "Arguments": [14, 18, 16], "Removed Arguments": [14, 18, 16], "Result": 19}], "Outputs": [{"Name": "and(equals(--mk.movie_id, --mi.movie_id), equals(--mk.movie_id, --mi_idx.movie_id), equals(--mi.movie_id, --mi_idx.movie_id))", "Type": "UInt8"}, {"Name": "--it1.id", "Type": "Int64"}, {"Name": "--it1.info", "Type": "String"}, {"Name": "--it2.id", "Type": "Int64"}, {"Name": "--it2.info", "Type": "String"}, {"Name": "keyword", "Type": "String"}, {"Name": "--k.id", "Type": "Int64"}, {"Name": "kind", "Type": "String"}, {"Name": "--kt.id", "Type": "Int64"}, {"Name": "--mi.info_type_id", "Type": "Int64"}, {"Name": "--mi.movie_id", "Type": "Int64"}, {"Name": "--mi.info", "Type": "String"}, {"Name": "--mi_idx.info_type_id", "Type": "Int64"}, {"Name": "--mi_idx.movie_id", "Type": "Int64"}, {"Name": "--mi_idx.info", "Type": "String"}, {"Name": "keyword_id", "Type": "Int64"}, {"Name": "--mk.movie_id", "Type": "Int64"}], "Positions": [19, 0, 1, 2, 3, 4, 5, 6, 7, 8, 9, 10, 11, 12, 13, 15, 17], "Project Input": true}, "Plans": [{"Node Type": "Filter", "Description": "WHERE", "Header": [{"Name": "--it1.id", "Type": "Int64"}, {"Name": "--it1.info", "Type": "String"}, {"Name": "--it2.id", "Type": "Int64"}, {"Name": "--it2.info", "Type": "String"}, {"Name": "keyword", "Type": "String"}, {"Name": "--k.id", "Type": "Int64"}, {"Name": "kind", "Type": "String"}, {"Name": "--kt.id", "Type": "Int64"}, {"Name": "--mi.info_type_id", "Type": "Int64"}, {"Name": "--mi.movie_id", "Type": "Int64"}, {"Name": "--mi.info", "Type": "String"}, {"Name": "--mi_idx.info_type_id", "Type": "Int64"}, {"Name": "--mi_idx.movie_id", "Type": "Int64"}, {"Name": "--mi_idx.info", "Type": "String"}, {"Name": "movie_id", "Type": "Int64"}, {"Name": "keyword_id", "Type": "Int64"}], "Filter Column": "and(and(and(and(and(and(and(and(and(and(and(equals(--it2.id, --mi_idx.info_type_id), equals(--it1.id, --mi.info_type_id)), equals(--k.id, keyword_id)), equals(--mi.movie_id, --mi_idx.movie_id)), equals(movie_id, --mi_idx.movie_id)), equals(movie_id, --mi.movie_id)), greater(--mi_idx.info, '6.0')), in(--mi.info, ('Sweden', 'Norway', 'Germany', 'Denmark', 'Swedish', 'Denish', 'Norwegian', 'German', 'USA', 'American'))), equals(kind, 'movie')), in(keyword, ('murder', 'murder-in-title'))), equals(--it2.info, 'rating')), equals(--it1.info, 'countries'))", "Removes Filter": true, "Expression": {"Inputs": [{"Name": "--it1.id", "Type": "Int64"}, {"Name": "--it1.info", "Type": "String"}, {"Name": "--it2.id", "Type": "Int64"}, {"Name": "--it2.info", "Type": "String"}, {"Name": "keyword", "Type": "String"}, {"Name": "--k.id", "Type": "Int64"}, {"Name": "kind", "Type": "String"}, {"Name": "--kt.id", "Type": "Int64"}, {"Name": "--mi.info_type_id", "Type": "Int64"}, {"Name": "--mi.movie_id", "Type": "Int64"}, {"Name": "--mi.info", "Type": "String"}, {"Name": "--mi_idx.info_type_id", "Type": "Int64"}, {"Name": "--mi_idx.movie_id", "Type": "Int64"}, {"Name": "--mi_idx.info", "Type": "String"}, {"Name": "movie_id", "Type": "Int64"}, {"Name": "keyword_id", "Type": "Int64"}], "Actions": [{"Node Type": "INPUT", "Result Type": "INPUT", "Arguments": [0], "Removed Arguments": [], "Result": 0}, {"Node Type": "INPUT", "Result Type": "INPUT", "Arguments": [1], "Removed Arguments": [], "Result": 1}, {"Node Type": "INPUT", "Result Type": "INPUT", "Arguments": [2], "Removed Arguments": [], "Result": 2}, {"Node Type": "INPUT", "Result Type": "INPUT", "Arguments": [3], "Removed Arguments": [], "Result": 3}, {"Node Type": "INPUT", "Result Type": "INPUT", "Arguments": [4], "Removed Arguments": [], "Result": 4}, {"Node Type": "INPUT", "Result Type": "INPUT", "Arguments": [5], "Removed Arguments": [], "Result": 5}, {"Node Type": "INPUT", "Result Type": "INPUT", "Arguments": [6], "Removed Arguments": [], "Result": 6}, {"Node Type": "INPUT", "Result Type": "INPUT", "Arguments": [7], "Removed Arguments": [7], "Result": 7}, {"Node Type": "INPUT", "Result Type": "INPUT", "Arguments": [8], "Removed Arguments": [], "Result": 8}, {"Node Type": "INPUT", "Result Type": "INPUT", "Arguments": [9], "Removed Arguments": [], "Result": 9}, {"Node Type": "INPUT", "Result Type": "INPUT", "Arguments": [10], "Removed Arguments": [], "Result": 10}, {"Node Type": "INPUT", "Result Type": "INPUT", "Arguments": [11], "Removed Arguments": [], "Result": 11}, {"Node Type": "INPUT", "Result Type": "INPUT", "Arguments": [12], "Removed Arguments": [], "Result": 12}, {"Node Type": "INPUT", "Result Type": "INPUT", "Arguments": [13], "Removed Arguments": [], "Result": 13}, {"Node Type": "INPUT", "Result Type": "INPUT", "Arguments": [14], "Removed Arguments": [], "Result": 14}, {"Node Type": "INPUT", "Result Type": "INPUT", "Arguments": [15], "Removed Arguments": [], "Result": 15}, {"Node Type": "COLUMN", "Result Type": "COLUMN", "Column": "Const(String)", "Arguments": [], "Removed Arguments": [], "Result": 16}, {"Node Type": "COLUMN", "Result Type": "COLUMN", "Column": "Const(Set)", "Arguments": [], "Removed Arguments": [], "Result": 17}, {"Node Type": "COLUMN", "Result Type": "COLUMN", "Column": "Const(String)", "Arguments": [], "Removed Arguments": [], "Result": 18}, {"Node Type": "COLUMN", "Result Type": "COLUMN", "Column": "Const(Set)", "Arguments": [], "Removed Arguments": [], "Result": 19}, {"Node Type": "COLUMN", "Result Type": "COLUMN", "Column": "Const(String)", "Arguments": [], "Removed Arguments": [], "Result": 20}, {"Node Type": "COLUMN", "Result Type": "COLUMN", "Column": "Const(String)", "Arguments": [], "Removed Arguments": [], "Result": 21}, {"Node Type": "FUNCTION", "Result Type": "FUNCTION", "Function": "equals", "Compiled": false, "Arguments": [0, 8], "Removed Arguments": [], "Result": 22}, {"Node Type": "FUNCTION", "Result Type": "FUNCTION", "Function": "equals", "Compiled": false, "Arguments": [2, 11], "Removed Arguments": [], "Result": 23}, {"Node Type": "FUNCTION", "Result Type": "FUNCTION", "Function": "equals", "Compiled": false, "Arguments": [14, 12], "Removed Arguments": [], "Result": 24}, {"Node Type": "FUNCTION", "Result Type": "FUNCTION", "Function": "equals", "Compiled": false, "Arguments": [14, 9], "Removed Arguments": [], "Result": 25}, {"Node Type": "FUNCTION", "Result Type": "FUNCTION", "Function": "equals", "Compiled": false, "Arguments": [5, 15], "Removed Arguments": [], "Result": 26}, {"Node Type": "FUNCTION", "Result Type": "FUNCTION", "Function": "greater", "Compiled": false, "Arguments": [13, 16], "Removed Arguments": [16], "Result": 27}, {"Node Type": "FUNCTION", "Result Type": "FUNCTION", "Function": "in", "Compiled": false, "Arguments": [10, 17], "Removed Arguments": [17], "Result": 16}, {"Node Type": "FUNCTION", "Result Type": "FUNCTION", "Function": "equals", "Compiled": false, "Arguments": [6, 18], "Removed Arguments": [18], "Result": 17}, {"Node Type": "FUNCTION", "Result Type": "FUNCTION", "Function": "in", "Compiled": false, "Arguments": [4, 19], "Removed Arguments": [19], "Result": 18}, {"Node Type": "FUNCTION", "Result Type": "FUNCTION", "Function": "equals", "Compiled": false, "Arguments": [3, 20], "Removed Arguments": [20], "Result": 19}, {"Node Type": "FUNCTION", "Result Type": "FUNCTION", "Function": "equals", "Compiled": false, "Arguments": [1, 21], "Removed Arguments": [21], "Result": 20}, {"Node Type": "FUNCTION", "Result Type": "FUNCTION", "Function": "and", "Compiled": false, "Arguments": [23, 22, 26, 24, 25, 27, 16, 17, 18, 19, 20], "Removed Arguments": [23, 22, 26, 24, 25, 27, 16, 17, 18, 19, 20], "Result": 21}], "Outputs": [{"Name": "--it1.id", "Type": "Int64"}, {"Name": "--it1.info", "Type": "String"}, {"Name": "--it2.id", "Type": "Int64"}, {"Name": "--it2.info", "Type": "String"}, {"Name": "keyword", "Type": "String"}, {"Name": "--k.id", "Type": "Int64"}, {"Name": "kind", "Type": "String"}, {"Name": "--kt.id", "Type": "Int64"}, {"Name": "--mi.info_type_id", "Type": "Int64"}, {"Name": "--mi.movie_id", "Type": "Int64"}, {"Name": "--mi.info", "Type": "String"}, {"Name": "--mi_idx.info_type_id", "Type": "Int64"}, {"Name": "--mi_idx.movie_id", "Type": "Int64"}, {"Name": "--mi_idx.info", "Type": "String"}, {"Name": "movie_id", "Type": "Int64"}, {"Name": "keyword_id", "Type": "Int64"}, {"Name": "and(and(and(and(and(and(and(and(and(and(and(equals(--it2.id, --mi_idx.info_type_id), equals(--it1.id, --mi.info_type_id)), equals(--k.id, keyword_id)), equals(--mi.movie_id, --mi_idx.movie_id)), equals(movie_id, --mi_idx.movie_id)), equals(movie_id, --mi.movie_id)), greater(--mi_idx.info, '6.0')), in(--mi.info, ('Sweden', 'Norway', 'Germany', 'Denmark', 'Swedish', 'Denish', 'Norwegian', 'German', 'USA', 'American'))), equals(kind, 'movie')), in(keyword, ('murder', 'murder-in-title'))), equals(--it2.info, 'rating')), equals(--it1.info, 'countries'))", "Type": "UInt8"}], "Positions": [0, 1, 2, 3, 4, 5, 6, 7, 8, 9, 10, 11, 12, 13, 14, 15, 21], "Project Input": true}, "Plans": [{"Node Type": "Join", "Description": "JOIN", "Header": [{"Name": "--it1.id", "Type": "Int64"}, {"Name": "--it1.info", "Type": "String"}, {"Name": "--it2.id", "Type": "Int64"}, {"Name": "--it2.info", "Type": "String"}, {"Name": "keyword", "Type": "String"}, {"Name": "--k.id", "Type": "Int64"}, {"Name": "kind", "Type": "String"}, {"Name": "--kt.id", "Type": "Int64"}, {"Name": "--mi.info_type_id", "Type": "Int64"}, {"Name": "--mi.movie_id", "Type": "Int64"}, {"Name": "--mi.info", "Type": "String"}, {"Name": "--mi_idx.info_type_id", "Type": "Int64"}, {"Name": "--mi_idx.movie_id", "Type": "Int64"}, {"Name": "--mi_idx.info", "Type": "String"}, {"Name": "movie_id", "Type": "Int64"}, {"Name": "keyword_id", "Type": "Int64"}], "Plans": [{"Node Type": "Filter", "Description": "( + (Before JOIN + (Projection + Before ORDER BY)))", "Header": [{"Name": "--it1.id", "Type": "Int64"}, {"Name": "--it1.info", "Type": "String"}, {"Name": "--it2.id", "Type": "Int64"}, {"Name": "--it2.info", "Type": "String"}, {"Name": "keyword", "Type": "String"}, {"Name": "--k.id", "Type": "Int64"}, {"Name": "kind", "Type": "String"}, {"Name": "--kt.id", "Type": "Int64"}, {"Name": "--mi.info_type_id", "Type": "Int64"}, {"Name": "--mi.movie_id", "Type": "Int64"}, {"Name": "--mi.info", "Type": "String"}, {"Name": "--mi_idx.info_type_id", "Type": "Int64"}, {"Name": "--mi_idx.movie_id", "Type": "Int64"}, {"Name": "--mi_idx.info", "Type": "String"}], "Filter Column": "equals(--mi.movie_id, --mi_idx.movie_id)", "Removes Filter": true, "Expression": {"Inputs": [{"Name": "--it1.id", "Type": "Int64"}, {"Name": "--it1.info", "Type": "String"}, {"Name": "--it2.id", "Type": "Int64"}, {"Name": "--it2.info", "Type": "String"}, {"Name": "keyword", "Type": "String"}, {"Name": "--k.id", "Type": "Int64"}, {"Name": "kind", "Type": "String"}, {"Name": "--kt.id", "Type": "Int64"}, {"Name": "--mi.info_type_id", "Type": "Int64"}, {"Name": "--mi.movie_id", "Type": "Int64"}, {"Name": "--mi.info", "Type": "String"}, {"Name": "movie_id", "Type": "Int64"}, {"Name": "info_type_id", "Type": "Int64"}, {"Name": "info", "Type": "String"}], "Actions": [{"Node Type": "INPUT", "Result Type": "INPUT", "Arguments": [0], "Removed Arguments": [0], "Result": 0}, {"Node Type": "INPUT", "Result Type": "INPUT", "Arguments": [1], "Removed Arguments": [1], "Result": 1}, {"Node Type": "INPUT", "Result Type": "INPUT", "Arguments": [2], "Removed Arguments": [2], "Result": 2}, {"Node Type": "INPUT", "Result Type": "INPUT", "Arguments": [3], "Removed Arguments": [3], "Result": 3}, {"Node Type": "INPUT", "Result Type": "INPUT", "Arguments": [4], "Removed Arguments": [4], "Result": 4}, {"Node Type": "INPUT", "Result Type": "INPUT", "Arguments": [5], "Removed Arguments": [5], "Result": 5}, {"Node Type": "INPUT", "Result Type": "INPUT", "Arguments": [6], "Removed Arguments": [6], "Result": 6}, {"Node Type": "INPUT", "Result Type": "INPUT", "Arguments": [7], "Removed Arguments": [7], "Result": 7}, {"Node Type": "INPUT", "Result Type": "INPUT", "Arguments": [8], "Removed Arguments": [8], "Result": 8}, {"Node Type": "INPUT", "Result Type": "INPUT", "Arguments": [9], "Removed Arguments": [], "Result": 9}, {"Node Type": "INPUT", "Result Type": "INPUT", "Arguments": [10], "Removed Arguments": [10], "Result": 10}, {"Node Type": "INPUT", "Result Type": "INPUT", "Arguments": [11], "Removed Arguments": [], "Result": 11}, {"Node Type": "INPUT", "Result Type": "INPUT", "Arguments": [12], "Removed Arguments": [], "Result": 12}, {"Node Type": "INPUT", "Result Type": "INPUT", "Arguments": [13], "Removed Arguments": [], "Result": 13}, {"Node Type": "ALIAS", "Result Type": "ALIAS", "Arguments": [11], "Removed Arguments": [11], "Result": 14}, {"Node Type": "ALIAS", "Result Type": "ALIAS", "Arguments": [12], "Removed Arguments": [12], "Result": 11}, {"Node Type": "ALIAS", "Result Type": "ALIAS", "Arguments": [13], "Removed Arguments": [13], "Result": 12}, {"Node Type": "FUNCTION", "Result Type": "FUNCTION", "Function": "equals", "Compiled": false, "Arguments": [9, 14], "Removed Arguments": [], "Result": 13}], "Outputs": [{"Name": "equals(--mi.movie_id, --mi_idx.movie_id)", "Type": "UInt8"}, {"Name": "--it1.id", "Type": "Int64"}, {"Name": "--it1.info", "Type": "String"}, {"Name": "--it2.id", "Type": "Int64"}, {"Name": "--it2.info", "Type": "String"}, {"Name": "keyword", "Type": "String"}, {"Name": "--k.id", "Type": "Int64"}, {"Name": "kind", "Type": "String"}, {"Name": "--kt.id", "Type": "Int64"}, {"Name": "--mi.info_type_id", "Type": "Int64"}, {"Name": "--mi.movie_id", "Type": "Int64"}, {"Name": "--mi.info", "Type": "String"}, {"Name": "--mi_idx.info_type_id", "Type": "Int64"}, {"Name": "--mi_idx.movie_id", "Type": "Int64"}, {"Name": "--mi_idx.info", "Type": "String"}], "Positions": [13, 0, 1, 2, 3, 4, 5, 6, 7, 8, 9, 10, 11, 14, 12], "Project Input": true}, "Plans": [{"Node Type": "Filter", "Description": "WHERE", "Header": [{"Name": "--it1.id", "Type": "Int64"}, {"Name": "--it1.info", "Type": "String"}, {"Name": "--it2.id", "Type": "Int64"}, {"Name": "--it2.info", "Type": "String"}, {"Name": "keyword", "Type": "String"}, {"Name": "--k.id", "Type": "Int64"}, {"Name": "kind", "Type": "String"}, {"Name": "--kt.id", "Type": "Int64"}, {"Name": "--mi.info_type_id", "Type": "Int64"}, {"Name": "--mi.movie_id", "Type": "Int64"}, {"Name": "--mi.info", "Type": "String"}, {"Name": "movie_id", "Type": "Int64"}, {"Name": "info_type_id", "Type": "Int64"}, {"Name": "info", "Type": "String"}], "Filter Column": "and(and(and(and(and(and(and(and(equals(--it1.id, --mi.info_type_id), equals(--it2.id, info_type_id)), equals(--mi.movie_id, movie_id)), greater(info, '6.0')), in(--mi.info, ('Sweden', 'Norway', 'Germany', 'Denmark', 'Swedish', 'Denish', 'Norwegian', 'German', 'USA', 'American'))), equals(kind, 'movie')), in(keyword, ('murder', 'murder-in-title'))), equals(--it2.info, 'rating')), equals(--it1.info, 'countries'))", "Removes Filter": true, "Expression": {"Inputs": [{"Name": "--it1.id", "Type": "Int64"}, {"Name": "--it1.info", "Type": "String"}, {"Name": "--it2.id", "Type": "Int64"}, {"Name": "--it2.info", "Type": "String"}, {"Name": "keyword", "Type": "String"}, {"Name": "--k.id", "Type": "Int64"}, {"Name": "kind", "Type": "String"}, {"Name": "--kt.id", "Type": "Int64"}, {"Name": "--mi.info_type_id", "Type": "Int64"}, {"Name": "--mi.movie_id", "Type": "Int64"}, {"Name": "--mi.info", "Type": "String"}, {"Name": "movie_id", "Type": "Int64"}, {"Name": "info_type_id", "Type": "Int64"}, {"Name": "info", "Type": "String"}], "Actions": [{"Node Type": "INPUT", "Result Type": "INPUT", "Arguments": [0], "Removed Arguments": [], "Result": 0}, {"Node Type": "INPUT", "Result Type": "INPUT", "Arguments": [1], "Removed Arguments": [], "Result": 1}, {"Node Type": "INPUT", "Result Type": "INPUT", "Arguments": [2], "Removed Arguments": [], "Result": 2}, {"Node Type": "INPUT", "Result Type": "INPUT", "Arguments": [3], "Removed Arguments": [], "Result": 3}, {"Node Type": "INPUT", "Result Type": "INPUT", "Arguments": [4], "Removed Arguments": [], "Result": 4}, {"Node Type": "INPUT", "Result Type": "INPUT", "Arguments": [5], "Removed Arguments": [5], "Result": 5}, {"Node Type": "INPUT", "Result Type": "INPUT", "Arguments": [6], "Removed Arguments": [], "Result": 6}, {"Node Type": "INPUT", "Result Type": "INPUT", "Arguments": [7], "Removed Arguments": [7], "Result": 7}, {"Node Type": "INPUT", "Result Type": "INPUT", "Arguments": [8], "Removed Arguments": [], "Result": 8}, {"Node Type": "INPUT", "Result Type": "INPUT", "Arguments": [9], "Removed Arguments": [], "Result": 9}, {"Node Type": "INPUT", "Result Type": "INPUT", "Arguments": [10], "Removed Arguments": [], "Result": 10}, {"Node Type": "INPUT", "Result Type": "INPUT", "Arguments": [11], "Removed Arguments": [], "Result": 11}, {"Node Type": "INPUT", "Result Type": "INPUT", "Arguments": [12], "Removed Arguments": [], "Result": 12}, {"Node Type": "INPUT", "Result Type": "INPUT", "Arguments": [13], "Removed Arguments": [], "Result": 13}, {"Node Type": "COLUMN", "Result Type": "COLUMN", "Column": "Const(String)", "Arguments": [], "Removed Arguments": [], "Result": 14}, {"Node Type": "COLUMN", "Result Type": "COLUMN", "Column": "Const(Set)", "Arguments": [], "Removed Arguments": [], "Result": 15}, {"Node Type": "COLUMN", "Result Type": "COLUMN", "Column": "Const(String)", "Arguments": [], "Removed Arguments": [], "Result": 16}, {"Node Type": "COLUMN", "Result Type": "COLUMN", "Column": "Const(Set)", "Arguments": [], "Removed Arguments": [], "Result": 17}, {"Node Type": "COLUMN", "Result Type": "COLUMN", "Column": "Const(String)", "Arguments": [], "Removed Arguments": [], "Result": 18}, {"Node Type": "COLUMN", "Result Type": "COLUMN", "Column": "Const(String)", "Arguments": [], "Removed Arguments": [], "Result": 19}, {"Node Type": "FUNCTION", "Result Type": "FUNCTION", "Function": "equals", "Compiled": false, "Arguments": [0, 8], "Removed Arguments": [], "Result": 20}, {"Node Type": "FUNCTION", "Result Type": "FUNCTION", "Function": "equals", "Compiled": false, "Arguments": [9, 11], "Removed Arguments": [], "Result": 21}, {"Node Type": "FUNCTION", "Result Type": "FUNCTION", "Function": "equals", "Compiled": false, "Arguments": [2, 12], "Removed Arguments": [], "Result": 22}, {"Node Type": "FUNCTION", "Result Type": "FUNCTION", "Function": "greater", "Compiled": false, "Arguments": [13, 14], "Removed Arguments": [14], "Result": 23}, {"Node Type": "FUNCTION", "Result Type": "FUNCTION", "Function": "in", "Compiled": false, "Arguments": [10, 15], "Removed Arguments": [15], "Result": 14}, {"Node Type": "FUNCTION", "Result Type": "FUNCTION", "Function": "equals", "Compiled": false, "Arguments": [6, 16], "Removed Arguments": [16], "Result": 15}, {"Node Type": "FUNCTION", "Result Type": "FUNCTION", "Function": "in", "Compiled": false, "Arguments": [4, 17], "Removed Arguments": [17], "Result": 16}, {"Node Type": "FUNCTION", "Result Type": "FUNCTION", "Function": "equals", "Compiled": false, "Arguments": [3, 18], "Removed Arguments": [18], "Result": 17}, {"Node Type": "FUNCTION", "Result Type": "FUNCTION", "Function": "equals", "Compiled": false, "Arguments": [1, 19], "Removed Arguments": [19], "Result": 18}, {"Node Type": "FUNCTION", "Result Type": "FUNCTION", "Function": "and", "Compiled": false, "Arguments": [20, 22], "Removed Arguments": [20, 22], "Result": 19}, {"Node Type": "FUNCTION", "Result Type": "FUNCTION", "Function": "and", "Compiled": false, "Arguments": [19, 21], "Removed Arguments": [19, 21], "Result": 22}, {"Node Type": "FUNCTION", "Result Type": "FUNCTION", "Function": "and", "Compiled": false, "Arguments": [22, 23], "Removed Arguments": [22, 23], "Result": 21}, {"Node Type": "FUNCTION", "Result Type": "FUNCTION", "Function": "and", "Compiled": false, "Arguments": [21, 14], "Removed Arguments": [21, 14], "Result": 23}, {"Node Type": "FUNCTION", "Result Type": "FUNCTION", "Function": "and", "Compiled": false, "Arguments": [23, 15], "Removed Arguments": [23, 15], "Result": 14}, {"Node Type": "FUNCTION", "Result Type": "FUNCTION", "Function": "and", "Compiled": false, "Arguments": [14, 16], "Removed Arguments": [14, 16], "Result": 15}, {"Node Type": "FUNCTION", "Result Type": "FUNCTION", "Function": "and", "Compiled": false, "Arguments": [15, 17], "Removed Arguments": [15, 17], "Result": 16}, {"Node Type": "FUNCTION", "Result Type": "FUNCTION", "Function": "and", "Compiled": false, "Arguments": [16, 18], "Removed Arguments": [16, 18], "Result": 17}], "Outputs": [{"Name": "--it1.id", "Type": "Int64"}, {"Name": "--it1.info", "Type": "String"}, {"Name": "--it2.id", "Type": "Int64"}, {"Name": "--it2.info", "Type": "String"}, {"Name": "keyword", "Type": "String"}, {"Name": "--k.id", "Type": "Int64"}, {"Name": "kind", "Type": "String"}, {"Name": "--kt.id", "Type": "Int64"}, {"Name": "--mi.info_type_id", "Type": "Int64"}, {"Name": "--mi.movie_id", "Type": "Int64"}, {"Name": "--mi.info", "Type": "String"}, {"Name": "movie_id", "Type": "Int64"}, {"Name": "info_type_id", "Type": "Int64"}, {"Name": "info", "Type": "String"}, {"Name": "and(and(and(and(and(and(and(and(equals(--it1.id, --mi.info_type_id), equals(--it2.id, info_type_id)), equals(--mi.movie_id, movie_id)), greater(info, '6.0')), in(--mi.info, ('Sweden', 'Norway', 'Germany', 'Denmark', 'Swedish', 'Denish', 'Norwegian', 'German', 'USA', 'American'))), equals(kind, 'movie')), in(keyword, ('murder', 'murder-in-title'))), equals(--it2.info, 'rating')), equals(--it1.info, 'countries'))", "Type": "UInt8"}], "Positions": [0, 1, 2, 3, 4, 5, 6, 7, 8, 9, 10, 11, 12, 13, 17], "Project Input": true}, "Plans": [{"Node Type": "Join", "Description": "JOIN", "Header": [{"Name": "--it1.id", "Type": "Int64"}, {"Name": "--it1.info", "Type": "String"}, {"Name": "--it2.id", "Type": "Int64"}, {"Name": "--it2.info", "Type": "String"}, {"Name": "keyword", "Type": "String"}, {"Name": "--k.id", "Type": "Int64"}, {"Name": "kind", "Type": "String"}, {"Name": "--kt.id", "Type": "Int64"}, {"Name": "--mi.info_type_id", "Type": "Int64"}, {"Name": "--mi.movie_id", "Type": "Int64"}, {"Name": "--mi.info", "Type": "String"}, {"Name": "movie_id", "Type": "Int64"}, {"Name": "info_type_id", "Type": "Int64"}, {"Name": "info", "Type": "String"}], "Plans": [{"Node Type": "Expression", "Description": "(Before JOIN + (Projection + Before ORDER BY))", "Header": [{"Name": "--it1.id", "Type": "Int64"}, {"Name": "--it1.info", "Type": "String"}, {"Name": "--it2.id", "Type": "Int64"}, {"Name": "--it2.info", "Type": "String"}, {"Name": "keyword", "Type": "String"}, {"Name": "--k.id", "Type": "Int64"}, {"Name": "kind", "Type": "String"}, {"Name": "--kt.id", "Type": "Int64"}, {"Name": "--mi.info_type_id", "Type": "Int64"}, {"Name": "--mi.movie_id", "Type": "Int64"}, {"Name": "--mi.info", "Type": "String"}], "Expression": {"Inputs": [{"Name": "--it1.id", "Type": "Int64"}, {"Name": "--it1.info", "Type": "String"}, {"Name": "--it2.id", "Type": "Int64"}, {"Name": "--it2.info", "Type": "String"}, {"Name": "keyword", "Type": "String"}, {"Name": "--k.id", "Type": "Int64"}, {"Name": "kind", "Type": "String"}, {"Name": "--kt.id", "Type": "Int64"}, {"Name": "movie_id", "Type": "Int64"}, {"Name": "info_type_id", "Type": "Int64"}, {"Name": "info", "Type": "String"}], "Actions": [{"Node Type": "INPUT", "Result Type": "INPUT", "Arguments": [0], "Removed Arguments": [0], "Result": 0}, {"Node Type": "INPUT", "Result Type": "INPUT", "Arguments": [1], "Removed Arguments": [1], "Result": 1}, {"Node Type": "INPUT", "Result Type": "INPUT", "Arguments": [2], "Removed Arguments": [2], "Result": 2}, {"Node Type": "INPUT", "Result Type": "INPUT", "Arguments": [3], "Removed Arguments": [3], "Result": 3}, {"Node Type": "INPUT", "Result Type": "INPUT", "Arguments": [4], "Removed Arguments": [4], "Result": 4}, {"Node Type": "INPUT", "Result Type": "INPUT", "Arguments": [5], "Removed Arguments": [5], "Result": 5}, {"Node Type": "INPUT", "Result Type": "INPUT", "Arguments": [6], "Removed Arguments": [6], "Result": 6}, {"Node Type": "INPUT", "Result Type": "INPUT", "Arguments": [7], "Removed Arguments": [7], "Result": 7}, {"Node Type": "INPUT", "Result Type": "INPUT", "Arguments": [8], "Removed Arguments": [], "Result": 8}, {"Node Type": "INPUT", "Result Type": "INPUT", "Arguments": [9], "Removed Arguments": [], "Result": 9}, {"Node Type": "INPUT", "Result Type": "INPUT", "Arguments": [10], "Removed Arguments": [], "Result": 10}, {"Node Type": "ALIAS", "Result Type": "ALIAS", "Arguments": [8], "Removed Arguments": [8], "Result": 11}, {"Node Type": "ALIAS", "Result Type": "ALIAS", "Arguments": [9], "Removed Arguments": [9], "Result": 8}, {"Node Type": "ALIAS", "Result Type": "ALIAS", "Arguments": [10], "Removed Arguments": [10], "Result": 9}], "Outputs": [{"Name": "--it1.id", "Type": "Int64"}, {"Name": "--it1.info", "Type": "String"}, {"Name": "--it2.id", "Type": "Int64"}, {"Name": "--it2.info", "Type": "String"}, {"Name": "keyword", "Type": "String"}, {"Name": "--k.id", "Type": "Int64"}, {"Name": "kind", "Type": "String"}, {"Name": "--kt.id", "Type": "Int64"}, {"Name": "--mi.info_type_id", "Type": "Int64"}, {"Name": "--mi.movie_id", "Type": "Int64"}, {"Name": "--mi.info", "Type": "String"}], "Positions": [0, 1, 2, 3, 4, 5, 6, 7, 8, 11, 9], "Project Input": true}, "Plans": [{"Node Type": "Filter", "Description": "WHERE", "Header": [{"Name": "--it1.id", "Type": "Int64"}, {"Name": "--it1.info", "Type": "String"}, {"Name": "--it2.id", "Type": "Int64"}, {"Name": "--it2.info", "Type": "String"}, {"Name": "keyword", "Type": "String"}, {"Name": "--k.id", "Type": "Int64"}, {"Name": "kind", "Type": "String"}, {"Name": "--kt.id", "Type": "Int64"}, {"Name": "movie_id", "Type": "Int64"}, {"Name": "info_type_id", "Type": "Int64"}, {"Name": "info", "Type": "String"}], "Filter Column": "and(and(and(and(and(equals(--it1.id, info_type_id), in(info, ('Sweden', 'Norway', 'Germany', 'Denmark', 'Swedish', 'Denish', 'Norwegian', 'German', 'USA', 'American'))), equals(kind, 'movie')), in(keyword, ('murder', 'murder-in-title'))), equals(--it2.info, 'rating')), equals(--it1.info, 'countries'))", "Removes Filter": true, "Expression": {"Inputs": [{"Name": "--it1.id", "Type": "Int64"}, {"Name": "--it1.info", "Type": "String"}, {"Name": "--it2.id", "Type": "Int64"}, {"Name": "--it2.info", "Type": "String"}, {"Name": "keyword", "Type": "String"}, {"Name": "--k.id", "Type": "Int64"}, {"Name": "kind", "Type": "String"}, {"Name": "--kt.id", "Type": "Int64"}, {"Name": "movie_id", "Type": "Int64"}, {"Name": "info_type_id", "Type": "Int64"}, {"Name": "info", "Type": "String"}], "Actions": [{"Node Type": "INPUT", "Result Type": "INPUT", "Arguments": [0], "Removed Arguments": [], "Result": 0}, {"Node Type": "INPUT", "Result Type": "INPUT", "Arguments": [1], "Removed Arguments": [], "Result": 1}, {"Node Type": "INPUT", "Result Type": "INPUT", "Arguments": [2], "Removed Arguments": [2], "Result": 2}, {"Node Type": "INPUT", "Result Type": "INPUT", "Arguments": [3], "Removed Arguments": [], "Result": 3}, {"Node Type": "INPUT", "Result Type": "INPUT", "Arguments": [4], "Removed Arguments": [], "Result": 4}, {"Node Type": "INPUT", "Result Type": "INPUT", "Arguments": [5], "Removed Arguments": [5], "Result": 5}, {"Node Type": "INPUT", "Result Type": "INPUT", "Arguments": [6], "Removed Arguments": [], "Result": 6}, {"Node Type": "INPUT", "Result Type": "INPUT", "Arguments": [7], "Removed Arguments": [7], "Result": 7}, {"Node Type": "INPUT", "Result Type": "INPUT", "Arguments": [8], "Removed Arguments": [8], "Result": 8}, {"Node Type": "INPUT", "Result Type": "INPUT", "Arguments": [9], "Removed Arguments": [], "Result": 9}, {"Node Type": "INPUT", "Result Type": "INPUT", "Arguments": [10], "Removed Arguments": [], "Result": 10}, {"Node Type": "COLUMN", "Result Type": "COLUMN", "Column": "Const(Set)", "Arguments": [], "Removed Arguments": [], "Result": 11}, {"Node Type": "COLUMN", "Result Type": "COLUMN", "Column": "Const(String)", "Arguments": [], "Removed Arguments": [], "Result": 12}, {"Node Type": "COLUMN", "Result Type": "COLUMN", "Column": "Const(Set)", "Arguments": [], "Removed Arguments": [], "Result": 13}, {"Node Type": "COLUMN", "Result Type": "COLUMN", "Column": "Const(String)", "Arguments": [], "Removed Arguments": [], "Result": 14}, {"Node Type": "COLUMN", "Result Type": "COLUMN", "Column": "Const(String)", "Arguments": [], "Removed Arguments": [], "Result": 15}, {"Node Type": "FUNCTION", "Result Type": "FUNCTION", "Function": "equals", "Compiled": false, "Arguments": [0, 9], "Removed Arguments": [], "Result": 16}, {"Node Type": "FUNCTION", "Result Type": "FUNCTION", "Function": "in", "Compiled": false, "Arguments": [10, 11], "Removed Arguments": [11], "Result": 17}, {"Node Type": "FUNCTION", "Result Type": "FUNCTION", "Function": "equals", "Compiled": false, "Arguments": [6, 12], "Removed Arguments": [12], "Result": 11}, {"Node Type": "FUNCTION", "Result Type": "FUNCTION", "Function": "in", "Compiled": false, "Arguments": [4, 13], "Removed Arguments": [13], "Result": 12}, {"Node Type": "FUNCTION", "Result Type": "FUNCTION", "Function": "equals", "Compiled": false, "Arguments": [3, 14], "Removed Arguments": [14], "Result": 13}, {"Node Type": "FUNCTION", "Result Type": "FUNCTION", "Function": "equals", "Compiled": false, "Arguments": [1, 15], "Removed Arguments": [15], "Result": 14}, {"Node Type": "FUNCTION", "Result Type": "FUNCTION", "Function": "and", "Compiled": false, "Arguments": [16, 17], "Removed Arguments": [16, 17], "Result": 15}, {"Node Type": "FUNCTION", "Result Type": "FUNCTION", "Function": "and", "Compiled": false, "Arguments": [15, 11], "Removed Arguments": [15, 11], "Result": 17}, {"Node Type": "FUNCTION", "Result Type": "FUNCTION", "Function": "and", "Compiled": false, "Arguments": [17, 12], "Removed Arguments": [17, 12], "Result": 11}, {"Node Type": "FUNCTION", "Result Type": "FUNCTION", "Function": "and", "Compiled": false, "Arguments": [11, 13], "Removed Arguments": [11, 13], "Result": 12}, {"Node Type": "FUNCTION", "Result Type": "FUNCTION", "Function": "and", "Compiled": false, "Arguments": [12, 14], "Removed Arguments": [12, 14], "Result": 13}], "Outputs": [{"Name": "--it1.id", "Type": "Int64"}, {"Name": "--it1.info", "Type": "String"}, {"Name": "--it2.id", "Type": "Int64"}, {"Name": "--it2.info", "Type": "String"}, {"Name": "keyword", "Type": "String"}, {"Name": "--k.id", "Type": "Int64"}, {"Name": "kind", "Type": "String"}, {"Name": "--kt.id", "Type": "Int64"}, {"Name": "movie_id", "Type": "Int64"}, {"Name": "info_type_id", "Type": "Int64"}, {"Name": "info", "Type": "String"}, {"Name": "and(and(and(and(and(equals(--it1.id, info_type_id), in(info, ('Sweden', 'Norway', 'Germany', 'Denmark', 'Swedish', 'Denish', 'Norwegian', 'German', 'USA', 'American'))), equals(kind, 'movie')), in(keyword, ('murder', 'murder-in-title'))), equals(--it2.info, 'rating')), equals(--it1.info, 'countries'))", "Type": "UInt8"}], "Positions": [0, 1, 2, 3, 4, 5, 6, 7, 8, 9, 10, 13], "Project Input": true}, "Plans": [{"Node Type": "Join", "Description": "JOIN", "Header": [{"Name": "--it1.id", "Type": "Int64"}, {"Name": "--it1.info", "Type": "String"}, {"Name": "--it2.id", "Type": "Int64"}, {"Name": "--it2.info", "Type": "String"}, {"Name": "keyword", "Type": "String"}, {"Name": "--k.id", "Type": "Int64"}, {"Name": "kind", "Type": "String"}, {"Name": "--kt.id", "Type": "Int64"}, {"Name": "info_type_id", "Type": "Int64"}, {"Name": "movie_id", "Type": "Int64"}, {"Name": "info", "Type": "String"}], "Plans": [{"Node Type": "Expression", "Description": "(Before JOIN + (Projection + Before ORDER BY))", "Header": [{"Name": "--it1.id", "Type": "Int64"}, {"Name": "--it1.info", "Type": "String"}, {"Name": "--it2.id", "Type": "Int64"}, {"Name": "--it2.info", "Type": "String"}, {"Name": "keyword", "Type": "String"}, {"Name": "--k.id", "Type": "Int64"}, {"Name": "kind", "Type": "String"}, {"Name": "--kt.id", "Type": "Int64"}], "Expression": {"Inputs": [{"Name": "--it1.id", "Type": "Int64"}, {"Name": "--it1.info", "Type": "String"}, {"Name": "--it2.id", "Type": "Int64"}, {"Name": "--it2.info", "Type": "String"}, {"Name": "keyword", "Type": "String"}, {"Name": "--k.id", "Type": "Int64"}, {"Name": "id", "Type": "Int64"}, {"Name": "kind", "Type": "String"}], "Actions": [{"Node Type": "INPUT", "Result Type": "INPUT", "Arguments": [0], "Removed Arguments": [0], "Result": 0}, {"Node Type": "INPUT", "Result Type": "INPUT", "Arguments": [1], "Removed Arguments": [1], "Result": 1}, {"Node Type": "INPUT", "Result Type": "INPUT", "Arguments": [2], "Removed Arguments": [2], "Result": 2}, {"Node Type": "INPUT", "Result Type": "INPUT", "Arguments": [3], "Removed Arguments": [3], "Result": 3}, {"Node Type": "INPUT", "Result Type": "INPUT", "Arguments": [4], "Removed Arguments": [4], "Result": 4}, {"Node Type": "INPUT", "Result Type": "INPUT", "Arguments": [5], "Removed Arguments": [5], "Result": 5}, {"Node Type": "INPUT", "Result Type": "INPUT", "Arguments": [6], "Removed Arguments": [], "Result": 6}, {"Node Type": "INPUT", "Result Type": "INPUT", "Arguments": [7], "Removed Arguments": [7], "Result": 7}, {"Node Type": "ALIAS", "Result Type": "ALIAS", "Arguments": [6], "Removed Arguments": [6], "Result": 8}], "Outputs": [{"Name": "--it1.id", "Type": "Int64"}, {"Name": "--it1.info", "Type": "String"}, {"Name": "--it2.id", "Type": "Int64"}, {"Name": "--it2.info", "Type": "String"}, {"Name": "keyword", "Type": "String"}, {"Name": "--k.id", "Type": "Int64"}, {"Name": "kind", "Type": "String"}, {"Name": "--kt.id", "Type": "Int64"}], "Positions": [0, 1, 2, 3, 4, 5, 7, 8], "Project Input": true}, "Plans": [{"Node Type": "Filter", "Description": "WHERE", "Header": [{"Name": "--it1.id", "Type": "Int64"}, {"Name": "--it1.info", "Type": "String"}, {"Name": "--it2.id", "Type": "Int64"}, {"Name": "--it2.info", "Type": "String"}, {"Name": "keyword", "Type": "String"}, {"Name": "--k.id", "Type": "Int64"}, {"Name": "id", "Type": "Int64"}, {"Name": "kind", "Type": "String"}], "Filter Column": "and(and(and(equals(kind, 'movie'), in(keyword, ('murder', 'murder-in-title'))), equals(--it2.info, 'rating')), equals(--it1.info, 'countries'))", "Removes Filter": true, "Expression": {"Inputs": [{"Name": "--it1.id", "Type": "Int64"}, {"Name": "--it1.info", "Type": "String"}, {"Name": "--it2.id", "Type": "Int64"}, {"Name": "--it2.info", "Type": "String"}, {"Name": "keyword", "Type": "String"}, {"Name": "--k.id", "Type": "Int64"}, {"Name": "id", "Type": "Int64"}, {"Name": "kind", "Type": "String"}], "Actions": [{"Node Type": "INPUT", "Result Type": "INPUT", "Arguments": [0], "Removed Arguments": [0], "Result": 0}, {"Node Type": "INPUT", "Result Type": "INPUT", "Arguments": [1], "Removed Arguments": [], "Result": 1}, {"Node Type": "INPUT", "Result Type": "INPUT", "Arguments": [2], "Removed Arguments": [2], "Result": 2}, {"Node Type": "INPUT", "Result Type": "INPUT", "Arguments": [3], "Removed Arguments": [], "Result": 3}, {"Node Type": "INPUT", "Result Type": "INPUT", "Arguments": [4], "Removed Arguments": [], "Result": 4}, {"Node Type": "INPUT", "Result Type": "INPUT", "Arguments": [5], "Removed Arguments": [5], "Result": 5}, {"Node Type": "INPUT", "Result Type": "INPUT", "Arguments": [6], "Removed Arguments": [6], "Result": 6}, {"Node Type": "INPUT", "Result Type": "INPUT", "Arguments": [7], "Removed Arguments": [], "Result": 7}, {"Node Type": "COLUMN", "Result Type": "COLUMN", "Column": "Const(String)", "Arguments": [], "Removed Arguments": [], "Result": 8}, {"Node Type": "COLUMN", "Result Type": "COLUMN", "Column": "Const(Set)", "Arguments": [], "Removed Arguments": [], "Result": 9}, {"Node Type": "COLUMN", "Result Type": "COLUMN", "Column": "Const(String)", "Arguments": [], "Removed Arguments": [], "Result": 10}, {"Node Type": "COLUMN", "Result Type": "COLUMN", "Column": "Const(String)", "Arguments": [], "Removed Arguments": [], "Result": 11}, {"Node Type": "FUNCTION", "Result Type": "FUNCTION", "Function": "equals", "Compiled": false, "Arguments": [7, 8], "Removed Arguments": [8], "Result": 12}, {"Node Type": "FUNCTION", "Result Type": "FUNCTION", "Function": "in", "Compiled": false, "Arguments": [4, 9], "Removed Arguments": [9], "Result": 8}, {"Node Type": "FUNCTION", "Result Type": "FUNCTION", "Function": "equals", "Compiled": false, "Arguments": [3, 10], "Removed Arguments": [10], "Result": 9}, {"Node Type": "FUNCTION", "Result Type": "FUNCTION", "Function": "equals", "Compiled": false, "Arguments": [1, 11], "Removed Arguments": [11], "Result": 10}, {"Node Type": "FUNCTION", "Result Type": "FUNCTION", "Function": "and", "Compiled": false, "Arguments": [12, 8], "Removed Arguments": [12, 8], "Result": 11}, {"Node Type": "FUNCTION", "Result Type": "FUNCTION", "Function": "and", "Compiled": false, "Arguments": [11, 9], "Removed Arguments": [11, 9], "Result": 8}, {"Node Type": "FUNCTION", "Result Type": "FUNCTION", "Function": "and", "Compiled": false, "Arguments": [8, 10], "Removed Arguments": [8, 10], "Result": 9}], "Outputs": [{"Name": "--it1.id", "Type": "Int64"}, {"Name": "--it1.info", "Type": "String"}, {"Name": "--it2.id", "Type": "Int64"}, {"Name": "--it2.info", "Type": "String"}, {"Name": "keyword", "Type": "String"}, {"Name": "--k.id", "Type": "Int64"}, {"Name": "id", "Type": "Int64"}, {"Name": "kind", "Type": "String"}, {"Name": "and(and(and(equals(kind, 'movie'), in(keyword, ('murder', 'murder-in-title'))), equals(--it2.info, 'rating')), equals(--it1.info, 'countries'))", "Type": "UInt8"}], "Positions": [0, 1, 2, 3, 4, 5, 6, 7, 9], "Project Input": true}, "Plans": [{"Node Type": "Join", "Description": "JOIN", "Header": [{"Name": "--it1.id", "Type": "Int64"}, {"Name": "--it1.info", "Type": "String"}, {"Name": "--it2.id", "Type": "Int64"}, {"Name": "--it2.info", "Type": "String"}, {"Name": "keyword", "Type": "String"}, {"Name": "--k.id", "Type": "Int64"}, {"Name": "id", "Type": "Int64"}, {"Name": "kind", "Type": "String"}], "Plans": [{"Node Type": "Expression", "Description": "(Before JOIN + (Projection + Before ORDER BY))", "Header": [{"Name": "--it1.id", "Type": "Int64"}, {"Name": "--it1.info", "Type": "String"}, {"Name": "--it2.id", "Type": "Int64"}, {"Name": "--it2.info", "Type": "String"}, {"Name": "keyword", "Type": "String"}, {"Name": "--k.id", "Type": "Int64"}], "Expression": {"Inputs": [{"Name": "--it1.id", "Type": "Int64"}, {"Name": "--it1.info", "Type": "String"}, {"Name": "--it2.id", "Type": "Int64"}, {"Name": "--it2.info", "Type": "String"}, {"Name": "id", "Type": "Int64"}, {"Name": "keyword", "Type": "String"}], "Actions": [{"Node Type": "INPUT", "Result Type": "INPUT", "Arguments": [0], "Removed Arguments": [0], "Result": 0}, {"Node Type": "INPUT", "Result Type": "INPUT", "Arguments": [1], "Removed Arguments": [1], "Result": 1}, {"Node Type": "INPUT", "Result Type": "INPUT", "Arguments": [2], "Removed Arguments": [2], "Result": 2}, {"Node Type": "INPUT", "Result Type": "INPUT", "Arguments": [3], "Removed Arguments": [3], "Result": 3}, {"Node Type": "INPUT", "Result Type": "INPUT", "Arguments": [4], "Removed Arguments": [], "Result": 4}, {"Node Type": "INPUT", "Result Type": "INPUT", "Arguments": [5], "Removed Arguments": [5], "Result": 5}, {"Node Type": "ALIAS", "Result Type": "ALIAS", "Arguments": [4], "Removed Arguments": [4], "Result": 6}], "Outputs": [{"Name": "--it1.id", "Type": "Int64"}, {"Name": "--it1.info", "Type": "String"}, {"Name": "--it2.id", "Type": "Int64"}, {"Name": "--it2.info", "Type": "String"}, {"Name": "keyword", "Type": "String"}, {"Name": "--k.id", "Type": "Int64"}], "Positions": [0, 1, 2, 3, 5, 6], "Project Input": true}, "Plans": [{"Node Type": "Filter", "Description": "WHERE", "Header": [{"Name": "--it1.id", "Type": "Int64"}, {"Name": "--it1.info", "Type": "String"}, {"Name": "--it2.id", "Type": "Int64"}, {"Name": "--it2.info", "Type": "String"}, {"Name": "id", "Type": "Int64"}, {"Name": "keyword", "Type": "String"}], "Filter Column": "and(and(in(keyword, ('murder', 'murder-in-title')), equals(--it2.info, 'rating')), equals(--it1.info, 'countries'))", "Removes Filter": true, "Expression": {"Inputs": [{"Name": "--it1.id", "Type": "Int64"}, {"Name": "--it1.info", "Type": "String"}, {"Name": "--it2.id", "Type": "Int64"}, {"Name": "--it2.info", "Type": "String"}, {"Name": "id", "Type": "Int64"}, {"Name": "keyword", "Type": "String"}], "Actions": [{"Node Type": "INPUT", "Result Type": "INPUT", "Arguments": [0], "Removed Arguments": [0], "Result": 0}, {"Node Type": "INPUT", "Result Type": "INPUT", "Arguments": [1], "Removed Arguments": [], "Result": 1}, {"Node Type": "INPUT", "Result Type": "INPUT", "Arguments": [2], "Removed Arguments": [2], "Result": 2}, {"Node Type": "INPUT", "Result Type": "INPUT", "Arguments": [3], "Removed Arguments": [], "Result": 3}, {"Node Type": "INPUT", "Result Type": "INPUT", "Arguments": [4], "Removed Arguments": [4], "Result": 4}, {"Node Type": "INPUT", "Result Type": "INPUT", "Arguments": [5], "Removed Arguments": [], "Result": 5}, {"Node Type": "COLUMN", "Result Type": "COLUMN", "Column": "Const(Set)", "Arguments": [], "Removed Arguments": [], "Result": 6}, {"Node Type": "COLUMN", "Result Type": "COLUMN", "Column": "Const(String)", "Arguments": [], "Removed Arguments": [], "Result": 7}, {"Node Type": "COLUMN", "Result Type": "COLUMN", "Column": "Const(String)", "Arguments": [], "Removed Arguments": [], "Result": 8}, {"Node Type": "FUNCTION", "Result Type": "FUNCTION", "Function": "in", "Compiled": false, "Arguments": [5, 6], "Removed Arguments": [6], "Result": 9}, {"Node Type": "FUNCTION", "Result Type": "FUNCTION", "Function": "equals", "Compiled": false, "Arguments": [3, 7], "Removed Arguments": [7], "Result": 6}, {"Node Type": "FUNCTION", "Result Type": "FUNCTION", "Function": "equals", "Compiled": false, "Arguments": [1, 8], "Removed Arguments": [8], "Result": 7}, {"Node Type": "FUNCTION", "Result Type": "FUNCTION", "Function": "and", "Compiled": false, "Arguments": [9, 6], "Removed Arguments": [9, 6], "Result": 8}, {"Node Type": "FUNCTION", "Result Type": "FUNCTION", "Function": "and", "Compiled": false, "Arguments": [8, 7], "Removed Arguments": [8, 7], "Result": 6}], "Outputs": [{"Name": "--it1.id", "Type": "Int64"}, {"Name": "--it1.info", "Type": "String"}, {"Name": "--it2.id", "Type": "Int64"}, {"Name": "--it2.info", "Type": "String"}, {"Name": "id", "Type": "Int64"}, {"Name": "keyword", "Type": "String"}, {"Name": "and(and(in(keyword, ('murder', 'murder-in-title')), equals(--it2.info, 'rating')), equals(--it1.info, 'countries'))", "Type": "UInt8"}], "Positions": [0, 1, 2, 3, 4, 5, 6], "Project Input": true}, "Plans": [{"Node Type": "Join", "Description": "JOIN", "Header": [{"Name": "--it1.id", "Type": "Int64"}, {"Name": "--it1.info", "Type": "String"}, {"Name": "--it2.id", "Type": "Int64"}, {"Name": "--it2.info", "Type": "String"}, {"Name": "id", "Type": "Int64"}, {"Name": "keyword", "Type": "String"}], "Plans": [{"Node Type": "Expression", "Description": "(Before JOIN + (Projection + Before ORDER BY))", "Header": [{"Name": "--it1.id", "Type": "Int64"}, {"Name": "--it1.info", "Type": "String"}, {"Name": "--it2.id", "Type": "Int64"}, {"Name": "--it2.info", "Type": "String"}], "Expression": {"Inputs": [{"Name": "info", "Type": "String"}, {"Name": "id", "Type": "Int64"}, {"Name": "it2.id", "Type": "Int64"}, {"Name": "it2.info", "Type": "String"}], "Actions": [{"Node Type": "INPUT", "Result Type": "INPUT", "Arguments": [0], "Removed Arguments": [], "Result": 0}, {"Node Type": "INPUT", "Result Type": "INPUT", "Arguments": [1], "Removed Arguments": [], "Result": 1}, {"Node Type": "INPUT", "Result Type": "INPUT", "Arguments": [2], "Removed Arguments": [], "Result": 2}, {"Node Type": "INPUT", "Result Type": "INPUT", "Arguments": [3], "Removed Arguments": [], "Result": 3}, {"Node Type": "ALIAS", "Result Type": "ALIAS", "Arguments": [0], "Removed Arguments": [0], "Result": 4}, {"Node Type": "ALIAS", "Result Type": "ALIAS", "Arguments": [1], "Removed Arguments": [1], "Result": 0}, {"Node Type": "ALIAS", "Result Type": "ALIAS", "Arguments": [2], "Removed Arguments": [2], "Result": 1}, {"Node Type": "ALIAS", "Result Type": "ALIAS", "Arguments": [3], "Removed Arguments": [3], "Result": 2}], "Outputs": [{"Name": "--it1.id", "Type": "Int64"}, {"Name": "--it1.info", "Type": "String"}, {"Name": "--it2.id", "Type": "Int64"}, {"Name": "--it2.info", "Type": "String"}], "Positions": [0, 4, 1, 2], "Project Input": true}, "Plans": [{"Node Type": "Filter", "Description": "WHERE", "Header": [{"Name": "info", "Type": "String"}, {"Name": "id", "Type": "Int64"}, {"Name": "it2.id", "Type": "Int64"}, {"Name": "it2.info", "Type": "String"}], "Filter Column": "and(equals(info, 'countries'), equals(it2.info, 'rating'))", "Removes Filter": true, "Expression": {"Inputs": [{"Name": "equals(info, 'countries')", "Type": "UInt8"}, {"Name": "info", "Type": "String"}, {"Name": "id", "Type": "Int64"}, {"Name": "it2.id", "Type": "Int64"}, {"Name": "it2.info", "Type": "String"}], "Actions": [{"Node Type": "INPUT", "Result Type": "INPUT", "Arguments": [0], "Removed Arguments": [], "Result": 0}, {"Node Type": "INPUT", "Result Type": "INPUT", "Arguments": [1], "Removed Arguments": [1], "Result": 1}, {"Node Type": "INPUT", "Result Type": "INPUT", "Arguments": [2], "Removed Arguments": [2], "Result": 2}, {"Node Type": "INPUT", "Result Type": "INPUT", "Arguments": [3], "Removed Arguments": [3], "Result": 3}, {"Node Type": "INPUT", "Result Type": "INPUT", "Arguments": [4], "Removed Arguments": [], "Result": 4}, {"Node Type": "COLUMN", "Result Type": "COLUMN", "Column": "Const(String)", "Arguments": [], "Removed Arguments": [], "Result": 5}, {"Node Type": "FUNCTION", "Result Type": "FUNCTION", "Function": "equals", "Compiled": false, "Arguments": [4, 5], "Removed Arguments": [5], "Result": 6}, {"Node Type": "FUNCTION", "Result Type": "FUNCTION", "Function": "and", "Compiled": false, "Arguments": [0, 6], "Removed Arguments": [0, 6], "Result": 5}], "Outputs": [{"Name": "info", "Type": "String"}, {"Name": "id", "Type": "Int64"}, {"Name": "it2.id", "Type": "Int64"}, {"Name": "it2.info", "Type": "String"}, {"Name": "and(equals(info, 'countries'), equals(it2.info, 'rating'))", "Type": "UInt8"}], "Positions": [1, 2, 3, 4, 5], "Project Input": true}, "Plans": [{"Node Type": "Join", "Description": "JOIN", "Header": [{"Name": "equals(info, 'countries')", "Type": "UInt8"}, {"Name": "info", "Type": "String"}, {"Name": "id", "Type": "Int64"}, {"Name": "it2.id", "Type": "Int64"}, {"Name": "it2.info", "Type": "String"}], "Plans": [{"Node Type": "Expression", "Description": "Before JOIN", "Header": [{"Name": "equals(info, 'countries')", "Type": "UInt8"}, {"Name": "info", "Type": "String"}, {"Name": "id", "Type": "Int64"}], "Expression": {"Inputs": [{"Name": "equals(info, 'countries')", "Type": "UInt8"}, {"Name": "info", "Type": "String"}, {"Name": "id", "Type": "Int64"}], "Actions": [{"Node Type": "INPUT", "Result Type": "INPUT", "Arguments": [0], "Removed Arguments": [0], "Result": 0}, {"Node Type": "INPUT", "Result Type": "INPUT", "Arguments": [1], "Removed Arguments": [1], "Result": 1}, {"Node Type": "INPUT", "Result Type": "INPUT", "Arguments": [2], "Removed Arguments": [2], "Result": 2}], "Outputs": [{"Name": "equals(info, 'countries')", "Type": "UInt8"}, {"Name": "info", "Type": "String"}, {"Name": "id", "Type": "Int64"}], "Positions": [0, 1, 2], "Project Input": false}, "Plans": [{"Node Type": "SettingQuotaAndLimits", "Description": "Set limits and quota after reading from storage", "Header": [{"Name": "equals(info, 'countries')", "Type": "UInt8"}, {"Name": "info", "Type": "String"}, {"Name": "id", "Type": "Int64"}], "Plans": [{"Node Type": "ReadFromMergeTree", "Header": [{"Name": "equals(info, 'countries')", "Type": "UInt8"}, {"Name": "info", "Type": "String"}, {"Name": "id", "Type": "Int64"}], "Read Type": "Default", "Parts": 1, "Granules": 1}]}]}, {"Node Type": "Expression", "Description": "(Joined actions + (Rename joined columns + (Projection + Before ORDER BY)))", "Header": [{"Name": "it2.id", "Type": "Int64"}, {"Name": "it2.info", "Type": "String"}], "Expression": {"Inputs": [{"Name": "id", "Type": "Int64"}, {"Name": "info", "Type": "String"}], "Actions": [{"Node Type": "INPUT", "Result Type": "INPUT", "Arguments": [0], "Removed Arguments": [], "Result": 0}, {"Node Type": "INPUT", "Result Type": "INPUT", "Arguments": [1], "Removed Arguments": [], "Result": 1}, {"Node Type": "ALIAS", "Result Type": "ALIAS", "Arguments": [0], "Removed Arguments": [0], "Result": 2}, {"Node Type": "ALIAS", "Result Type": "ALIAS", "Arguments": [1], "Removed Arguments": [1], "Result": 0}], "Outputs": [{"Name": "it2.id", "Type": "Int64"}, {"Name": "it2.info", "Type": "String"}], "Positions": [2, 0], "Project Input": true}, "Plans": [{"Node Type": "SettingQuotaAndLimits", "Description": "Set limits and quota after reading from storage", "Header": [{"Name": "id", "Type": "Int64"}, {"Name": "info", "Type": "String"}], "Plans": [{"Node Type": "ReadFromMergeTree", "Header": [{"Name": "id", "Type": "Int64"}, {"Name": "info", "Type": "String"}], "Read Type": "Default", "Parts": 1, "Granules": 1}]}]}]}]}]}, {"Node Type": "Expression", "Description": "(Joined actions + (Rename joined columns + (Projection + Before ORDER BY)))", "Header": [{"Name": "id", "Type": "Int64"}, {"Name": "keyword", "Type": "String"}], "Expression": {"Inputs": [{"Name": "id", "Type": "Int64"}, {"Name": "keyword", "Type": "String"}], "Actions": [{"Node Type": "INPUT", "Result Type": "INPUT", "Arguments": [0], "Removed Arguments": [], "Result": 0}, {"Node Type": "INPUT", "Result Type": "INPUT", "Arguments": [1], "Removed Arguments": [], "Result": 1}, {"Node Type": "ALIAS", "Result Type": "ALIAS", "Arguments": [0], "Removed Arguments": [0], "Result": 2}, {"Node Type": "ALIAS", "Result Type": "ALIAS", "Arguments": [1], "Removed Arguments": [1], "Result": 0}], "Outputs": [{"Name": "id", "Type": "Int64"}, {"Name": "keyword", "Type": "String"}], "Positions": [2, 0], "Project Input": true}, "Plans": [{"Node Type": "SettingQuotaAndLimits", "Description": "Set limits and quota after reading from storage", "Header": [{"Name": "id", "Type": "Int64"}, {"Name": "keyword", "Type": "String"}], "Plans": [{"Node Type": "ReadFromMergeTree", "Header": [{"Name": "id", "Type": "Int64"}, {"Name": "keyword", "Type": "String"}], "Read Type": "Default", "Parts": 1, "Granules": 16}]}]}]}]}]}, {"Node Type": "Expression", "Description": "(Joined actions + (Rename joined columns + (Projection + Before ORDER BY)))", "Header": [{"Name": "id", "Type": "Int64"}, {"Name": "kind", "Type": "String"}], "Expression": {"Inputs": [{"Name": "id", "Type": "Int64"}, {"Name": "kind", "Type": "String"}], "Actions": [{"Node Type": "INPUT", "Result Type": "INPUT", "Arguments": [0], "Removed Arguments": [], "Result": 0}, {"Node Type": "INPUT", "Result Type": "INPUT", "Arguments": [1], "Removed Arguments": [], "Result": 1}, {"Node Type": "ALIAS", "Result Type": "ALIAS", "Arguments": [0], "Removed Arguments": [0], "Result": 2}, {"Node Type": "ALIAS", "Result Type": "ALIAS", "Arguments": [1], "Removed Arguments": [1], "Result": 0}], "Outputs": [{"Name": "id", "Type": "Int64"}, {"Name": "kind", "Type": "String"}], "Positions": [2, 0], "Project Input": true}, "Plans": [{"Node Type": "SettingQuotaAndLimits", "Description": "Set limits and quota after reading from storage", "Header": [{"Name": "id", "Type": "Int64"}, {"Name": "kind", "Type": "String"}], "Plans": [{"Node Type": "ReadFromMergeTree", "Header": [{"Name": "id", "Type": "Int64"}, {"Name": "kind", "Type": "String"}], "Read Type": "Default", "Parts": 1, "Granules": 1}]}]}]}]}]}, {"Node Type": "Expression", "Description": "(Joined actions + (Rename joined columns + (Projection + Before ORDER BY)))", "Header": [{"Name": "info_type_id", "Type": "Int64"}, {"Name": "--mi.info_type_id", "Type": "Int64"}, {"Name": "movie_id", "Type": "Int64"}, {"Name": "info", "Type": "String"}], "Expression": {"Inputs": [{"Name": "movie_id", "Type": "Int64"}, {"Name": "info_type_id", "Type": "Int64"}, {"Name": "info", "Type": "String"}], "Actions": [{"Node Type": "INPUT", "Result Type": "INPUT", "Arguments": [0], "Removed Arguments": [], "Result": 0}, {"Node Type": "INPUT", "Result Type": "INPUT", "Arguments": [1], "Removed Arguments": [], "Result": 1}, {"Node Type": "INPUT", "Result Type": "INPUT", "Arguments": [2], "Removed Arguments": [], "Result": 2}, {"Node Type": "ALIAS", "Result Type": "ALIAS", "Arguments": [0], "Removed Arguments": [0], "Result": 3}, {"Node Type": "ALIAS", "Result Type": "ALIAS", "Arguments": [1], "Removed Arguments": [1], "Result": 0}, {"Node Type": "ALIAS", "Result Type": "ALIAS", "Arguments": [2], "Removed Arguments": [2], "Result": 1}, {"Node Type": "ALIAS", "Result Type": "ALIAS", "Arguments": [0], "Removed Arguments": [], "Result": 2}], "Outputs": [{"Name": "info_type_id", "Type": "Int64"}, {"Name": "--mi.info_type_id", "Type": "Int64"}, {"Name": "movie_id", "Type": "Int64"}, {"Name": "info", "Type": "String"}], "Positions": [0, 2, 3, 1], "Project Input": true}, "Plans": [{"Node Type": "SettingQuotaAndLimits", "Description": "Set limits and quota after reading from storage", "Header": [{"Name": "movie_id", "Type": "Int64"}, {"Name": "info_type_id", "Type": "Int64"}, {"Name": "info", "Type": "String"}], "Plans": [{"Node Type": "ReadFromMergeTree", "Header": [{"Name": "movie_id", "Type": "Int64"}, {"Name": "info_type_id", "Type": "Int64"}, {"Name": "info", "Type": "String"}], "Read Type": "Default", "Parts": 2, "Granules": 1749}]}]}]}]}]}, {"Node Type": "Expression", "Description": "(Joined actions + (Rename joined columns + (Projection + Before ORDER BY)))", "Header": [{"Name": "movie_id", "Type": "Int64"}, {"Name": "info_type_id", "Type": "Int64"}, {"Name": "--mi_idx.movie_id", "Type": "Int64"}, {"Name": "--mi_idx.info_type_id", "Type": "Int64"}, {"Name": "info", "Type": "String"}], "Expression": {"Inputs": [{"Name": "movie_id", "Type": "Int64"}, {"Name": "info_type_id", "Type": "Int64"}, {"Name": "info", "Type": "String"}], "Actions": [{"Node Type": "INPUT", "Result Type": "INPUT", "Arguments": [0], "Removed Arguments": [], "Result": 0}, {"Node Type": "INPUT", "Result Type": "INPUT", "Arguments": [1], "Removed Arguments": [], "Result": 1}, {"Node Type": "INPUT", "Result Type": "INPUT", "Arguments": [2], "Removed Arguments": [], "Result": 2}, {"Node Type": "ALIAS", "Result Type": "ALIAS", "Arguments": [0], "Removed Arguments": [0], "Result": 3}, {"Node Type": "ALIAS", "Result Type": "ALIAS", "Arguments": [1], "Removed Arguments": [1], "Result": 0}, {"Node Type": "ALIAS", "Result Type": "ALIAS", "Arguments": [2], "Removed Arguments": [2], "Result": 1}, {"Node Type": "ALIAS", "Result Type": "ALIAS", "Arguments": [3], "Removed Arguments": [], "Result": 2}, {"Node Type": "ALIAS", "Result Type": "ALIAS", "Arguments": [0], "Removed Arguments": [], "Result": 4}], "Outputs": [{"Name": "movie_id", "Type": "Int64"}, {"Name": "info_type_id", "Type": "Int64"}, {"Name": "--mi_idx.movie_id", "Type": "Int64"}, {"Name": "--mi_idx.info_type_id", "Type": "Int64"}, {"Name": "info", "Type": "String"}], "Positions": [3, 0, 2, 4, 1], "Project Input": true}, "Plans": [{"Node Type": "SettingQuotaAndLimits", "Description": "Set limits and quota after reading from storage", "Header": [{"Name": "movie_id", "Type": "Int64"}, {"Name": "info_type_id", "Type": "Int64"}, {"Name": "info", "Type": "String"}], "Plans": [{"Node Type": "ReadFromMergeTree", "Header": [{"Name": "movie_id", "Type": "Int64"}, {"Name": "info_type_id", "Type": "Int64"}, {"Name": "info", "Type": "String"}], "Read Type": "Default", "Parts": 2, "Granules": 169}]}]}]}]}]}, {"Node Type": "Expression", "Description": "(Joined actions + (Rename joined columns + (Projection + Before ORDER BY)))", "Header": [{"Name": "movie_id", "Type": "Int64"}, {"Name": "keyword_id", "Type": "Int64"}, {"Name": "--mk.movie_id", "Type": "Int64"}], "Expression": {"Inputs": [{"Name": "movie_id", "Type": "Int64"}, {"Name": "keyword_id", "Type": "Int64"}], "Actions": [{"Node Type": "INPUT", "Result Type": "INPUT", "Arguments": [0], "Removed Arguments": [], "Result": 0}, {"Node Type": "INPUT", "Result Type": "INPUT", "Arguments": [1], "Removed Arguments": [], "Result": 1}, {"Node Type": "ALIAS", "Result Type": "ALIAS", "Arguments": [0], "Removed Arguments": [0], "Result": 2}, {"Node Type": "ALIAS", "Result Type": "ALIAS", "Arguments": [1], "Removed Arguments": [1], "Result": 0}, {"Node Type": "ALIAS", "Result Type": "ALIAS", "Arguments": [2], "Removed Arguments": [], "Result": 1}], "Outputs": [{"Name": "movie_id", "Type": "Int64"}, {"Name": "keyword_id", "Type": "Int64"}, {"Name": "--mk.movie_id", "Type": "Int64"}], "Positions": [2, 0, 1], "Project Input": true}, "Plans": [{"Node Type": "SettingQuotaAndLimits", "Description": "Set limits and quota after reading from storage", "Header": [{"Name": "movie_id", "Type": "Int64"}, {"Name": "keyword_id", "Type": "Int64"}], "Plans": [{"Node Type": "ReadFromMergeTree", "Header": [{"Name": "movie_id", "Type": "Int64"}, {"Name": "keyword_id", "Type": "Int64"}], "Read Type": "Default", "Parts": 1, "Granules": 553}]}]}]}]}]}, {"Node Type": "Expression", "Description": "(Joined actions + (Rename joined columns + (Projection + Before ORDER BY)))", "Header": [{"Name": "id", "Type": "Int64"}, {"Name": "kind_id", "Type": "Int64"}, {"Name": "title", "Type": "String"}, {"Name": "production_year", "Type": "Int64"}], "Expression": {"Inputs": [{"Name": "id", "Type": "Int64"}, {"Name": "title", "Type": "String"}, {"Name": "kind_id", "Type": "Int64"}, {"Name": "production_year", "Type": "Int64"}], "Actions": [{"Node Type": "INPUT", "Result Type": "INPUT", "Arguments": [0], "Removed Arguments": [], "Result": 0}, {"Node Type": "INPUT", "Result Type": "INPUT", "Arguments": [1], "Removed Arguments": [], "Result": 1}, {"Node Type": "INPUT", "Result Type": "INPUT", "Arguments": [2], "Removed Arguments": [], "Result": 2}, {"Node Type": "INPUT", "Result Type": "INPUT", "Arguments": [3], "Removed Arguments": [], "Result": 3}, {"Node Type": "ALIAS", "Result Type": "ALIAS", "Arguments": [0], "Removed Arguments": [0], "Result": 4}, {"Node Type": "ALIAS", "Result Type": "ALIAS", "Arguments": [1], "Removed Arguments": [1], "Result": 0}, {"Node Type": "ALIAS", "Result Type": "ALIAS", "Arguments": [2], "Removed Arguments": [2], "Result": 1}, {"Node Type": "ALIAS", "Result Type": "ALIAS", "Arguments": [3], "Removed Arguments": [3], "Result": 2}], "Outputs": [{"Name": "id", "Type": "Int64"}, {"Name": "kind_id", "Type": "Int64"}, {"Name": "title", "Type": "String"}, {"Name": "production_year", "Type": "Int64"}], "Positions": [4, 1, 0, 2], "Project Input": true}, "Plans": [{"Node Type": "SettingQuotaAndLimits", "Description": "Set limits and quota after reading from storage", "Header": [{"Name": "id", "Type": "Int64"}, {"Name": "title", "Type": "String"}, {"Name": "kind_id", "Type": "Int64"}, {"Name": "production_year", "Type": "Int64"}], "Plans": [{"Node Type": "ReadFromMergeTree", "Header": [{"Name": "id", "Type": "Int64"}, {"Name": "title", "Type": "String"}, {"Name": "kind_id", "Type": "Int64"}, {"Name": "production_year", "Type": "Int64"}], "Read Type": "Default", "Parts": 2, "Granules": 308}]}]}]}]}]}]}]}}]