[{"Plan": {"Node Type": "Expression", "Description": "(Projection + Before ORDER BY)", "Header": [{"Name": "movie_budget", "Type": "String"}, {"Name": "movie_votes", "Type": "String"}, {"Name": "movie_title", "Type": "String"}], "Expression": {"Inputs": [{"Name": "min(--mi.info)", "Type": "String"}, {"Name": "min(--mi_idx.info)", "Type": "String"}, {"Name": "min(title)", "Type": "String"}], "Actions": [{"Node Type": "INPUT", "Result Type": "INPUT", "Arguments": [0], "Removed Arguments": [], "Result": 0}, {"Node Type": "INPUT", "Result Type": "INPUT", "Arguments": [1], "Removed Arguments": [], "Result": 1}, {"Node Type": "INPUT", "Result Type": "INPUT", "Arguments": [2], "Removed Arguments": [], "Result": 2}, {"Node Type": "ALIAS", "Result Type": "ALIAS", "Arguments": [0], "Removed Arguments": [0], "Result": 3}, {"Node Type": "ALIAS", "Result Type": "ALIAS", "Arguments": [1], "Removed Arguments": [1], "Result": 0}, {"Node Type": "ALIAS", "Result Type": "ALIAS", "Arguments": [2], "Removed Arguments": [2], "Result": 1}], "Outputs": [{"Name": "movie_budget", "Type": "String"}, {"Name": "movie_votes", "Type": "String"}, {"Name": "movie_title", "Type": "String"}], "Positions": [3, 0, 1], "Project Input": true}, "Plans": [{"Node Type": "Aggregating", "Header": [{"Name": "min(--mi.info)", "Type": "String"}, {"Name": "min(--mi_idx.info)", "Type": "String"}, {"Name": "min(title)", "Type": "String"}], "Keys": [], "Aggregates": [{"Name": "min(--mi.info)", "Function": {"Name": "min", "Argument Types": ["String"], "Result Type": "String"}, "Arguments": ["--mi.info"], "Argument Positions": [0]}, {"Name": "min(--mi_idx.info)", "Function": {"Name": "min", "Argument Types": ["String"], "Result Type": "String"}, "Arguments": ["--mi_idx.info"], "Argument Positions": [1]}, {"Name": "min(title)", "Function": {"Name": "min", "Argument Types": ["String"], "Result Type": "String"}, "Arguments": ["title"], "Argument Positions": [2]}], "Plans": [{"Node Type": "Expression", "Description": "Before GROUP BY", "Header": [{"Name": "--mi.info", "Type": "String"}, {"Name": "--mi_idx.info", "Type": "String"}, {"Name": "title", "Type": "String"}], "Expression": {"Inputs": [{"Name": "--mi.info", "Type": "String"}, {"Name": "--mi_idx.info", "Type": "String"}, {"Name": "title", "Type": "String"}], "Actions": [{"Node Type": "INPUT", "Result Type": "INPUT", "Arguments": [0], "Removed Arguments": [0], "Result": 0}, {"Node Type": "INPUT", "Result Type": "INPUT", "Arguments": [1], "Removed Arguments": [1], "Result": 1}, {"Node Type": "INPUT", "Result Type": "INPUT", "Arguments": [2], "Removed Arguments": [2], "Result": 2}], "Outputs": [{"Name": "--mi.info", "Type": "String"}, {"Name": "--mi_idx.info", "Type": "String"}, {"Name": "title", "Type": "String"}], "Positions": [0, 1, 2], "Project Input": true}, "Plans": [{"Node Type": "Filter", "Description": "WHERE", "Header": [{"Name": "--mi.info", "Type": "String"}, {"Name": "--mi_idx.info", "Type": "String"}, {"Name": "title", "Type": "String"}], "Filter Column": "0", "Removes Filter": true, "Expression": {"Inputs": [{"Name": "--mi.info", "Type": "String"}, {"Name": "--mi_idx.info", "Type": "String"}, {"Name": "title", "Type": "String"}], "Actions": [{"Node Type": "INPUT", "Result Type": "INPUT", "Arguments": [0], "Removed Arguments": [0], "Result": 0}, {"Node Type": "INPUT", "Result Type": "INPUT", "Arguments": [1], "Removed Arguments": [1], "Result": 1}, {"Node Type": "INPUT", "Result Type": "INPUT", "Arguments": [2], "Removed Arguments": [2], "Result": 2}, {"Node Type": "COLUMN", "Result Type": "COLUMN", "Column": "Const(UInt8)", "Arguments": [], "Removed Arguments": [], "Result": 3}], "Outputs": [{"Name": "--mi.info", "Type": "String"}, {"Name": "--mi_idx.info", "Type": "String"}, {"Name": "title", "Type": "String"}, {"Name": "0", "Type": "UInt8"}], "Positions": [0, 1, 2, 3], "Project Input": true}, "Plans": [{"Node Type": "Join", "Description": "JOIN", "Header": [{"Name": "--ci.movie_id", "Type": "Int64"}, {"Name": "--mi.movie_id", "Type": "Int64"}, {"Name": "--mi.info", "Type": "String"}, {"Name": "--mi_idx.movie_id", "Type": "Int64"}, {"Name": "--mi_idx.info", "Type": "String"}, {"Name": "title", "Type": "String"}], "Plans": [{"Node Type": "Expression", "Description": "(Before JOIN + (Projection + Before ORDER BY))", "Header": [{"Name": "--ci.movie_id", "Type": "Int64"}, {"Name": "--mi.movie_id", "Type": "Int64"}, {"Name": "--mi.info", "Type": "String"}, {"Name": "--mi_idx.movie_id", "Type": "Int64"}, {"Name": "--mi_idx.info", "Type": "String"}], "Expression": {"Inputs": [{"Name": "--ci.movie_id", "Type": "Int64"}, {"Name": "--mi.movie_id", "Type": "Int64"}, {"Name": "--mi.info", "Type": "String"}, {"Name": "--mi_idx.movie_id", "Type": "Int64"}, {"Name": "--mi_idx.info", "Type": "String"}], "Actions": [{"Node Type": "INPUT", "Result Type": "INPUT", "Arguments": [0], "Removed Arguments": [0], "Result": 0}, {"Node Type": "INPUT", "Result Type": "INPUT", "Arguments": [1], "Removed Arguments": [1], "Result": 1}, {"Node Type": "INPUT", "Result Type": "INPUT", "Arguments": [2], "Removed Arguments": [2], "Result": 2}, {"Node Type": "INPUT", "Result Type": "INPUT", "Arguments": [3], "Removed Arguments": [3], "Result": 3}, {"Node Type": "INPUT", "Result Type": "INPUT", "Arguments": [4], "Removed Arguments": [4], "Result": 4}], "Outputs": [{"Name": "--ci.movie_id", "Type": "Int64"}, {"Name": "--mi.movie_id", "Type": "Int64"}, {"Name": "--mi.info", "Type": "String"}, {"Name": "--mi_idx.movie_id", "Type": "Int64"}, {"Name": "--mi_idx.info", "Type": "String"}], "Positions": [0, 1, 2, 3, 4], "Project Input": true}, "Plans": [{"Node Type": "Filter", "Description": "WHERE", "Header": [{"Name": "--ci.movie_id", "Type": "Int64"}, {"Name": "--mi.movie_id", "Type": "Int64"}, {"Name": "--mi.info", "Type": "String"}, {"Name": "--mi_idx.movie_id", "Type": "Int64"}, {"Name": "--mi_idx.info", "Type": "String"}], "Filter Column": "0", "Removes Filter": true, "Expression": {"Inputs": [{"Name": "--ci.movie_id", "Type": "Int64"}, {"Name": "--mi.movie_id", "Type": "Int64"}, {"Name": "--mi.info", "Type": "String"}, {"Name": "--mi_idx.movie_id", "Type": "Int64"}, {"Name": "--mi_idx.info", "Type": "String"}], "Actions": [{"Node Type": "INPUT", "Result Type": "INPUT", "Arguments": [0], "Removed Arguments": [0], "Result": 0}, {"Node Type": "INPUT", "Result Type": "INPUT", "Arguments": [1], "Removed Arguments": [1], "Result": 1}, {"Node Type": "INPUT", "Result Type": "INPUT", "Arguments": [2], "Removed Arguments": [2], "Result": 2}, {"Node Type": "INPUT", "Result Type": "INPUT", "Arguments": [3], "Removed Arguments": [3], "Result": 3}, {"Node Type": "INPUT", "Result Type": "INPUT", "Arguments": [4], "Removed Arguments": [4], "Result": 4}, {"Node Type": "COLUMN", "Result Type": "COLUMN", "Column": "Const(UInt8)", "Arguments": [], "Removed Arguments": [], "Result": 5}], "Outputs": [{"Name": "--ci.movie_id", "Type": "Int64"}, {"Name": "--mi.movie_id", "Type": "Int64"}, {"Name": "--mi.info", "Type": "String"}, {"Name": "--mi_idx.movie_id", "Type": "Int64"}, {"Name": "--mi_idx.info", "Type": "String"}, {"Name": "0", "Type": "UInt8"}], "Positions": [0, 1, 2, 3, 4, 5], "Project Input": true}, "Plans": [{"Node Type": "Join", "Description": "JOIN", "Header": [{"Name": "person_id", "Type": "Int64"}, {"Name": "--ci.movie_id", "Type": "Int64"}, {"Name": "--mi.movie_id", "Type": "Int64"}, {"Name": "--mi.info", "Type": "String"}, {"Name": "--mi_idx.movie_id", "Type": "Int64"}, {"Name": "--mi_idx.info", "Type": "String"}, {"Name": "id", "Type": "Int64"}], "Plans": [{"Node Type": "Expression", "Description": "(Before JOIN + (Projection + Before ORDER BY))", "Header": [{"Name": "person_id", "Type": "Int64"}, {"Name": "--ci.movie_id", "Type": "Int64"}, {"Name": "--mi.movie_id", "Type": "Int64"}, {"Name": "--mi.info", "Type": "String"}, {"Name": "--mi_idx.movie_id", "Type": "Int64"}, {"Name": "--mi_idx.info", "Type": "String"}], "Expression": {"Inputs": [{"Name": "person_id", "Type": "Int64"}, {"Name": "--ci.movie_id", "Type": "Int64"}, {"Name": "--mi.movie_id", "Type": "Int64"}, {"Name": "--mi.info", "Type": "String"}, {"Name": "movie_id", "Type": "Int64"}, {"Name": "info", "Type": "String"}], "Actions": [{"Node Type": "INPUT", "Result Type": "INPUT", "Arguments": [0], "Removed Arguments": [0], "Result": 0}, {"Node Type": "INPUT", "Result Type": "INPUT", "Arguments": [1], "Removed Arguments": [1], "Result": 1}, {"Node Type": "INPUT", "Result Type": "INPUT", "Arguments": [2], "Removed Arguments": [2], "Result": 2}, {"Node Type": "INPUT", "Result Type": "INPUT", "Arguments": [3], "Removed Arguments": [3], "Result": 3}, {"Node Type": "INPUT", "Result Type": "INPUT", "Arguments": [4], "Removed Arguments": [], "Result": 4}, {"Node Type": "INPUT", "Result Type": "INPUT", "Arguments": [5], "Removed Arguments": [], "Result": 5}, {"Node Type": "ALIAS", "Result Type": "ALIAS", "Arguments": [4], "Removed Arguments": [4], "Result": 6}, {"Node Type": "ALIAS", "Result Type": "ALIAS", "Arguments": [5], "Removed Arguments": [5], "Result": 4}], "Outputs": [{"Name": "person_id", "Type": "Int64"}, {"Name": "--ci.movie_id", "Type": "Int64"}, {"Name": "--mi.movie_id", "Type": "Int64"}, {"Name": "--mi.info", "Type": "String"}, {"Name": "--mi_idx.movie_id", "Type": "Int64"}, {"Name": "--mi_idx.info", "Type": "String"}], "Positions": [0, 1, 2, 3, 6, 4], "Project Input": true}, "Plans": [{"Node Type": "Filter", "Description": "WHERE", "Header": [{"Name": "person_id", "Type": "Int64"}, {"Name": "--ci.movie_id", "Type": "Int64"}, {"Name": "--mi.movie_id", "Type": "Int64"}, {"Name": "--mi.info", "Type": "String"}, {"Name": "movie_id", "Type": "Int64"}, {"Name": "info", "Type": "String"}], "Filter Column": "0", "Removes Filter": true, "Expression": {"Inputs": [{"Name": "person_id", "Type": "Int64"}, {"Name": "--ci.movie_id", "Type": "Int64"}, {"Name": "--mi.movie_id", "Type": "Int64"}, {"Name": "--mi.info", "Type": "String"}, {"Name": "movie_id", "Type": "Int64"}, {"Name": "info", "Type": "String"}], "Actions": [{"Node Type": "INPUT", "Result Type": "INPUT", "Arguments": [0], "Removed Arguments": [0], "Result": 0}, {"Node Type": "INPUT", "Result Type": "INPUT", "Arguments": [1], "Removed Arguments": [1], "Result": 1}, {"Node Type": "INPUT", "Result Type": "INPUT", "Arguments": [2], "Removed Arguments": [2], "Result": 2}, {"Node Type": "INPUT", "Result Type": "INPUT", "Arguments": [3], "Removed Arguments": [3], "Result": 3}, {"Node Type": "INPUT", "Result Type": "INPUT", "Arguments": [4], "Removed Arguments": [4], "Result": 4}, {"Node Type": "INPUT", "Result Type": "INPUT", "Arguments": [5], "Removed Arguments": [5], "Result": 5}, {"Node Type": "COLUMN", "Result Type": "COLUMN", "Column": "Const(UInt8)", "Arguments": [], "Removed Arguments": [], "Result": 6}], "Outputs": [{"Name": "person_id", "Type": "Int64"}, {"Name": "--ci.movie_id", "Type": "Int64"}, {"Name": "--mi.movie_id", "Type": "Int64"}, {"Name": "--mi.info", "Type": "String"}, {"Name": "movie_id", "Type": "Int64"}, {"Name": "info", "Type": "String"}, {"Name": "0", "Type": "UInt8"}], "Positions": [0, 1, 2, 3, 4, 5, 6], "Project Input": true}, "Plans": [{"Node Type": "Join", "Description": "JOIN", "Header": [{"Name": "person_id", "Type": "Int64"}, {"Name": "--ci.movie_id", "Type": "Int64"}, {"Name": "--it2.id", "Type": "Int64"}, {"Name": "--mi.movie_id", "Type": "Int64"}, {"Name": "--mi.info", "Type": "String"}, {"Name": "movie_id", "Type": "Int64"}, {"Name": "info_type_id", "Type": "Int64"}, {"Name": "info", "Type": "String"}], "Plans": [{"Node Type": "Expression", "Description": "(Before JOIN + (Projection + Before ORDER BY))", "Header": [{"Name": "person_id", "Type": "Int64"}, {"Name": "--ci.movie_id", "Type": "Int64"}, {"Name": "--it2.id", "Type": "Int64"}, {"Name": "--mi.movie_id", "Type": "Int64"}, {"Name": "--mi.info", "Type": "String"}], "Expression": {"Inputs": [{"Name": "person_id", "Type": "Int64"}, {"Name": "--ci.movie_id", "Type": "Int64"}, {"Name": "--it2.id", "Type": "Int64"}, {"Name": "movie_id", "Type": "Int64"}, {"Name": "info", "Type": "String"}], "Actions": [{"Node Type": "INPUT", "Result Type": "INPUT", "Arguments": [0], "Removed Arguments": [0], "Result": 0}, {"Node Type": "INPUT", "Result Type": "INPUT", "Arguments": [1], "Removed Arguments": [1], "Result": 1}, {"Node Type": "INPUT", "Result Type": "INPUT", "Arguments": [2], "Removed Arguments": [2], "Result": 2}, {"Node Type": "INPUT", "Result Type": "INPUT", "Arguments": [3], "Removed Arguments": [], "Result": 3}, {"Node Type": "INPUT", "Result Type": "INPUT", "Arguments": [4], "Removed Arguments": [], "Result": 4}, {"Node Type": "ALIAS", "Result Type": "ALIAS", "Arguments": [3], "Removed Arguments": [3], "Result": 5}, {"Node Type": "ALIAS", "Result Type": "ALIAS", "Arguments": [4], "Removed Arguments": [4], "Result": 3}], "Outputs": [{"Name": "person_id", "Type": "Int64"}, {"Name": "--ci.movie_id", "Type": "Int64"}, {"Name": "--it2.id", "Type": "Int64"}, {"Name": "--mi.movie_id", "Type": "Int64"}, {"Name": "--mi.info", "Type": "String"}], "Positions": [0, 1, 2, 5, 3], "Project Input": true}, "Plans": [{"Node Type": "Filter", "Description": "WHERE", "Header": [{"Name": "person_id", "Type": "Int64"}, {"Name": "--ci.movie_id", "Type": "Int64"}, {"Name": "--it2.id", "Type": "Int64"}, {"Name": "movie_id", "Type": "Int64"}, {"Name": "info", "Type": "String"}], "Filter Column": "0", "Removes Filter": true, "Expression": {"Inputs": [{"Name": "person_id", "Type": "Int64"}, {"Name": "--ci.movie_id", "Type": "Int64"}, {"Name": "--it2.id", "Type": "Int64"}, {"Name": "movie_id", "Type": "Int64"}, {"Name": "info", "Type": "String"}], "Actions": [{"Node Type": "INPUT", "Result Type": "INPUT", "Arguments": [0], "Removed Arguments": [0], "Result": 0}, {"Node Type": "INPUT", "Result Type": "INPUT", "Arguments": [1], "Removed Arguments": [1], "Result": 1}, {"Node Type": "INPUT", "Result Type": "INPUT", "Arguments": [2], "Removed Arguments": [2], "Result": 2}, {"Node Type": "INPUT", "Result Type": "INPUT", "Arguments": [3], "Removed Arguments": [3], "Result": 3}, {"Node Type": "INPUT", "Result Type": "INPUT", "Arguments": [4], "Removed Arguments": [4], "Result": 4}, {"Node Type": "COLUMN", "Result Type": "COLUMN", "Column": "Const(UInt8)", "Arguments": [], "Removed Arguments": [], "Result": 5}], "Outputs": [{"Name": "person_id", "Type": "Int64"}, {"Name": "--ci.movie_id", "Type": "Int64"}, {"Name": "--it2.id", "Type": "Int64"}, {"Name": "movie_id", "Type": "Int64"}, {"Name": "info", "Type": "String"}, {"Name": "0", "Type": "UInt8"}], "Positions": [0, 1, 2, 3, 4, 5], "Project Input": true}, "Plans": [{"Node Type": "Join", "Description": "JOIN", "Header": [{"Name": "person_id", "Type": "Int64"}, {"Name": "--ci.movie_id", "Type": "Int64"}, {"Name": "--it1.id", "Type": "Int64"}, {"Name": "--it2.id", "Type": "Int64"}, {"Name": "movie_id", "Type": "Int64"}, {"Name": "info_type_id", "Type": "Int64"}, {"Name": "info", "Type": "String"}], "Plans": [{"Node Type": "Expression", "Description": "(Before JOIN + (Projection + Before ORDER BY))", "Header": [{"Name": "person_id", "Type": "Int64"}, {"Name": "--ci.movie_id", "Type": "Int64"}, {"Name": "--it1.id", "Type": "Int64"}, {"Name": "--it2.id", "Type": "Int64"}], "Expression": {"Inputs": [{"Name": "person_id", "Type": "Int64"}, {"Name": "--ci.movie_id", "Type": "Int64"}, {"Name": "--it1.id", "Type": "Int64"}, {"Name": "id", "Type": "Int64"}], "Actions": [{"Node Type": "INPUT", "Result Type": "INPUT", "Arguments": [0], "Removed Arguments": [0], "Result": 0}, {"Node Type": "INPUT", "Result Type": "INPUT", "Arguments": [1], "Removed Arguments": [1], "Result": 1}, {"Node Type": "INPUT", "Result Type": "INPUT", "Arguments": [2], "Removed Arguments": [2], "Result": 2}, {"Node Type": "INPUT", "Result Type": "INPUT", "Arguments": [3], "Removed Arguments": [], "Result": 3}, {"Node Type": "ALIAS", "Result Type": "ALIAS", "Arguments": [3], "Removed Arguments": [3], "Result": 4}], "Outputs": [{"Name": "person_id", "Type": "Int64"}, {"Name": "--ci.movie_id", "Type": "Int64"}, {"Name": "--it1.id", "Type": "Int64"}, {"Name": "--it2.id", "Type": "Int64"}], "Positions": [0, 1, 2, 4], "Project Input": true}, "Plans": [{"Node Type": "Filter", "Description": "WHERE", "Header": [{"Name": "person_id", "Type": "Int64"}, {"Name": "--ci.movie_id", "Type": "Int64"}, {"Name": "--it1.id", "Type": "Int64"}, {"Name": "id", "Type": "Int64"}], "Filter Column": "0", "Removes Filter": true, "Expression": {"Inputs": [{"Name": "person_id", "Type": "Int64"}, {"Name": "--ci.movie_id", "Type": "Int64"}, {"Name": "--it1.id", "Type": "Int64"}, {"Name": "id", "Type": "Int64"}], "Actions": [{"Node Type": "INPUT", "Result Type": "INPUT", "Arguments": [0], "Removed Arguments": [0], "Result": 0}, {"Node Type": "INPUT", "Result Type": "INPUT", "Arguments": [1], "Removed Arguments": [1], "Result": 1}, {"Node Type": "INPUT", "Result Type": "INPUT", "Arguments": [2], "Removed Arguments": [2], "Result": 2}, {"Node Type": "INPUT", "Result Type": "INPUT", "Arguments": [3], "Removed Arguments": [3], "Result": 3}, {"Node Type": "COLUMN", "Result Type": "COLUMN", "Column": "Const(UInt8)", "Arguments": [], "Removed Arguments": [], "Result": 4}], "Outputs": [{"Name": "person_id", "Type": "Int64"}, {"Name": "--ci.movie_id", "Type": "Int64"}, {"Name": "--it1.id", "Type": "Int64"}, {"Name": "id", "Type": "Int64"}, {"Name": "0", "Type": "UInt8"}], "Positions": [0, 1, 2, 3, 4], "Project Input": true}, "Plans": [{"Node Type": "Join", "Description": "JOIN", "Header": [{"Name": "person_id", "Type": "Int64"}, {"Name": "--ci.movie_id", "Type": "Int64"}, {"Name": "--it1.id", "Type": "Int64"}, {"Name": "id", "Type": "Int64"}], "Plans": [{"Node Type": "Expression", "Description": "(Before JOIN + (Projection + Before ORDER BY))", "Header": [{"Name": "person_id", "Type": "Int64"}, {"Name": "--ci.movie_id", "Type": "Int64"}, {"Name": "--it1.id", "Type": "Int64"}], "Expression": {"Inputs": [{"Name": "person_id", "Type": "Int64"}, {"Name": "movie_id", "Type": "Int64"}, {"Name": "it1.id", "Type": "Int64"}], "Actions": [{"Node Type": "INPUT", "Result Type": "INPUT", "Arguments": [0], "Removed Arguments": [0], "Result": 0}, {"Node Type": "INPUT", "Result Type": "INPUT", "Arguments": [1], "Removed Arguments": [], "Result": 1}, {"Node Type": "INPUT", "Result Type": "INPUT", "Arguments": [2], "Removed Arguments": [], "Result": 2}, {"Node Type": "ALIAS", "Result Type": "ALIAS", "Arguments": [1], "Removed Arguments": [1], "Result": 3}, {"Node Type": "ALIAS", "Result Type": "ALIAS", "Arguments": [2], "Removed Arguments": [2], "Result": 1}], "Outputs": [{"Name": "person_id", "Type": "Int64"}, {"Name": "--ci.movie_id", "Type": "Int64"}, {"Name": "--it1.id", "Type": "Int64"}], "Positions": [0, 3, 1], "Project Input": true}, "Plans": [{"Node Type": "Filter", "Description": "WHERE", "Header": [{"Name": "person_id", "Type": "Int64"}, {"Name": "movie_id", "Type": "Int64"}, {"Name": "it1.id", "Type": "Int64"}], "Filter Column": "and(in(note, ('(writer)', '(head writer)', '(written by)', '(story)', '(story editor)')), and(0, 0, 0, 0, 0, equals(info, 'genres')))", "Removes Filter": true, "Expression": {"Inputs": [{"Name": "person_id", "Type": "Int64"}, {"Name": "movie_id", "Type": "Int64"}, {"Name": "it1.id", "Type": "Int64"}], "Actions": [{"Node Type": "INPUT", "Result Type": "INPUT", "Arguments": [0], "Removed Arguments": [0], "Result": 0}, {"Node Type": "INPUT", "Result Type": "INPUT", "Arguments": [1], "Removed Arguments": [1], "Result": 1}, {"Node Type": "INPUT", "Result Type": "INPUT", "Arguments": [2], "Removed Arguments": [2], "Result": 2}, {"Node Type": "COLUMN", "Result Type": "COLUMN", "Column": "Const(UInt8)", "Function": "and", "Arguments": [], "Removed Arguments": [], "Result": 3}], "Outputs": [{"Name": "person_id", "Type": "Int64"}, {"Name": "movie_id", "Type": "Int64"}, {"Name": "it1.id", "Type": "Int64"}, {"Name": "and(in(note, ('(writer)', '(head writer)', '(written by)', '(story)', '(story editor)')), and(0, 0, 0, 0, 0, equals(info, 'genres')))", "Type": "UInt8"}], "Positions": [0, 1, 2, 3], "Project Input": true}, "Plans": [{"Node Type": "Join", "Description": "JOIN", "Header": [{"Name": "person_id", "Type": "Int64"}, {"Name": "movie_id", "Type": "Int64"}, {"Name": "it1.id", "Type": "Int64"}, {"Name": "info", "Type": "String"}], "Plans": [{"Node Type": "Expression", "Description": "Before JOIN", "Header": [{"Name": "person_id", "Type": "Int64"}, {"Name": "movie_id", "Type": "Int64"}], "Expression": {"Inputs": [{"Name": "person_id", "Type": "Int64"}, {"Name": "movie_id", "Type": "Int64"}], "Actions": [{"Node Type": "INPUT", "Result Type": "INPUT", "Arguments": [0], "Removed Arguments": [0], "Result": 0}, {"Node Type": "INPUT", "Result Type": "INPUT", "Arguments": [1], "Removed Arguments": [1], "Result": 1}], "Outputs": [{"Name": "person_id", "Type": "Int64"}, {"Name": "movie_id", "Type": "Int64"}], "Positions": [0, 1], "Project Input": false}, "Plans": [{"Node Type": "SettingQuotaAndLimits", "Description": "Set limits and quota after reading from storage", "Header": [{"Name": "person_id", "Type": "Int64"}, {"Name": "movie_id", "Type": "Int64"}], "Plans": [{"Node Type": "ReadFromMergeTree", "Header": [{"Name": "person_id", "Type": "Int64"}, {"Name": "movie_id", "Type": "Int64"}], "Read Type": "Default"}]}]}, {"Node Type": "Expression", "Description": "(Joined actions + (Rename joined columns + (Projection + Before ORDER BY)))", "Header": [{"Name": "it1.id", "Type": "Int64"}, {"Name": "info", "Type": "String"}], "Expression": {"Inputs": [{"Name": "id", "Type": "Int64"}, {"Name": "info", "Type": "String"}], "Actions": [{"Node Type": "INPUT", "Result Type": "INPUT", "Arguments": [0], "Removed Arguments": [], "Result": 0}, {"Node Type": "INPUT", "Result Type": "INPUT", "Arguments": [1], "Removed Arguments": [], "Result": 1}, {"Node Type": "ALIAS", "Result Type": "ALIAS", "Arguments": [0], "Removed Arguments": [0], "Result": 2}, {"Node Type": "ALIAS", "Result Type": "ALIAS", "Arguments": [1], "Removed Arguments": [1], "Result": 0}], "Outputs": [{"Name": "it1.id", "Type": "Int64"}, {"Name": "info", "Type": "String"}], "Positions": [2, 0], "Project Input": true}, "Plans": [{"Node Type": "SettingQuotaAndLimits", "Description": "Set limits and quota after reading from storage", "Header": [{"Name": "id", "Type": "Int64"}, {"Name": "info", "Type": "String"}], "Plans": [{"Node Type": "ReadFromMergeTree", "Header": [{"Name": "id", "Type": "Int64"}, {"Name": "info", "Type": "String"}], "Read Type": "Default", "Parts": 1, "Granules": 1}]}]}]}]}]}, {"Node Type": "Expression", "Description": "(Joined actions + (Rename joined columns + (Projection + Before ORDER BY)))", "Header": [{"Name": "id", "Type": "Int64"}], "Expression": {"Inputs": [{"Name": "id", "Type": "Int64"}], "Actions": [{"Node Type": "INPUT", "Result Type": "INPUT", "Arguments": [0], "Removed Arguments": [], "Result": 0}, {"Node Type": "ALIAS", "Result Type": "ALIAS", "Arguments": [0], "Removed Arguments": [0], "Result": 1}], "Outputs": [{"Name": "id", "Type": "Int64"}], "Positions": [1], "Project Input": true}, "Plans": [{"Node Type": "SettingQuotaAndLimits", "Description": "Set limits and quota after reading from storage", "Header": [{"Name": "id", "Type": "Int64"}], "Plans": [{"Node Type": "ReadFromMergeTree", "Header": [{"Name": "id", "Type": "Int64"}], "Read Type": "Default", "Parts": 1, "Granules": 1}]}]}]}]}]}, {"Node Type": "Expression", "Description": "(Joined actions + (Rename joined columns + (Projection + Before ORDER BY)))", "Header": [{"Name": "movie_id", "Type": "Int64"}, {"Name": "info_type_id", "Type": "Int64"}, {"Name": "--mi.movie_id", "Type": "Int64"}, {"Name": "--mi.info_type_id", "Type": "Int64"}, {"Name": "info", "Type": "String"}], "Expression": {"Inputs": [{"Name": "movie_id", "Type": "Int64"}, {"Name": "info_type_id", "Type": "Int64"}, {"Name": "info", "Type": "String"}], "Actions": [{"Node Type": "INPUT", "Result Type": "INPUT", "Arguments": [0], "Removed Arguments": [], "Result": 0}, {"Node Type": "INPUT", "Result Type": "INPUT", "Arguments": [1], "Removed Arguments": [], "Result": 1}, {"Node Type": "INPUT", "Result Type": "INPUT", "Arguments": [2], "Removed Arguments": [], "Result": 2}, {"Node Type": "ALIAS", "Result Type": "ALIAS", "Arguments": [0], "Removed Arguments": [0], "Result": 3}, {"Node Type": "ALIAS", "Result Type": "ALIAS", "Arguments": [1], "Removed Arguments": [1], "Result": 0}, {"Node Type": "ALIAS", "Result Type": "ALIAS", "Arguments": [2], "Removed Arguments": [2], "Result": 1}, {"Node Type": "ALIAS", "Result Type": "ALIAS", "Arguments": [3], "Removed Arguments": [], "Result": 2}, {"Node Type": "ALIAS", "Result Type": "ALIAS", "Arguments": [0], "Removed Arguments": [], "Result": 4}], "Outputs": [{"Name": "movie_id", "Type": "Int64"}, {"Name": "info_type_id", "Type": "Int64"}, {"Name": "--mi.movie_id", "Type": "Int64"}, {"Name": "--mi.info_type_id", "Type": "Int64"}, {"Name": "info", "Type": "String"}], "Positions": [3, 0, 2, 4, 1], "Project Input": true}, "Plans": [{"Node Type": "SettingQuotaAndLimits", "Description": "Set limits and quota after reading from storage", "Header": [{"Name": "movie_id", "Type": "Int64"}, {"Name": "info_type_id", "Type": "Int64"}, {"Name": "info", "Type": "String"}], "Plans": [{"Node Type": "ReadFromMergeTree", "Header": [{"Name": "movie_id", "Type": "Int64"}, {"Name": "info_type_id", "Type": "Int64"}, {"Name": "info", "Type": "String"}], "Read Type": "Default", "Parts": 2, "Granules": 1749}]}]}]}]}]}, {"Node Type": "Expression", "Description": "(Joined actions + (Rename joined columns + (Projection + Before ORDER BY)))", "Header": [{"Name": "movie_id", "Type": "Int64"}, {"Name": "info_type_id", "Type": "Int64"}, {"Name": "--mi_idx.movie_id", "Type": "Int64"}, {"Name": "--mi_idx.info_type_id", "Type": "Int64"}, {"Name": "info", "Type": "String"}], "Expression": {"Inputs": [{"Name": "movie_id", "Type": "Int64"}, {"Name": "info_type_id", "Type": "Int64"}, {"Name": "info", "Type": "String"}], "Actions": [{"Node Type": "INPUT", "Result Type": "INPUT", "Arguments": [0], "Removed Arguments": [], "Result": 0}, {"Node Type": "INPUT", "Result Type": "INPUT", "Arguments": [1], "Removed Arguments": [], "Result": 1}, {"Node Type": "INPUT", "Result Type": "INPUT", "Arguments": [2], "Removed Arguments": [], "Result": 2}, {"Node Type": "ALIAS", "Result Type": "ALIAS", "Arguments": [0], "Removed Arguments": [0], "Result": 3}, {"Node Type": "ALIAS", "Result Type": "ALIAS", "Arguments": [1], "Removed Arguments": [1], "Result": 0}, {"Node Type": "ALIAS", "Result Type": "ALIAS", "Arguments": [2], "Removed Arguments": [2], "Result": 1}, {"Node Type": "ALIAS", "Result Type": "ALIAS", "Arguments": [3], "Removed Arguments": [], "Result": 2}, {"Node Type": "ALIAS", "Result Type": "ALIAS", "Arguments": [0], "Removed Arguments": [], "Result": 4}], "Outputs": [{"Name": "movie_id", "Type": "Int64"}, {"Name": "info_type_id", "Type": "Int64"}, {"Name": "--mi_idx.movie_id", "Type": "Int64"}, {"Name": "--mi_idx.info_type_id", "Type": "Int64"}, {"Name": "info", "Type": "String"}], "Positions": [3, 0, 2, 4, 1], "Project Input": true}, "Plans": [{"Node Type": "SettingQuotaAndLimits", "Description": "Set limits and quota after reading from storage", "Header": [{"Name": "movie_id", "Type": "Int64"}, {"Name": "info_type_id", "Type": "Int64"}, {"Name": "info", "Type": "String"}], "Plans": [{"Node Type": "ReadFromMergeTree", "Header": [{"Name": "movie_id", "Type": "Int64"}, {"Name": "info_type_id", "Type": "Int64"}, {"Name": "info", "Type": "String"}], "Read Type": "Default", "Parts": 2, "Granules": 169}]}]}]}]}]}, {"Node Type": "Expression", "Description": "(Joined actions + (Rename joined columns + (Projection + Before ORDER BY)))", "Header": [{"Name": "id", "Type": "Int64"}, {"Name": "--n.id", "Type": "Int64"}], "Expression": {"Inputs": [{"Name": "id", "Type": "Int64"}], "Actions": [{"Node Type": "INPUT", "Result Type": "INPUT", "Arguments": [0], "Removed Arguments": [], "Result": 0}, {"Node Type": "ALIAS", "Result Type": "ALIAS", "Arguments": [0], "Removed Arguments": [0], "Result": 1}, {"Node Type": "ALIAS", "Result Type": "ALIAS", "Arguments": [1], "Removed Arguments": [], "Result": 0}], "Outputs": [{"Name": "id", "Type": "Int64"}, {"Name": "--n.id", "Type": "Int64"}], "Positions": [1, 0], "Project Input": true}, "Plans": [{"Node Type": "SettingQuotaAndLimits", "Description": "Set limits and quota after reading from storage", "Header": [{"Name": "id", "Type": "Int64"}], "Plans": [{"Node Type": "ReadFromMergeTree", "Header": [{"Name": "id", "Type": "Int64"}], "Read Type": "Default", "Parts": 1, "Granules": 509}]}]}]}]}]}, {"Node Type": "Expression", "Description": "(Joined actions + (Rename joined columns + (Projection + Before ORDER BY)))", "Header": [{"Name": "id", "Type": "Int64"}, {"Name": "title", "Type": "String"}], "Expression": {"Inputs": [{"Name": "id", "Type": "Int64"}, {"Name": "title", "Type": "String"}], "Actions": [{"Node Type": "INPUT", "Result Type": "INPUT", "Arguments": [0], "Removed Arguments": [], "Result": 0}, {"Node Type": "INPUT", "Result Type": "INPUT", "Arguments": [1], "Removed Arguments": [], "Result": 1}, {"Node Type": "ALIAS", "Result Type": "ALIAS", "Arguments": [0], "Removed Arguments": [0], "Result": 2}, {"Node Type": "ALIAS", "Result Type": "ALIAS", "Arguments": [1], "Removed Arguments": [1], "Result": 0}], "Outputs": [{"Name": "id", "Type": "Int64"}, {"Name": "title", "Type": "String"}], "Positions": [2, 0], "Project Input": true}, "Plans": [{"Node Type": "SettingQuotaAndLimits", "Description": "Set limits and quota after reading from storage", "Header": [{"Name": "id", "Type": "Int64"}, {"Name": "title", "Type": "String"}], "Plans": [{"Node Type": "ReadFromMergeTree", "Header": [{"Name": "id", "Type": "Int64"}, {"Name": "title", "Type": "String"}], "Read Type": "Default", "Parts": 2, "Granules": 308}]}]}]}]}]}]}]}}]