[{"Plan": {"Node Type": "Expression", "Description": "(Projection + Before ORDER BY)", "Header": [{"Name": "movie_budget", "Type": "String"}, {"Name": "movie_votes", "Type": "String"}, {"Name": "movie_title", "Type": "String"}], "Expression": {"Inputs": [{"Name": "min(--mi.info)", "Type": "String"}, {"Name": "min(--mi_idx.info)", "Type": "String"}, {"Name": "min(title)", "Type": "String"}], "Actions": [{"Node Type": "INPUT", "Result Type": "INPUT", "Arguments": [0], "Removed Arguments": [], "Result": 0}, {"Node Type": "INPUT", "Result Type": "INPUT", "Arguments": [1], "Removed Arguments": [], "Result": 1}, {"Node Type": "INPUT", "Result Type": "INPUT", "Arguments": [2], "Removed Arguments": [], "Result": 2}, {"Node Type": "ALIAS", "Result Type": "ALIAS", "Arguments": [0], "Removed Arguments": [0], "Result": 3}, {"Node Type": "ALIAS", "Result Type": "ALIAS", "Arguments": [1], "Removed Arguments": [1], "Result": 0}, {"Node Type": "ALIAS", "Result Type": "ALIAS", "Arguments": [2], "Removed Arguments": [2], "Result": 1}], "Outputs": [{"Name": "movie_budget", "Type": "String"}, {"Name": "movie_votes", "Type": "String"}, {"Name": "movie_title", "Type": "String"}], "Positions": [3, 0, 1], "Project Input": true}, "Plans": [{"Node Type": "Aggregating", "Header": [{"Name": "min(--mi.info)", "Type": "String"}, {"Name": "min(--mi_idx.info)", "Type": "String"}, {"Name": "min(title)", "Type": "String"}], "Keys": [], "Aggregates": [{"Name": "min(--mi.info)", "Function": {"Name": "min", "Argument Types": ["String"], "Result Type": "String"}, "Arguments": ["--mi.info"], "Argument Positions": [0]}, {"Name": "min(--mi_idx.info)", "Function": {"Name": "min", "Argument Types": ["String"], "Result Type": "String"}, "Arguments": ["--mi_idx.info"], "Argument Positions": [1]}, {"Name": "min(title)", "Function": {"Name": "min", "Argument Types": ["String"], "Result Type": "String"}, "Arguments": ["title"], "Argument Positions": [2]}], "Plans": [{"Node Type": "Expression", "Description": "Before GROUP BY", "Header": [{"Name": "--mi.info", "Type": "String"}, {"Name": "--mi_idx.info", "Type": "String"}, {"Name": "title", "Type": "String"}], "Expression": {"Inputs": [{"Name": "--mi.info", "Type": "String"}, {"Name": "--mi_idx.info", "Type": "String"}, {"Name": "title", "Type": "String"}], "Actions": [{"Node Type": "INPUT", "Result Type": "INPUT", "Arguments": [0], "Removed Arguments": [0], "Result": 0}, {"Node Type": "INPUT", "Result Type": "INPUT", "Arguments": [1], "Removed Arguments": [1], "Result": 1}, {"Node Type": "INPUT", "Result Type": "INPUT", "Arguments": [2], "Removed Arguments": [2], "Result": 2}], "Outputs": [{"Name": "--mi.info", "Type": "String"}, {"Name": "--mi_idx.info", "Type": "String"}, {"Name": "title", "Type": "String"}], "Positions": [0, 1, 2], "Project Input": true}, "Plans": [{"Node Type": "Filter", "Description": "WHERE", "Header": [{"Name": "--mi.info", "Type": "String"}, {"Name": "--mi_idx.info", "Type": "String"}, {"Name": "title", "Type": "String"}], "Filter Column": "and(in(--ci.note, ('(writer)', '(head writer)', '(written by)', '(story)', '(story editor)')), equals(--it1.info, 'genres'), equals(--it2.info, 'votes'), in(--mi.info, ('Horror', 'Action', 'Sci-Fi', 'Thriller', 'Crime', 'War')), equals(gender, 'm'), equals(id, --mi.movie_id), equals(id, --mi_idx.movie_id), equals(id, --ci.movie_id), equals(--ci.movie_id, --mi.movie_id), equals(--ci.movie_id, --mi_idx.movie_id), equals(--mi.movie_id, --mi_idx.movie_id), equals(--n.id, person_id), equals(--it1.id, --mi.info_type_id), equals(--it2.id, --mi_idx.info_type_id))", "Removes Filter": true, "Expression": {"Inputs": [{"Name": "person_id", "Type": "Int64"}, {"Name": "--ci.movie_id", "Type": "Int64"}, {"Name": "--ci.note", "Type": "String"}, {"Name": "--it1.id", "Type": "Int64"}, {"Name": "--it1.info", "Type": "String"}, {"Name": "--it2.id", "Type": "Int64"}, {"Name": "--it2.info", "Type": "String"}, {"Name": "--mi.info_type_id", "Type": "Int64"}, {"Name": "--mi.movie_id", "Type": "Int64"}, {"Name": "--mi.info", "Type": "String"}, {"Name": "--mi_idx.info_type_id", "Type": "Int64"}, {"Name": "--mi_idx.movie_id", "Type": "Int64"}, {"Name": "--mi_idx.info", "Type": "String"}, {"Name": "gender", "Type": "String"}, {"Name": "--n.id", "Type": "Int64"}, {"Name": "id", "Type": "Int64"}, {"Name": "title", "Type": "String"}], "Actions": [{"Node Type": "INPUT", "Result Type": "INPUT", "Arguments": [0], "Removed Arguments": [], "Result": 0}, {"Node Type": "INPUT", "Result Type": "INPUT", "Arguments": [1], "Removed Arguments": [], "Result": 1}, {"Node Type": "INPUT", "Result Type": "INPUT", "Arguments": [2], "Removed Arguments": [], "Result": 2}, {"Node Type": "INPUT", "Result Type": "INPUT", "Arguments": [3], "Removed Arguments": [], "Result": 3}, {"Node Type": "INPUT", "Result Type": "INPUT", "Arguments": [4], "Removed Arguments": [], "Result": 4}, {"Node Type": "INPUT", "Result Type": "INPUT", "Arguments": [5], "Removed Arguments": [], "Result": 5}, {"Node Type": "INPUT", "Result Type": "INPUT", "Arguments": [6], "Removed Arguments": [], "Result": 6}, {"Node Type": "INPUT", "Result Type": "INPUT", "Arguments": [7], "Removed Arguments": [], "Result": 7}, {"Node Type": "INPUT", "Result Type": "INPUT", "Arguments": [8], "Removed Arguments": [], "Result": 8}, {"Node Type": "INPUT", "Result Type": "INPUT", "Arguments": [9], "Removed Arguments": [], "Result": 9}, {"Node Type": "INPUT", "Result Type": "INPUT", "Arguments": [10], "Removed Arguments": [], "Result": 10}, {"Node Type": "INPUT", "Result Type": "INPUT", "Arguments": [11], "Removed Arguments": [], "Result": 11}, {"Node Type": "INPUT", "Result Type": "INPUT", "Arguments": [12], "Removed Arguments": [12], "Result": 12}, {"Node Type": "INPUT", "Result Type": "INPUT", "Arguments": [13], "Removed Arguments": [], "Result": 13}, {"Node Type": "INPUT", "Result Type": "INPUT", "Arguments": [14], "Removed Arguments": [], "Result": 14}, {"Node Type": "INPUT", "Result Type": "INPUT", "Arguments": [15], "Removed Arguments": [], "Result": 15}, {"Node Type": "INPUT", "Result Type": "INPUT", "Arguments": [16], "Removed Arguments": [16], "Result": 16}, {"Node Type": "COLUMN", "Result Type": "COLUMN", "Column": "Const(Set)", "Arguments": [], "Removed Arguments": [], "Result": 17}, {"Node Type": "COLUMN", "Result Type": "COLUMN", "Column": "Const(String)", "Arguments": [], "Removed Arguments": [], "Result": 18}, {"Node Type": "COLUMN", "Result Type": "COLUMN", "Column": "Const(String)", "Arguments": [], "Removed Arguments": [], "Result": 19}, {"Node Type": "COLUMN", "Result Type": "COLUMN", "Column": "Const(Set)", "Arguments": [], "Removed Arguments": [], "Result": 20}, {"Node Type": "COLUMN", "Result Type": "COLUMN", "Column": "Const(String)", "Arguments": [], "Removed Arguments": [], "Result": 21}, {"Node Type": "FUNCTION", "Result Type": "FUNCTION", "Function": "equals", "Compiled": false, "Arguments": [3, 7], "Removed Arguments": [3, 7], "Result": 22}, {"Node Type": "FUNCTION", "Result Type": "FUNCTION", "Function": "equals", "Compiled": false, "Arguments": [5, 10], "Removed Arguments": [5, 10], "Result": 7}, {"Node Type": "FUNCTION", "Result Type": "FUNCTION", "Function": "equals", "Compiled": false, "Arguments": [14, 0], "Removed Arguments": [14, 0], "Result": 10}, {"Node Type": "FUNCTION", "Result Type": "FUNCTION", "Function": "equals", "Compiled": false, "Arguments": [15, 8], "Removed Arguments": [8], "Result": 0}, {"Node Type": "FUNCTION", "Result Type": "FUNCTION", "Function": "equals", "Compiled": false, "Arguments": [15, 11], "Removed Arguments": [11], "Result": 8}, {"Node Type": "FUNCTION", "Result Type": "FUNCTION", "Function": "equals", "Compiled": false, "Arguments": [15, 1], "Removed Arguments": [15, 1], "Result": 11}, {"Node Type": "FUNCTION", "Result Type": "FUNCTION", "Function": "in", "Compiled": false, "Arguments": [2, 17], "Removed Arguments": [2, 17], "Result": 1}, {"Node Type": "FUNCTION", "Result Type": "FUNCTION", "Function": "equals", "Compiled": false, "Arguments": [4, 18], "Removed Arguments": [4, 18], "Result": 17}, {"Node Type": "FUNCTION", "Result Type": "FUNCTION", "Function": "equals", "Compiled": false, "Arguments": [6, 19], "Removed Arguments": [6, 19], "Result": 18}, {"Node Type": "FUNCTION", "Result Type": "FUNCTION", "Function": "in", "Compiled": false, "Arguments": [9, 20], "Removed Arguments": [20], "Result": 19}, {"Node Type": "FUNCTION", "Result Type": "FUNCTION", "Function": "equals", "Compiled": false, "Arguments": [13, 21], "Removed Arguments": [13, 21], "Result": 20}, {"Node Type": "FUNCTION", "Result Type": "FUNCTION", "Function": "and", "Compiled": false, "Arguments": [1, 17, 18, 19, 20, 0, 8, 11, 10, 22, 7], "Removed Arguments": [1, 17, 18, 19, 20, 0, 8, 11, 10, 22, 7], "Result": 21}], "Outputs": [{"Name": "--mi.info", "Type": "String"}, {"Name": "--mi_idx.info", "Type": "String"}, {"Name": "title", "Type": "String"}, {"Name": "and(in(--ci.note, ('(writer)', '(head writer)', '(written by)', '(story)', '(story editor)')), equals(--it1.info, 'genres'), equals(--it2.info, 'votes'), in(--mi.info, ('Horror', 'Action', 'Sci-Fi', 'Thriller', 'Crime', 'War')), equals(gender, 'm'), equals(id, --mi.movie_id), equals(id, --mi_idx.movie_id), equals(id, --ci.movie_id), equals(--ci.movie_id, --mi.movie_id), equals(--ci.movie_id, --mi_idx.movie_id), equals(--mi.movie_id, --mi_idx.movie_id), equals(--n.id, person_id), equals(--it1.id, --mi.info_type_id), equals(--it2.id, --mi_idx.info_type_id))", "Type": "UInt8"}], "Positions": [9, 12, 16, 21], "Project Input": true}, "Plans": [{"Node Type": "Join", "Description": "JOIN", "Header": [{"Name": "person_id", "Type": "Int64"}, {"Name": "--ci.movie_id", "Type": "Int64"}, {"Name": "--ci.note", "Type": "String"}, {"Name": "--it1.id", "Type": "Int64"}, {"Name": "--it1.info", "Type": "String"}, {"Name": "--it2.id", "Type": "Int64"}, {"Name": "--it2.info", "Type": "String"}, {"Name": "--mi.info_type_id", "Type": "Int64"}, {"Name": "--mi.movie_id", "Type": "Int64"}, {"Name": "--mi.info", "Type": "String"}, {"Name": "--mi_idx.info_type_id", "Type": "Int64"}, {"Name": "--mi_idx.movie_id", "Type": "Int64"}, {"Name": "--mi_idx.info", "Type": "String"}, {"Name": "gender", "Type": "String"}, {"Name": "--n.id", "Type": "Int64"}, {"Name": "title", "Type": "String"}, {"Name": "id", "Type": "Int64"}], "Plans": [{"Node Type": "Filter", "Description": "( + (Before JOIN + (Projection + Before ORDER BY)))", "Header": [{"Name": "person_id", "Type": "Int64"}, {"Name": "--ci.movie_id", "Type": "Int64"}, {"Name": "--ci.note", "Type": "String"}, {"Name": "--it1.id", "Type": "Int64"}, {"Name": "--it1.info", "Type": "String"}, {"Name": "--it2.id", "Type": "Int64"}, {"Name": "--it2.info", "Type": "String"}, {"Name": "--mi.info_type_id", "Type": "Int64"}, {"Name": "--mi.movie_id", "Type": "Int64"}, {"Name": "--mi.info", "Type": "String"}, {"Name": "--mi_idx.info_type_id", "Type": "Int64"}, {"Name": "--mi_idx.movie_id", "Type": "Int64"}, {"Name": "--mi_idx.info", "Type": "String"}, {"Name": "gender", "Type": "String"}, {"Name": "--n.id", "Type": "Int64"}], "Filter Column": "and(equals(--ci.movie_id, --mi.movie_id), equals(--ci.movie_id, --mi_idx.movie_id), equals(--mi.movie_id, --mi_idx.movie_id))", "Removes Filter": true, "Expression": {"Inputs": [{"Name": "person_id", "Type": "Int64"}, {"Name": "--ci.movie_id", "Type": "Int64"}, {"Name": "--ci.note", "Type": "String"}, {"Name": "--it1.id", "Type": "Int64"}, {"Name": "--it1.info", "Type": "String"}, {"Name": "--it2.id", "Type": "Int64"}, {"Name": "--it2.info", "Type": "String"}, {"Name": "--mi.info_type_id", "Type": "Int64"}, {"Name": "--mi.movie_id", "Type": "Int64"}, {"Name": "--mi.info", "Type": "String"}, {"Name": "--mi_idx.info_type_id", "Type": "Int64"}, {"Name": "--mi_idx.movie_id", "Type": "Int64"}, {"Name": "--mi_idx.info", "Type": "String"}, {"Name": "id", "Type": "Int64"}, {"Name": "gender", "Type": "String"}], "Actions": [{"Node Type": "INPUT", "Result Type": "INPUT", "Arguments": [0], "Removed Arguments": [0], "Result": 0}, {"Node Type": "INPUT", "Result Type": "INPUT", "Arguments": [1], "Removed Arguments": [], "Result": 1}, {"Node Type": "INPUT", "Result Type": "INPUT", "Arguments": [2], "Removed Arguments": [2], "Result": 2}, {"Node Type": "INPUT", "Result Type": "INPUT", "Arguments": [3], "Removed Arguments": [3], "Result": 3}, {"Node Type": "INPUT", "Result Type": "INPUT", "Arguments": [4], "Removed Arguments": [4], "Result": 4}, {"Node Type": "INPUT", "Result Type": "INPUT", "Arguments": [5], "Removed Arguments": [5], "Result": 5}, {"Node Type": "INPUT", "Result Type": "INPUT", "Arguments": [6], "Removed Arguments": [6], "Result": 6}, {"Node Type": "INPUT", "Result Type": "INPUT", "Arguments": [7], "Removed Arguments": [7], "Result": 7}, {"Node Type": "INPUT", "Result Type": "INPUT", "Arguments": [8], "Removed Arguments": [], "Result": 8}, {"Node Type": "INPUT", "Result Type": "INPUT", "Arguments": [9], "Removed Arguments": [9], "Result": 9}, {"Node Type": "INPUT", "Result Type": "INPUT", "Arguments": [10], "Removed Arguments": [10], "Result": 10}, {"Node Type": "INPUT", "Result Type": "INPUT", "Arguments": [11], "Removed Arguments": [], "Result": 11}, {"Node Type": "INPUT", "Result Type": "INPUT", "Arguments": [12], "Removed Arguments": [12], "Result": 12}, {"Node Type": "INPUT", "Result Type": "INPUT", "Arguments": [13], "Removed Arguments": [], "Result": 13}, {"Node Type": "INPUT", "Result Type": "INPUT", "Arguments": [14], "Removed Arguments": [14], "Result": 14}, {"Node Type": "FUNCTION", "Result Type": "FUNCTION", "Function": "equals", "Compiled": false, "Arguments": [1, 8], "Removed Arguments": [], "Result": 15}, {"Node Type": "FUNCTION", "Result Type": "FUNCTION", "Function": "equals", "Compiled": false, "Arguments": [1, 11], "Removed Arguments": [], "Result": 16}, {"Node Type": "FUNCTION", "Result Type": "FUNCTION", "Function": "equals", "Compiled": false, "Arguments": [8, 11], "Removed Arguments": [], "Result": 17}, {"Node Type": "ALIAS", "Result Type": "ALIAS", "Arguments": [13], "Removed Arguments": [13], "Result": 18}, {"Node Type": "FUNCTION", "Result Type": "FUNCTION", "Function": "and", "Compiled": false, "Arguments": [15, 16, 17], "Removed Arguments": [15, 16, 17], "Result": 13}], "Outputs": [{"Name": "and(equals(--ci.movie_id, --mi.movie_id), equals(--ci.movie_id, --mi_idx.movie_id), equals(--mi.movie_id, --mi_idx.movie_id))", "Type": "UInt8"}, {"Name": "person_id", "Type": "Int64"}, {"Name": "--ci.movie_id", "Type": "Int64"}, {"Name": "--ci.note", "Type": "String"}, {"Name": "--it1.id", "Type": "Int64"}, {"Name": "--it1.info", "Type": "String"}, {"Name": "--it2.id", "Type": "Int64"}, {"Name": "--it2.info", "Type": "String"}, {"Name": "--mi.info_type_id", "Type": "Int64"}, {"Name": "--mi.movie_id", "Type": "Int64"}, {"Name": "--mi.info", "Type": "String"}, {"Name": "--mi_idx.info_type_id", "Type": "Int64"}, {"Name": "--mi_idx.movie_id", "Type": "Int64"}, {"Name": "--mi_idx.info", "Type": "String"}, {"Name": "gender", "Type": "String"}, {"Name": "--n.id", "Type": "Int64"}], "Positions": [13, 0, 1, 2, 3, 4, 5, 6, 7, 8, 9, 10, 11, 12, 14, 18], "Project Input": true}, "Plans": [{"Node Type": "Filter", "Description": "WHERE", "Header": [{"Name": "person_id", "Type": "Int64"}, {"Name": "--ci.movie_id", "Type": "Int64"}, {"Name": "--ci.note", "Type": "String"}, {"Name": "--it1.id", "Type": "Int64"}, {"Name": "--it1.info", "Type": "String"}, {"Name": "--it2.id", "Type": "Int64"}, {"Name": "--it2.info", "Type": "String"}, {"Name": "--mi.info_type_id", "Type": "Int64"}, {"Name": "--mi.movie_id", "Type": "Int64"}, {"Name": "--mi.info", "Type": "String"}, {"Name": "--mi_idx.info_type_id", "Type": "Int64"}, {"Name": "--mi_idx.movie_id", "Type": "Int64"}, {"Name": "--mi_idx.info", "Type": "String"}, {"Name": "id", "Type": "Int64"}, {"Name": "gender", "Type": "String"}], "Filter Column": "and(and(and(and(and(and(and(and(and(and(equals(--it2.id, --mi_idx.info_type_id), equals(--it1.id, --mi.info_type_id)), equals(id, person_id)), equals(--mi.movie_id, --mi_idx.movie_id)), equals(--ci.movie_id, --mi_idx.movie_id)), equals(--ci.movie_id, --mi.movie_id)), equals(gender, 'm')), in(--mi.info, ('Horror', 'Action', 'Sci-Fi', 'Thriller', 'Crime', 'War'))), equals(--it2.info, 'votes')), equals(--it1.info, 'genres')), in(--ci.note, ('(writer)', '(head writer)', '(written by)', '(story)', '(story editor)')))", "Removes Filter": true, "Expression": {"Inputs": [{"Name": "person_id", "Type": "Int64"}, {"Name": "--ci.movie_id", "Type": "Int64"}, {"Name": "--ci.note", "Type": "String"}, {"Name": "--it1.id", "Type": "Int64"}, {"Name": "--it1.info", "Type": "String"}, {"Name": "--it2.id", "Type": "Int64"}, {"Name": "--it2.info", "Type": "String"}, {"Name": "--mi.info_type_id", "Type": "Int64"}, {"Name": "--mi.movie_id", "Type": "Int64"}, {"Name": "--mi.info", "Type": "String"}, {"Name": "--mi_idx.info_type_id", "Type": "Int64"}, {"Name": "--mi_idx.movie_id", "Type": "Int64"}, {"Name": "--mi_idx.info", "Type": "String"}, {"Name": "id", "Type": "Int64"}, {"Name": "gender", "Type": "String"}], "Actions": [{"Node Type": "INPUT", "Result Type": "INPUT", "Arguments": [0], "Removed Arguments": [], "Result": 0}, {"Node Type": "INPUT", "Result Type": "INPUT", "Arguments": [1], "Removed Arguments": [], "Result": 1}, {"Node Type": "INPUT", "Result Type": "INPUT", "Arguments": [2], "Removed Arguments": [], "Result": 2}, {"Node Type": "INPUT", "Result Type": "INPUT", "Arguments": [3], "Removed Arguments": [], "Result": 3}, {"Node Type": "INPUT", "Result Type": "INPUT", "Arguments": [4], "Removed Arguments": [], "Result": 4}, {"Node Type": "INPUT", "Result Type": "INPUT", "Arguments": [5], "Removed Arguments": [], "Result": 5}, {"Node Type": "INPUT", "Result Type": "INPUT", "Arguments": [6], "Removed Arguments": [], "Result": 6}, {"Node Type": "INPUT", "Result Type": "INPUT", "Arguments": [7], "Removed Arguments": [], "Result": 7}, {"Node Type": "INPUT", "Result Type": "INPUT", "Arguments": [8], "Removed Arguments": [], "Result": 8}, {"Node Type": "INPUT", "Result Type": "INPUT", "Arguments": [9], "Removed Arguments": [], "Result": 9}, {"Node Type": "INPUT", "Result Type": "INPUT", "Arguments": [10], "Removed Arguments": [], "Result": 10}, {"Node Type": "INPUT", "Result Type": "INPUT", "Arguments": [11], "Removed Arguments": [], "Result": 11}, {"Node Type": "INPUT", "Result Type": "INPUT", "Arguments": [12], "Removed Arguments": [12], "Result": 12}, {"Node Type": "INPUT", "Result Type": "INPUT", "Arguments": [13], "Removed Arguments": [], "Result": 13}, {"Node Type": "INPUT", "Result Type": "INPUT", "Arguments": [14], "Removed Arguments": [], "Result": 14}, {"Node Type": "COLUMN", "Result Type": "COLUMN", "Column": "Const(String)", "Arguments": [], "Removed Arguments": [], "Result": 15}, {"Node Type": "COLUMN", "Result Type": "COLUMN", "Column": "Const(Set)", "Arguments": [], "Removed Arguments": [], "Result": 16}, {"Node Type": "COLUMN", "Result Type": "COLUMN", "Column": "Const(String)", "Arguments": [], "Removed Arguments": [], "Result": 17}, {"Node Type": "COLUMN", "Result Type": "COLUMN", "Column": "Const(String)", "Arguments": [], "Removed Arguments": [], "Result": 18}, {"Node Type": "COLUMN", "Result Type": "COLUMN", "Column": "Const(Set)", "Arguments": [], "Removed Arguments": [], "Result": 19}, {"Node Type": "FUNCTION", "Result Type": "FUNCTION", "Function": "equals", "Compiled": false, "Arguments": [3, 7], "Removed Arguments": [], "Result": 20}, {"Node Type": "FUNCTION", "Result Type": "FUNCTION", "Function": "equals", "Compiled": false, "Arguments": [1, 8], "Removed Arguments": [], "Result": 21}, {"Node Type": "FUNCTION", "Result Type": "FUNCTION", "Function": "equals", "Compiled": false, "Arguments": [5, 10], "Removed Arguments": [], "Result": 22}, {"Node Type": "FUNCTION", "Result Type": "FUNCTION", "Function": "equals", "Compiled": false, "Arguments": [8, 11], "Removed Arguments": [], "Result": 23}, {"Node Type": "FUNCTION", "Result Type": "FUNCTION", "Function": "equals", "Compiled": false, "Arguments": [1, 11], "Removed Arguments": [], "Result": 24}, {"Node Type": "FUNCTION", "Result Type": "FUNCTION", "Function": "equals", "Compiled": false, "Arguments": [13, 0], "Removed Arguments": [], "Result": 25}, {"Node Type": "FUNCTION", "Result Type": "FUNCTION", "Function": "equals", "Compiled": false, "Arguments": [14, 15], "Removed Arguments": [15], "Result": 26}, {"Node Type": "FUNCTION", "Result Type": "FUNCTION", "Function": "in", "Compiled": false, "Arguments": [9, 16], "Removed Arguments": [16], "Result": 15}, {"Node Type": "FUNCTION", "Result Type": "FUNCTION", "Function": "equals", "Compiled": false, "Arguments": [6, 17], "Removed Arguments": [17], "Result": 16}, {"Node Type": "FUNCTION", "Result Type": "FUNCTION", "Function": "equals", "Compiled": false, "Arguments": [4, 18], "Removed Arguments": [18], "Result": 17}, {"Node Type": "FUNCTION", "Result Type": "FUNCTION", "Function": "in", "Compiled": false, "Arguments": [2, 19], "Removed Arguments": [19], "Result": 18}, {"Node Type": "FUNCTION", "Result Type": "FUNCTION", "Function": "and", "Compiled": false, "Arguments": [22, 20], "Removed Arguments": [22, 20], "Result": 19}, {"Node Type": "FUNCTION", "Result Type": "FUNCTION", "Function": "and", "Compiled": false, "Arguments": [19, 25], "Removed Arguments": [19, 25], "Result": 20}, {"Node Type": "FUNCTION", "Result Type": "FUNCTION", "Function": "and", "Compiled": false, "Arguments": [20, 23], "Removed Arguments": [20, 23], "Result": 25}, {"Node Type": "FUNCTION", "Result Type": "FUNCTION", "Function": "and", "Compiled": false, "Arguments": [25, 24], "Removed Arguments": [25, 24], "Result": 23}, {"Node Type": "FUNCTION", "Result Type": "FUNCTION", "Function": "and", "Compiled": false, "Arguments": [23, 21], "Removed Arguments": [23, 21], "Result": 24}, {"Node Type": "FUNCTION", "Result Type": "FUNCTION", "Function": "and", "Compiled": false, "Arguments": [24, 26], "Removed Arguments": [24, 26], "Result": 21}, {"Node Type": "FUNCTION", "Result Type": "FUNCTION", "Function": "and", "Compiled": false, "Arguments": [21, 15], "Removed Arguments": [21, 15], "Result": 26}, {"Node Type": "FUNCTION", "Result Type": "FUNCTION", "Function": "and", "Compiled": false, "Arguments": [26, 16], "Removed Arguments": [26, 16], "Result": 15}, {"Node Type": "FUNCTION", "Result Type": "FUNCTION", "Function": "and", "Compiled": false, "Arguments": [15, 17], "Removed Arguments": [15, 17], "Result": 16}, {"Node Type": "FUNCTION", "Result Type": "FUNCTION", "Function": "and", "Compiled": false, "Arguments": [16, 18], "Removed Arguments": [16, 18], "Result": 17}], "Outputs": [{"Name": "person_id", "Type": "Int64"}, {"Name": "--ci.movie_id", "Type": "Int64"}, {"Name": "--ci.note", "Type": "String"}, {"Name": "--it1.id", "Type": "Int64"}, {"Name": "--it1.info", "Type": "String"}, {"Name": "--it2.id", "Type": "Int64"}, {"Name": "--it2.info", "Type": "String"}, {"Name": "--mi.info_type_id", "Type": "Int64"}, {"Name": "--mi.movie_id", "Type": "Int64"}, {"Name": "--mi.info", "Type": "String"}, {"Name": "--mi_idx.info_type_id", "Type": "Int64"}, {"Name": "--mi_idx.movie_id", "Type": "Int64"}, {"Name": "--mi_idx.info", "Type": "String"}, {"Name": "id", "Type": "Int64"}, {"Name": "gender", "Type": "String"}, {"Name": "and(and(and(and(and(and(and(and(and(and(equals(--it2.id, --mi_idx.info_type_id), equals(--it1.id, --mi.info_type_id)), equals(id, person_id)), equals(--mi.movie_id, --mi_idx.movie_id)), equals(--ci.movie_id, --mi_idx.movie_id)), equals(--ci.movie_id, --mi.movie_id)), equals(gender, 'm')), in(--mi.info, ('Horror', 'Action', 'Sci-Fi', 'Thriller', 'Crime', 'War'))), equals(--it2.info, 'votes')), equals(--it1.info, 'genres')), in(--ci.note, ('(writer)', '(head writer)', '(written by)', '(story)', '(story editor)')))", "Type": "UInt8"}], "Positions": [0, 1, 2, 3, 4, 5, 6, 7, 8, 9, 10, 11, 12, 13, 14, 17], "Project Input": true}, "Plans": [{"Node Type": "Join", "Description": "JOIN", "Header": [{"Name": "person_id", "Type": "Int64"}, {"Name": "--ci.movie_id", "Type": "Int64"}, {"Name": "--ci.note", "Type": "String"}, {"Name": "--it1.id", "Type": "Int64"}, {"Name": "--it1.info", "Type": "String"}, {"Name": "--it2.id", "Type": "Int64"}, {"Name": "--it2.info", "Type": "String"}, {"Name": "--mi.info_type_id", "Type": "Int64"}, {"Name": "--mi.movie_id", "Type": "Int64"}, {"Name": "--mi.info", "Type": "String"}, {"Name": "--mi_idx.info_type_id", "Type": "Int64"}, {"Name": "--mi_idx.movie_id", "Type": "Int64"}, {"Name": "--mi_idx.info", "Type": "String"}, {"Name": "id", "Type": "Int64"}, {"Name": "gender", "Type": "String"}], "Plans": [{"Node Type": "Expression", "Description": "(Before JOIN + (Projection + Before ORDER BY))", "Header": [{"Name": "person_id", "Type": "Int64"}, {"Name": "--ci.movie_id", "Type": "Int64"}, {"Name": "--ci.note", "Type": "String"}, {"Name": "--it1.id", "Type": "Int64"}, {"Name": "--it1.info", "Type": "String"}, {"Name": "--it2.id", "Type": "Int64"}, {"Name": "--it2.info", "Type": "String"}, {"Name": "--mi.info_type_id", "Type": "Int64"}, {"Name": "--mi.movie_id", "Type": "Int64"}, {"Name": "--mi.info", "Type": "String"}, {"Name": "--mi_idx.info_type_id", "Type": "Int64"}, {"Name": "--mi_idx.movie_id", "Type": "Int64"}, {"Name": "--mi_idx.info", "Type": "String"}], "Expression": {"Inputs": [{"Name": "person_id", "Type": "Int64"}, {"Name": "--ci.movie_id", "Type": "Int64"}, {"Name": "--ci.note", "Type": "String"}, {"Name": "--it1.id", "Type": "Int64"}, {"Name": "--it1.info", "Type": "String"}, {"Name": "--it2.id", "Type": "Int64"}, {"Name": "--it2.info", "Type": "String"}, {"Name": "--mi.info_type_id", "Type": "Int64"}, {"Name": "--mi.movie_id", "Type": "Int64"}, {"Name": "--mi.info", "Type": "String"}, {"Name": "movie_id", "Type": "Int64"}, {"Name": "info_type_id", "Type": "Int64"}, {"Name": "info", "Type": "String"}], "Actions": [{"Node Type": "INPUT", "Result Type": "INPUT", "Arguments": [0], "Removed Arguments": [0], "Result": 0}, {"Node Type": "INPUT", "Result Type": "INPUT", "Arguments": [1], "Removed Arguments": [1], "Result": 1}, {"Node Type": "INPUT", "Result Type": "INPUT", "Arguments": [2], "Removed Arguments": [2], "Result": 2}, {"Node Type": "INPUT", "Result Type": "INPUT", "Arguments": [3], "Removed Arguments": [3], "Result": 3}, {"Node Type": "INPUT", "Result Type": "INPUT", "Arguments": [4], "Removed Arguments": [4], "Result": 4}, {"Node Type": "INPUT", "Result Type": "INPUT", "Arguments": [5], "Removed Arguments": [5], "Result": 5}, {"Node Type": "INPUT", "Result Type": "INPUT", "Arguments": [6], "Removed Arguments": [6], "Result": 6}, {"Node Type": "INPUT", "Result Type": "INPUT", "Arguments": [7], "Removed Arguments": [7], "Result": 7}, {"Node Type": "INPUT", "Result Type": "INPUT", "Arguments": [8], "Removed Arguments": [8], "Result": 8}, {"Node Type": "INPUT", "Result Type": "INPUT", "Arguments": [9], "Removed Arguments": [9], "Result": 9}, {"Node Type": "INPUT", "Result Type": "INPUT", "Arguments": [10], "Removed Arguments": [], "Result": 10}, {"Node Type": "INPUT", "Result Type": "INPUT", "Arguments": [11], "Removed Arguments": [], "Result": 11}, {"Node Type": "INPUT", "Result Type": "INPUT", "Arguments": [12], "Removed Arguments": [], "Result": 12}, {"Node Type": "ALIAS", "Result Type": "ALIAS", "Arguments": [10], "Removed Arguments": [10], "Result": 13}, {"Node Type": "ALIAS", "Result Type": "ALIAS", "Arguments": [11], "Removed Arguments": [11], "Result": 10}, {"Node Type": "ALIAS", "Result Type": "ALIAS", "Arguments": [12], "Removed Arguments": [12], "Result": 11}], "Outputs": [{"Name": "person_id", "Type": "Int64"}, {"Name": "--ci.movie_id", "Type": "Int64"}, {"Name": "--ci.note", "Type": "String"}, {"Name": "--it1.id", "Type": "Int64"}, {"Name": "--it1.info", "Type": "String"}, {"Name": "--it2.id", "Type": "Int64"}, {"Name": "--it2.info", "Type": "String"}, {"Name": "--mi.info_type_id", "Type": "Int64"}, {"Name": "--mi.movie_id", "Type": "Int64"}, {"Name": "--mi.info", "Type": "String"}, {"Name": "--mi_idx.info_type_id", "Type": "Int64"}, {"Name": "--mi_idx.movie_id", "Type": "Int64"}, {"Name": "--mi_idx.info", "Type": "String"}], "Positions": [0, 1, 2, 3, 4, 5, 6, 7, 8, 9, 10, 13, 11], "Project Input": true}, "Plans": [{"Node Type": "Filter", "Description": "WHERE", "Header": [{"Name": "person_id", "Type": "Int64"}, {"Name": "--ci.movie_id", "Type": "Int64"}, {"Name": "--ci.note", "Type": "String"}, {"Name": "--it1.id", "Type": "Int64"}, {"Name": "--it1.info", "Type": "String"}, {"Name": "--it2.id", "Type": "Int64"}, {"Name": "--it2.info", "Type": "String"}, {"Name": "--mi.info_type_id", "Type": "Int64"}, {"Name": "--mi.movie_id", "Type": "Int64"}, {"Name": "--mi.info", "Type": "String"}, {"Name": "movie_id", "Type": "Int64"}, {"Name": "info_type_id", "Type": "Int64"}, {"Name": "info", "Type": "String"}], "Filter Column": "and(and(and(and(and(and(and(and(equals(--it1.id, --mi.info_type_id), equals(--it2.id, info_type_id)), equals(--mi.movie_id, movie_id)), equals(--ci.movie_id, movie_id)), equals(--ci.movie_id, --mi.movie_id)), in(--mi.info, ('Horror', 'Action', 'Sci-Fi', 'Thriller', 'Crime', 'War'))), equals(--it2.info, 'votes')), equals(--it1.info, 'genres')), in(--ci.note, ('(writer)', '(head writer)', '(written by)', '(story)', '(story editor)')))", "Removes Filter": true, "Expression": {"Inputs": [{"Name": "person_id", "Type": "Int64"}, {"Name": "--ci.movie_id", "Type": "Int64"}, {"Name": "--ci.note", "Type": "String"}, {"Name": "--it1.id", "Type": "Int64"}, {"Name": "--it1.info", "Type": "String"}, {"Name": "--it2.id", "Type": "Int64"}, {"Name": "--it2.info", "Type": "String"}, {"Name": "--mi.info_type_id", "Type": "Int64"}, {"Name": "--mi.movie_id", "Type": "Int64"}, {"Name": "--mi.info", "Type": "String"}, {"Name": "movie_id", "Type": "Int64"}, {"Name": "info_type_id", "Type": "Int64"}, {"Name": "info", "Type": "String"}], "Actions": [{"Node Type": "INPUT", "Result Type": "INPUT", "Arguments": [0], "Removed Arguments": [0], "Result": 0}, {"Node Type": "INPUT", "Result Type": "INPUT", "Arguments": [1], "Removed Arguments": [], "Result": 1}, {"Node Type": "INPUT", "Result Type": "INPUT", "Arguments": [2], "Removed Arguments": [], "Result": 2}, {"Node Type": "INPUT", "Result Type": "INPUT", "Arguments": [3], "Removed Arguments": [], "Result": 3}, {"Node Type": "INPUT", "Result Type": "INPUT", "Arguments": [4], "Removed Arguments": [], "Result": 4}, {"Node Type": "INPUT", "Result Type": "INPUT", "Arguments": [5], "Removed Arguments": [], "Result": 5}, {"Node Type": "INPUT", "Result Type": "INPUT", "Arguments": [6], "Removed Arguments": [], "Result": 6}, {"Node Type": "INPUT", "Result Type": "INPUT", "Arguments": [7], "Removed Arguments": [], "Result": 7}, {"Node Type": "INPUT", "Result Type": "INPUT", "Arguments": [8], "Removed Arguments": [], "Result": 8}, {"Node Type": "INPUT", "Result Type": "INPUT", "Arguments": [9], "Removed Arguments": [], "Result": 9}, {"Node Type": "INPUT", "Result Type": "INPUT", "Arguments": [10], "Removed Arguments": [], "Result": 10}, {"Node Type": "INPUT", "Result Type": "INPUT", "Arguments": [11], "Removed Arguments": [], "Result": 11}, {"Node Type": "INPUT", "Result Type": "INPUT", "Arguments": [12], "Removed Arguments": [12], "Result": 12}, {"Node Type": "COLUMN", "Result Type": "COLUMN", "Column": "Const(Set)", "Arguments": [], "Removed Arguments": [], "Result": 13}, {"Node Type": "COLUMN", "Result Type": "COLUMN", "Column": "Const(String)", "Arguments": [], "Removed Arguments": [], "Result": 14}, {"Node Type": "COLUMN", "Result Type": "COLUMN", "Column": "Const(String)", "Arguments": [], "Removed Arguments": [], "Result": 15}, {"Node Type": "COLUMN", "Result Type": "COLUMN", "Column": "Const(Set)", "Arguments": [], "Removed Arguments": [], "Result": 16}, {"Node Type": "FUNCTION", "Result Type": "FUNCTION", "Function": "equals", "Compiled": false, "Arguments": [3, 7], "Removed Arguments": [], "Result": 17}, {"Node Type": "FUNCTION", "Result Type": "FUNCTION", "Function": "equals", "Compiled": false, "Arguments": [8, 10], "Removed Arguments": [], "Result": 18}, {"Node Type": "FUNCTION", "Result Type": "FUNCTION", "Function": "equals", "Compiled": false, "Arguments": [1, 10], "Removed Arguments": [], "Result": 19}, {"Node Type": "FUNCTION", "Result Type": "FUNCTION", "Function": "equals", "Compiled": false, "Arguments": [5, 11], "Removed Arguments": [], "Result": 20}, {"Node Type": "FUNCTION", "Result Type": "FUNCTION", "Function": "in", "Compiled": false, "Arguments": [9, 13], "Removed Arguments": [13], "Result": 21}, {"Node Type": "FUNCTION", "Result Type": "FUNCTION", "Function": "equals", "Compiled": false, "Arguments": [6, 14], "Removed Arguments": [14], "Result": 13}, {"Node Type": "FUNCTION", "Result Type": "FUNCTION", "Function": "equals", "Compiled": false, "Arguments": [4, 15], "Removed Arguments": [15], "Result": 14}, {"Node Type": "FUNCTION", "Result Type": "FUNCTION", "Function": "in", "Compiled": false, "Arguments": [2, 16], "Removed Arguments": [16], "Result": 15}, {"Node Type": "FUNCTION", "Result Type": "FUNCTION", "Function": "and", "Compiled": false, "Arguments": [17, 20, 18, 19, 21, 13, 14, 15], "Removed Arguments": [17, 20, 18, 19, 21, 13, 14, 15], "Result": 16}], "Outputs": [{"Name": "person_id", "Type": "Int64"}, {"Name": "--ci.movie_id", "Type": "Int64"}, {"Name": "--ci.note", "Type": "String"}, {"Name": "--it1.id", "Type": "Int64"}, {"Name": "--it1.info", "Type": "String"}, {"Name": "--it2.id", "Type": "Int64"}, {"Name": "--it2.info", "Type": "String"}, {"Name": "--mi.info_type_id", "Type": "Int64"}, {"Name": "--mi.movie_id", "Type": "Int64"}, {"Name": "--mi.info", "Type": "String"}, {"Name": "movie_id", "Type": "Int64"}, {"Name": "info_type_id", "Type": "Int64"}, {"Name": "info", "Type": "String"}, {"Name": "and(and(and(and(and(and(and(and(equals(--it1.id, --mi.info_type_id), equals(--it2.id, info_type_id)), equals(--mi.movie_id, movie_id)), equals(--ci.movie_id, movie_id)), equals(--ci.movie_id, --mi.movie_id)), in(--mi.info, ('Horror', 'Action', 'Sci-Fi', 'Thriller', 'Crime', 'War'))), equals(--it2.info, 'votes')), equals(--it1.info, 'genres')), in(--ci.note, ('(writer)', '(head writer)', '(written by)', '(story)', '(story editor)')))", "Type": "UInt8"}], "Positions": [0, 1, 2, 3, 4, 5, 6, 7, 8, 9, 10, 11, 12, 16], "Project Input": true}, "Plans": [{"Node Type": "Join", "Description": "JOIN", "Header": [{"Name": "person_id", "Type": "Int64"}, {"Name": "--ci.movie_id", "Type": "Int64"}, {"Name": "--ci.note", "Type": "String"}, {"Name": "--it1.id", "Type": "Int64"}, {"Name": "--it1.info", "Type": "String"}, {"Name": "--it2.id", "Type": "Int64"}, {"Name": "--it2.info", "Type": "String"}, {"Name": "--mi.info_type_id", "Type": "Int64"}, {"Name": "--mi.movie_id", "Type": "Int64"}, {"Name": "--mi.info", "Type": "String"}, {"Name": "movie_id", "Type": "Int64"}, {"Name": "info_type_id", "Type": "Int64"}, {"Name": "info", "Type": "String"}], "Plans": [{"Node Type": "Filter", "Description": "( + (Before JOIN + (Projection + Before ORDER BY)))", "Header": [{"Name": "person_id", "Type": "Int64"}, {"Name": "--ci.movie_id", "Type": "Int64"}, {"Name": "--ci.note", "Type": "String"}, {"Name": "--it1.id", "Type": "Int64"}, {"Name": "--it1.info", "Type": "String"}, {"Name": "--it2.id", "Type": "Int64"}, {"Name": "--it2.info", "Type": "String"}, {"Name": "--mi.info_type_id", "Type": "Int64"}, {"Name": "--mi.movie_id", "Type": "Int64"}, {"Name": "--mi.info", "Type": "String"}], "Filter Column": "equals(--ci.movie_id, --mi.movie_id)", "Removes Filter": true, "Expression": {"Inputs": [{"Name": "person_id", "Type": "Int64"}, {"Name": "--ci.movie_id", "Type": "Int64"}, {"Name": "--ci.note", "Type": "String"}, {"Name": "--it1.id", "Type": "Int64"}, {"Name": "--it1.info", "Type": "String"}, {"Name": "--it2.id", "Type": "Int64"}, {"Name": "--it2.info", "Type": "String"}, {"Name": "movie_id", "Type": "Int64"}, {"Name": "info_type_id", "Type": "Int64"}, {"Name": "info", "Type": "String"}], "Actions": [{"Node Type": "INPUT", "Result Type": "INPUT", "Arguments": [0], "Removed Arguments": [0], "Result": 0}, {"Node Type": "INPUT", "Result Type": "INPUT", "Arguments": [1], "Removed Arguments": [], "Result": 1}, {"Node Type": "INPUT", "Result Type": "INPUT", "Arguments": [2], "Removed Arguments": [2], "Result": 2}, {"Node Type": "INPUT", "Result Type": "INPUT", "Arguments": [3], "Removed Arguments": [3], "Result": 3}, {"Node Type": "INPUT", "Result Type": "INPUT", "Arguments": [4], "Removed Arguments": [4], "Result": 4}, {"Node Type": "INPUT", "Result Type": "INPUT", "Arguments": [5], "Removed Arguments": [5], "Result": 5}, {"Node Type": "INPUT", "Result Type": "INPUT", "Arguments": [6], "Removed Arguments": [6], "Result": 6}, {"Node Type": "INPUT", "Result Type": "INPUT", "Arguments": [7], "Removed Arguments": [], "Result": 7}, {"Node Type": "INPUT", "Result Type": "INPUT", "Arguments": [8], "Removed Arguments": [], "Result": 8}, {"Node Type": "INPUT", "Result Type": "INPUT", "Arguments": [9], "Removed Arguments": [], "Result": 9}, {"Node Type": "ALIAS", "Result Type": "ALIAS", "Arguments": [7], "Removed Arguments": [7], "Result": 10}, {"Node Type": "ALIAS", "Result Type": "ALIAS", "Arguments": [8], "Removed Arguments": [8], "Result": 7}, {"Node Type": "ALIAS", "Result Type": "ALIAS", "Arguments": [9], "Removed Arguments": [9], "Result": 8}, {"Node Type": "FUNCTION", "Result Type": "FUNCTION", "Function": "equals", "Compiled": false, "Arguments": [1, 10], "Removed Arguments": [], "Result": 9}], "Outputs": [{"Name": "equals(--ci.movie_id, --mi.movie_id)", "Type": "UInt8"}, {"Name": "person_id", "Type": "Int64"}, {"Name": "--ci.movie_id", "Type": "Int64"}, {"Name": "--ci.note", "Type": "String"}, {"Name": "--it1.id", "Type": "Int64"}, {"Name": "--it1.info", "Type": "String"}, {"Name": "--it2.id", "Type": "Int64"}, {"Name": "--it2.info", "Type": "String"}, {"Name": "--mi.info_type_id", "Type": "Int64"}, {"Name": "--mi.movie_id", "Type": "Int64"}, {"Name": "--mi.info", "Type": "String"}], "Positions": [9, 0, 1, 2, 3, 4, 5, 6, 7, 10, 8], "Project Input": true}, "Plans": [{"Node Type": "Filter", "Description": "WHERE", "Header": [{"Name": "person_id", "Type": "Int64"}, {"Name": "--ci.movie_id", "Type": "Int64"}, {"Name": "--ci.note", "Type": "String"}, {"Name": "--it1.id", "Type": "Int64"}, {"Name": "--it1.info", "Type": "String"}, {"Name": "--it2.id", "Type": "Int64"}, {"Name": "--it2.info", "Type": "String"}, {"Name": "movie_id", "Type": "Int64"}, {"Name": "info_type_id", "Type": "Int64"}, {"Name": "info", "Type": "String"}], "Filter Column": "and(and(and(and(and(equals(--it1.id, info_type_id), equals(--ci.movie_id, movie_id)), in(info, ('Horror', 'Action', 'Sci-Fi', 'Thriller', 'Crime', 'War'))), equals(--it2.info, 'votes')), equals(--it1.info, 'genres')), in(--ci.note, ('(writer)', '(head writer)', '(written by)', '(story)', '(story editor)')))", "Removes Filter": true, "Expression": {"Inputs": [{"Name": "person_id", "Type": "Int64"}, {"Name": "--ci.movie_id", "Type": "Int64"}, {"Name": "--ci.note", "Type": "String"}, {"Name": "--it1.id", "Type": "Int64"}, {"Name": "--it1.info", "Type": "String"}, {"Name": "--it2.id", "Type": "Int64"}, {"Name": "--it2.info", "Type": "String"}, {"Name": "movie_id", "Type": "Int64"}, {"Name": "info_type_id", "Type": "Int64"}, {"Name": "info", "Type": "String"}], "Actions": [{"Node Type": "INPUT", "Result Type": "INPUT", "Arguments": [0], "Removed Arguments": [0], "Result": 0}, {"Node Type": "INPUT", "Result Type": "INPUT", "Arguments": [1], "Removed Arguments": [], "Result": 1}, {"Node Type": "INPUT", "Result Type": "INPUT", "Arguments": [2], "Removed Arguments": [], "Result": 2}, {"Node Type": "INPUT", "Result Type": "INPUT", "Arguments": [3], "Removed Arguments": [], "Result": 3}, {"Node Type": "INPUT", "Result Type": "INPUT", "Arguments": [4], "Removed Arguments": [], "Result": 4}, {"Node Type": "INPUT", "Result Type": "INPUT", "Arguments": [5], "Removed Arguments": [5], "Result": 5}, {"Node Type": "INPUT", "Result Type": "INPUT", "Arguments": [6], "Removed Arguments": [], "Result": 6}, {"Node Type": "INPUT", "Result Type": "INPUT", "Arguments": [7], "Removed Arguments": [], "Result": 7}, {"Node Type": "INPUT", "Result Type": "INPUT", "Arguments": [8], "Removed Arguments": [], "Result": 8}, {"Node Type": "INPUT", "Result Type": "INPUT", "Arguments": [9], "Removed Arguments": [], "Result": 9}, {"Node Type": "COLUMN", "Result Type": "COLUMN", "Column": "Const(Set)", "Arguments": [], "Removed Arguments": [], "Result": 10}, {"Node Type": "COLUMN", "Result Type": "COLUMN", "Column": "Const(String)", "Arguments": [], "Removed Arguments": [], "Result": 11}, {"Node Type": "COLUMN", "Result Type": "COLUMN", "Column": "Const(String)", "Arguments": [], "Removed Arguments": [], "Result": 12}, {"Node Type": "COLUMN", "Result Type": "COLUMN", "Column": "Const(Set)", "Arguments": [], "Removed Arguments": [], "Result": 13}, {"Node Type": "FUNCTION", "Result Type": "FUNCTION", "Function": "equals", "Compiled": false, "Arguments": [1, 7], "Removed Arguments": [], "Result": 14}, {"Node Type": "FUNCTION", "Result Type": "FUNCTION", "Function": "equals", "Compiled": false, "Arguments": [3, 8], "Removed Arguments": [], "Result": 15}, {"Node Type": "FUNCTION", "Result Type": "FUNCTION", "Function": "in", "Compiled": false, "Arguments": [9, 10], "Removed Arguments": [10], "Result": 16}, {"Node Type": "FUNCTION", "Result Type": "FUNCTION", "Function": "equals", "Compiled": false, "Arguments": [6, 11], "Removed Arguments": [11], "Result": 10}, {"Node Type": "FUNCTION", "Result Type": "FUNCTION", "Function": "equals", "Compiled": false, "Arguments": [4, 12], "Removed Arguments": [12], "Result": 11}, {"Node Type": "FUNCTION", "Result Type": "FUNCTION", "Function": "in", "Compiled": false, "Arguments": [2, 13], "Removed Arguments": [13], "Result": 12}, {"Node Type": "FUNCTION", "Result Type": "FUNCTION", "Function": "and", "Compiled": false, "Arguments": [15, 14], "Removed Arguments": [15, 14], "Result": 13}, {"Node Type": "FUNCTION", "Result Type": "FUNCTION", "Function": "and", "Compiled": false, "Arguments": [13, 16], "Removed Arguments": [13, 16], "Result": 14}, {"Node Type": "FUNCTION", "Result Type": "FUNCTION", "Function": "and", "Compiled": false, "Arguments": [14, 10], "Removed Arguments": [14, 10], "Result": 16}, {"Node Type": "FUNCTION", "Result Type": "FUNCTION", "Function": "and", "Compiled": false, "Arguments": [16, 11], "Removed Arguments": [16, 11], "Result": 10}, {"Node Type": "FUNCTION", "Result Type": "FUNCTION", "Function": "and", "Compiled": false, "Arguments": [10, 12], "Removed Arguments": [10, 12], "Result": 11}], "Outputs": [{"Name": "person_id", "Type": "Int64"}, {"Name": "--ci.movie_id", "Type": "Int64"}, {"Name": "--ci.note", "Type": "String"}, {"Name": "--it1.id", "Type": "Int64"}, {"Name": "--it1.info", "Type": "String"}, {"Name": "--it2.id", "Type": "Int64"}, {"Name": "--it2.info", "Type": "String"}, {"Name": "movie_id", "Type": "Int64"}, {"Name": "info_type_id", "Type": "Int64"}, {"Name": "info", "Type": "String"}, {"Name": "and(and(and(and(and(equals(--it1.id, info_type_id), equals(--ci.movie_id, movie_id)), in(info, ('Horror', 'Action', 'Sci-Fi', 'Thriller', 'Crime', 'War'))), equals(--it2.info, 'votes')), equals(--it1.info, 'genres')), in(--ci.note, ('(writer)', '(head writer)', '(written by)', '(story)', '(story editor)')))", "Type": "UInt8"}], "Positions": [0, 1, 2, 3, 4, 5, 6, 7, 8, 9, 11], "Project Input": true}, "Plans": [{"Node Type": "Join", "Description": "JOIN", "Header": [{"Name": "person_id", "Type": "Int64"}, {"Name": "--ci.movie_id", "Type": "Int64"}, {"Name": "--ci.note", "Type": "String"}, {"Name": "--it1.id", "Type": "Int64"}, {"Name": "--it1.info", "Type": "String"}, {"Name": "--it2.id", "Type": "Int64"}, {"Name": "--it2.info", "Type": "String"}, {"Name": "movie_id", "Type": "Int64"}, {"Name": "info_type_id", "Type": "Int64"}, {"Name": "info", "Type": "String"}], "Plans": [{"Node Type": "Expression", "Description": "(Before JOIN + (Projection + Before ORDER BY))", "Header": [{"Name": "person_id", "Type": "Int64"}, {"Name": "--ci.movie_id", "Type": "Int64"}, {"Name": "--ci.note", "Type": "String"}, {"Name": "--it1.id", "Type": "Int64"}, {"Name": "--it1.info", "Type": "String"}, {"Name": "--it2.id", "Type": "Int64"}, {"Name": "--it2.info", "Type": "String"}], "Expression": {"Inputs": [{"Name": "person_id", "Type": "Int64"}, {"Name": "--ci.movie_id", "Type": "Int64"}, {"Name": "--ci.note", "Type": "String"}, {"Name": "--it1.id", "Type": "Int64"}, {"Name": "--it1.info", "Type": "String"}, {"Name": "id", "Type": "Int64"}, {"Name": "info", "Type": "String"}], "Actions": [{"Node Type": "INPUT", "Result Type": "INPUT", "Arguments": [0], "Removed Arguments": [0], "Result": 0}, {"Node Type": "INPUT", "Result Type": "INPUT", "Arguments": [1], "Removed Arguments": [1], "Result": 1}, {"Node Type": "INPUT", "Result Type": "INPUT", "Arguments": [2], "Removed Arguments": [2], "Result": 2}, {"Node Type": "INPUT", "Result Type": "INPUT", "Arguments": [3], "Removed Arguments": [3], "Result": 3}, {"Node Type": "INPUT", "Result Type": "INPUT", "Arguments": [4], "Removed Arguments": [4], "Result": 4}, {"Node Type": "INPUT", "Result Type": "INPUT", "Arguments": [5], "Removed Arguments": [], "Result": 5}, {"Node Type": "INPUT", "Result Type": "INPUT", "Arguments": [6], "Removed Arguments": [], "Result": 6}, {"Node Type": "ALIAS", "Result Type": "ALIAS", "Arguments": [5], "Removed Arguments": [5], "Result": 7}, {"Node Type": "ALIAS", "Result Type": "ALIAS", "Arguments": [6], "Removed Arguments": [6], "Result": 5}], "Outputs": [{"Name": "person_id", "Type": "Int64"}, {"Name": "--ci.movie_id", "Type": "Int64"}, {"Name": "--ci.note", "Type": "String"}, {"Name": "--it1.id", "Type": "Int64"}, {"Name": "--it1.info", "Type": "String"}, {"Name": "--it2.id", "Type": "Int64"}, {"Name": "--it2.info", "Type": "String"}], "Positions": [0, 1, 2, 3, 4, 7, 5], "Project Input": true}, "Plans": [{"Node Type": "Filter", "Description": "WHERE", "Header": [{"Name": "person_id", "Type": "Int64"}, {"Name": "--ci.movie_id", "Type": "Int64"}, {"Name": "--ci.note", "Type": "String"}, {"Name": "--it1.id", "Type": "Int64"}, {"Name": "--it1.info", "Type": "String"}, {"Name": "id", "Type": "Int64"}, {"Name": "info", "Type": "String"}], "Filter Column": "and(and(equals(info, 'votes'), equals(--it1.info, 'genres')), in(--ci.note, ('(writer)', '(head writer)', '(written by)', '(story)', '(story editor)')))", "Removes Filter": true, "Expression": {"Inputs": [{"Name": "person_id", "Type": "Int64"}, {"Name": "--ci.movie_id", "Type": "Int64"}, {"Name": "--ci.note", "Type": "String"}, {"Name": "--it1.id", "Type": "Int64"}, {"Name": "--it1.info", "Type": "String"}, {"Name": "id", "Type": "Int64"}, {"Name": "info", "Type": "String"}], "Actions": [{"Node Type": "INPUT", "Result Type": "INPUT", "Arguments": [0], "Removed Arguments": [0], "Result": 0}, {"Node Type": "INPUT", "Result Type": "INPUT", "Arguments": [1], "Removed Arguments": [1], "Result": 1}, {"Node Type": "INPUT", "Result Type": "INPUT", "Arguments": [2], "Removed Arguments": [], "Result": 2}, {"Node Type": "INPUT", "Result Type": "INPUT", "Arguments": [3], "Removed Arguments": [3], "Result": 3}, {"Node Type": "INPUT", "Result Type": "INPUT", "Arguments": [4], "Removed Arguments": [], "Result": 4}, {"Node Type": "INPUT", "Result Type": "INPUT", "Arguments": [5], "Removed Arguments": [5], "Result": 5}, {"Node Type": "INPUT", "Result Type": "INPUT", "Arguments": [6], "Removed Arguments": [], "Result": 6}, {"Node Type": "COLUMN", "Result Type": "COLUMN", "Column": "Const(String)", "Arguments": [], "Removed Arguments": [], "Result": 7}, {"Node Type": "COLUMN", "Result Type": "COLUMN", "Column": "Const(String)", "Arguments": [], "Removed Arguments": [], "Result": 8}, {"Node Type": "COLUMN", "Result Type": "COLUMN", "Column": "Const(Set)", "Arguments": [], "Removed Arguments": [], "Result": 9}, {"Node Type": "FUNCTION", "Result Type": "FUNCTION", "Function": "equals", "Compiled": false, "Arguments": [6, 7], "Removed Arguments": [7], "Result": 10}, {"Node Type": "FUNCTION", "Result Type": "FUNCTION", "Function": "equals", "Compiled": false, "Arguments": [4, 8], "Removed Arguments": [8], "Result": 7}, {"Node Type": "FUNCTION", "Result Type": "FUNCTION", "Function": "in", "Compiled": false, "Arguments": [2, 9], "Removed Arguments": [9], "Result": 8}, {"Node Type": "FUNCTION", "Result Type": "FUNCTION", "Function": "and", "Compiled": false, "Arguments": [10, 7], "Removed Arguments": [10, 7], "Result": 9}, {"Node Type": "FUNCTION", "Result Type": "FUNCTION", "Function": "and", "Compiled": false, "Arguments": [9, 8], "Removed Arguments": [9, 8], "Result": 7}], "Outputs": [{"Name": "person_id", "Type": "Int64"}, {"Name": "--ci.movie_id", "Type": "Int64"}, {"Name": "--ci.note", "Type": "String"}, {"Name": "--it1.id", "Type": "Int64"}, {"Name": "--it1.info", "Type": "String"}, {"Name": "id", "Type": "Int64"}, {"Name": "info", "Type": "String"}, {"Name": "and(and(equals(info, 'votes'), equals(--it1.info, 'genres')), in(--ci.note, ('(writer)', '(head writer)', '(written by)', '(story)', '(story editor)')))", "Type": "UInt8"}], "Positions": [0, 1, 2, 3, 4, 5, 6, 7], "Project Input": true}, "Plans": [{"Node Type": "Join", "Description": "JOIN", "Header": [{"Name": "person_id", "Type": "Int64"}, {"Name": "--ci.movie_id", "Type": "Int64"}, {"Name": "--ci.note", "Type": "String"}, {"Name": "--it1.id", "Type": "Int64"}, {"Name": "--it1.info", "Type": "String"}, {"Name": "id", "Type": "Int64"}, {"Name": "info", "Type": "String"}], "Plans": [{"Node Type": "Expression", "Description": "(Before JOIN + (Projection + Before ORDER BY))", "Header": [{"Name": "person_id", "Type": "Int64"}, {"Name": "--ci.movie_id", "Type": "Int64"}, {"Name": "--ci.note", "Type": "String"}, {"Name": "--it1.id", "Type": "Int64"}, {"Name": "--it1.info", "Type": "String"}], "Expression": {"Inputs": [{"Name": "note", "Type": "String"}, {"Name": "person_id", "Type": "Int64"}, {"Name": "movie_id", "Type": "Int64"}, {"Name": "it1.id", "Type": "Int64"}, {"Name": "info", "Type": "String"}], "Actions": [{"Node Type": "INPUT", "Result Type": "INPUT", "Arguments": [0], "Removed Arguments": [], "Result": 0}, {"Node Type": "INPUT", "Result Type": "INPUT", "Arguments": [1], "Removed Arguments": [1], "Result": 1}, {"Node Type": "INPUT", "Result Type": "INPUT", "Arguments": [2], "Removed Arguments": [], "Result": 2}, {"Node Type": "INPUT", "Result Type": "INPUT", "Arguments": [3], "Removed Arguments": [], "Result": 3}, {"Node Type": "INPUT", "Result Type": "INPUT", "Arguments": [4], "Removed Arguments": [], "Result": 4}, {"Node Type": "ALIAS", "Result Type": "ALIAS", "Arguments": [0], "Removed Arguments": [0], "Result": 5}, {"Node Type": "ALIAS", "Result Type": "ALIAS", "Arguments": [2], "Removed Arguments": [2], "Result": 0}, {"Node Type": "ALIAS", "Result Type": "ALIAS", "Arguments": [3], "Removed Arguments": [3], "Result": 2}, {"Node Type": "ALIAS", "Result Type": "ALIAS", "Arguments": [4], "Removed Arguments": [4], "Result": 3}], "Outputs": [{"Name": "person_id", "Type": "Int64"}, {"Name": "--ci.movie_id", "Type": "Int64"}, {"Name": "--ci.note", "Type": "String"}, {"Name": "--it1.id", "Type": "Int64"}, {"Name": "--it1.info", "Type": "String"}], "Positions": [1, 0, 5, 2, 3], "Project Input": true}, "Plans": [{"Node Type": "Filter", "Description": "WHERE", "Header": [{"Name": "note", "Type": "String"}, {"Name": "person_id", "Type": "Int64"}, {"Name": "movie_id", "Type": "Int64"}, {"Name": "it1.id", "Type": "Int64"}, {"Name": "info", "Type": "String"}], "Filter Column": "and(in(note, ('(writer)', '(head writer)', '(written by)', '(story)', '(story editor)')), equals(info, 'genres'))", "Removes Filter": true, "Expression": {"Inputs": [{"Name": "note", "Type": "String"}, {"Name": "in(note, ('(writer)', '(head writer)', '(written by)', '(story)', '(story editor)'))", "Type": "UInt8"}, {"Name": "person_id", "Type": "Int64"}, {"Name": "movie_id", "Type": "Int64"}, {"Name": "it1.id", "Type": "Int64"}, {"Name": "info", "Type": "String"}], "Actions": [{"Node Type": "INPUT", "Result Type": "INPUT", "Arguments": [0], "Removed Arguments": [0], "Result": 0}, {"Node Type": "INPUT", "Result Type": "INPUT", "Arguments": [1], "Removed Arguments": [], "Result": 1}, {"Node Type": "INPUT", "Result Type": "INPUT", "Arguments": [2], "Removed Arguments": [2], "Result": 2}, {"Node Type": "INPUT", "Result Type": "INPUT", "Arguments": [3], "Removed Arguments": [3], "Result": 3}, {"Node Type": "INPUT", "Result Type": "INPUT", "Arguments": [4], "Removed Arguments": [4], "Result": 4}, {"Node Type": "INPUT", "Result Type": "INPUT", "Arguments": [5], "Removed Arguments": [], "Result": 5}, {"Node Type": "COLUMN", "Result Type": "COLUMN", "Column": "Const(String)", "Arguments": [], "Removed Arguments": [], "Result": 6}, {"Node Type": "FUNCTION", "Result Type": "FUNCTION", "Function": "equals", "Compiled": false, "Arguments": [5, 6], "Removed Arguments": [6], "Result": 7}, {"Node Type": "FUNCTION", "Result Type": "FUNCTION", "Function": "and", "Compiled": false, "Arguments": [1, 7], "Removed Arguments": [1, 7], "Result": 6}], "Outputs": [{"Name": "note", "Type": "String"}, {"Name": "person_id", "Type": "Int64"}, {"Name": "movie_id", "Type": "Int64"}, {"Name": "it1.id", "Type": "Int64"}, {"Name": "info", "Type": "String"}, {"Name": "and(in(note, ('(writer)', '(head writer)', '(written by)', '(story)', '(story editor)')), equals(info, 'genres'))", "Type": "UInt8"}], "Positions": [0, 2, 3, 4, 5, 6], "Project Input": true}, "Plans": [{"Node Type": "Join", "Description": "JOIN", "Header": [{"Name": "note", "Type": "String"}, {"Name": "in(note, ('(writer)', '(head writer)', '(written by)', '(story)', '(story editor)'))", "Type": "UInt8"}, {"Name": "person_id", "Type": "Int64"}, {"Name": "movie_id", "Type": "Int64"}, {"Name": "it1.id", "Type": "Int64"}, {"Name": "info", "Type": "String"}], "Plans": [{"Node Type": "Expression", "Description": "Before JOIN", "Header": [{"Name": "note", "Type": "String"}, {"Name": "in(note, ('(writer)', '(head writer)', '(written by)', '(story)', '(story editor)'))", "Type": "UInt8"}, {"Name": "person_id", "Type": "Int64"}, {"Name": "movie_id", "Type": "Int64"}], "Expression": {"Inputs": [{"Name": "note", "Type": "String"}, {"Name": "in(note, ('(writer)', '(head writer)', '(written by)', '(story)', '(story editor)'))", "Type": "UInt8"}, {"Name": "person_id", "Type": "Int64"}, {"Name": "movie_id", "Type": "Int64"}], "Actions": [{"Node Type": "INPUT", "Result Type": "INPUT", "Arguments": [0], "Removed Arguments": [0], "Result": 0}, {"Node Type": "INPUT", "Result Type": "INPUT", "Arguments": [1], "Removed Arguments": [1], "Result": 1}, {"Node Type": "INPUT", "Result Type": "INPUT", "Arguments": [2], "Removed Arguments": [2], "Result": 2}, {"Node Type": "INPUT", "Result Type": "INPUT", "Arguments": [3], "Removed Arguments": [3], "Result": 3}], "Outputs": [{"Name": "note", "Type": "String"}, {"Name": "in(note, ('(writer)', '(head writer)', '(written by)', '(story)', '(story editor)'))", "Type": "UInt8"}, {"Name": "person_id", "Type": "Int64"}, {"Name": "movie_id", "Type": "Int64"}], "Positions": [0, 1, 2, 3], "Project Input": false}, "Plans": [{"Node Type": "SettingQuotaAndLimits", "Description": "Set limits and quota after reading from storage", "Header": [{"Name": "note", "Type": "String"}, {"Name": "in(note, ('(writer)', '(head writer)', '(written by)', '(story)', '(story editor)'))", "Type": "UInt8"}, {"Name": "person_id", "Type": "Int64"}, {"Name": "movie_id", "Type": "Int64"}], "Plans": [{"Node Type": "ReadFromMergeTree", "Header": [{"Name": "note", "Type": "String"}, {"Name": "in(note, ('(writer)', '(head writer)', '(written by)', '(story)', '(story editor)'))", "Type": "UInt8"}, {"Name": "person_id", "Type": "Int64"}, {"Name": "movie_id", "Type": "Int64"}], "Read Type": "Default", "Parts": 1, "Granules": 4410}]}]}, {"Node Type": "Expression", "Description": "(Joined actions + (Rename joined columns + (Projection + Before ORDER BY)))", "Header": [{"Name": "it1.id", "Type": "Int64"}, {"Name": "info", "Type": "String"}], "Expression": {"Inputs": [{"Name": "id", "Type": "Int64"}, {"Name": "info", "Type": "String"}], "Actions": [{"Node Type": "INPUT", "Result Type": "INPUT", "Arguments": [0], "Removed Arguments": [], "Result": 0}, {"Node Type": "INPUT", "Result Type": "INPUT", "Arguments": [1], "Removed Arguments": [], "Result": 1}, {"Node Type": "ALIAS", "Result Type": "ALIAS", "Arguments": [0], "Removed Arguments": [0], "Result": 2}, {"Node Type": "ALIAS", "Result Type": "ALIAS", "Arguments": [1], "Removed Arguments": [1], "Result": 0}], "Outputs": [{"Name": "it1.id", "Type": "Int64"}, {"Name": "info", "Type": "String"}], "Positions": [2, 0], "Project Input": true}, "Plans": [{"Node Type": "SettingQuotaAndLimits", "Description": "Set limits and quota after reading from storage", "Header": [{"Name": "id", "Type": "Int64"}, {"Name": "info", "Type": "String"}], "Plans": [{"Node Type": "ReadFromMergeTree", "Header": [{"Name": "id", "Type": "Int64"}, {"Name": "info", "Type": "String"}], "Read Type": "Default", "Parts": 1, "Granules": 1}]}]}]}]}]}, {"Node Type": "Expression", "Description": "(Joined actions + (Rename joined columns + (Projection + Before ORDER BY)))", "Header": [{"Name": "id", "Type": "Int64"}, {"Name": "info", "Type": "String"}], "Expression": {"Inputs": [{"Name": "id", "Type": "Int64"}, {"Name": "info", "Type": "String"}], "Actions": [{"Node Type": "INPUT", "Result Type": "INPUT", "Arguments": [0], "Removed Arguments": [], "Result": 0}, {"Node Type": "INPUT", "Result Type": "INPUT", "Arguments": [1], "Removed Arguments": [], "Result": 1}, {"Node Type": "ALIAS", "Result Type": "ALIAS", "Arguments": [0], "Removed Arguments": [0], "Result": 2}, {"Node Type": "ALIAS", "Result Type": "ALIAS", "Arguments": [1], "Removed Arguments": [1], "Result": 0}], "Outputs": [{"Name": "id", "Type": "Int64"}, {"Name": "info", "Type": "String"}], "Positions": [2, 0], "Project Input": true}, "Plans": [{"Node Type": "SettingQuotaAndLimits", "Description": "Set limits and quota after reading from storage", "Header": [{"Name": "id", "Type": "Int64"}, {"Name": "info", "Type": "String"}], "Plans": [{"Node Type": "ReadFromMergeTree", "Header": [{"Name": "id", "Type": "Int64"}, {"Name": "info", "Type": "String"}], "Read Type": "Default", "Parts": 1, "Granules": 1}]}]}]}]}]}, {"Node Type": "Expression", "Description": "(Joined actions + (Rename joined columns + (Projection + Before ORDER BY)))", "Header": [{"Name": "movie_id", "Type": "Int64"}, {"Name": "info_type_id", "Type": "Int64"}, {"Name": "--mi.movie_id", "Type": "Int64"}, {"Name": "--mi.info_type_id", "Type": "Int64"}, {"Name": "info", "Type": "String"}], "Expression": {"Inputs": [{"Name": "movie_id", "Type": "Int64"}, {"Name": "info_type_id", "Type": "Int64"}, {"Name": "info", "Type": "String"}], "Actions": [{"Node Type": "INPUT", "Result Type": "INPUT", "Arguments": [0], "Removed Arguments": [], "Result": 0}, {"Node Type": "INPUT", "Result Type": "INPUT", "Arguments": [1], "Removed Arguments": [], "Result": 1}, {"Node Type": "INPUT", "Result Type": "INPUT", "Arguments": [2], "Removed Arguments": [], "Result": 2}, {"Node Type": "ALIAS", "Result Type": "ALIAS", "Arguments": [0], "Removed Arguments": [0], "Result": 3}, {"Node Type": "ALIAS", "Result Type": "ALIAS", "Arguments": [1], "Removed Arguments": [1], "Result": 0}, {"Node Type": "ALIAS", "Result Type": "ALIAS", "Arguments": [2], "Removed Arguments": [2], "Result": 1}, {"Node Type": "ALIAS", "Result Type": "ALIAS", "Arguments": [3], "Removed Arguments": [], "Result": 2}, {"Node Type": "ALIAS", "Result Type": "ALIAS", "Arguments": [0], "Removed Arguments": [], "Result": 4}], "Outputs": [{"Name": "movie_id", "Type": "Int64"}, {"Name": "info_type_id", "Type": "Int64"}, {"Name": "--mi.movie_id", "Type": "Int64"}, {"Name": "--mi.info_type_id", "Type": "Int64"}, {"Name": "info", "Type": "String"}], "Positions": [3, 0, 2, 4, 1], "Project Input": true}, "Plans": [{"Node Type": "SettingQuotaAndLimits", "Description": "Set limits and quota after reading from storage", "Header": [{"Name": "movie_id", "Type": "Int64"}, {"Name": "info_type_id", "Type": "Int64"}, {"Name": "info", "Type": "String"}], "Plans": [{"Node Type": "ReadFromMergeTree", "Header": [{"Name": "movie_id", "Type": "Int64"}, {"Name": "info_type_id", "Type": "Int64"}, {"Name": "info", "Type": "String"}], "Read Type": "Default", "Parts": 2, "Granules": 1749}]}]}]}]}]}, {"Node Type": "Expression", "Description": "(Joined actions + (Rename joined columns + (Projection + Before ORDER BY)))", "Header": [{"Name": "movie_id", "Type": "Int64"}, {"Name": "info_type_id", "Type": "Int64"}, {"Name": "--mi_idx.movie_id", "Type": "Int64"}, {"Name": "--mi_idx.info_type_id", "Type": "Int64"}, {"Name": "info", "Type": "String"}], "Expression": {"Inputs": [{"Name": "movie_id", "Type": "Int64"}, {"Name": "info_type_id", "Type": "Int64"}, {"Name": "info", "Type": "String"}], "Actions": [{"Node Type": "INPUT", "Result Type": "INPUT", "Arguments": [0], "Removed Arguments": [], "Result": 0}, {"Node Type": "INPUT", "Result Type": "INPUT", "Arguments": [1], "Removed Arguments": [], "Result": 1}, {"Node Type": "INPUT", "Result Type": "INPUT", "Arguments": [2], "Removed Arguments": [], "Result": 2}, {"Node Type": "ALIAS", "Result Type": "ALIAS", "Arguments": [0], "Removed Arguments": [0], "Result": 3}, {"Node Type": "ALIAS", "Result Type": "ALIAS", "Arguments": [1], "Removed Arguments": [1], "Result": 0}, {"Node Type": "ALIAS", "Result Type": "ALIAS", "Arguments": [2], "Removed Arguments": [2], "Result": 1}, {"Node Type": "ALIAS", "Result Type": "ALIAS", "Arguments": [3], "Removed Arguments": [], "Result": 2}, {"Node Type": "ALIAS", "Result Type": "ALIAS", "Arguments": [0], "Removed Arguments": [], "Result": 4}], "Outputs": [{"Name": "movie_id", "Type": "Int64"}, {"Name": "info_type_id", "Type": "Int64"}, {"Name": "--mi_idx.movie_id", "Type": "Int64"}, {"Name": "--mi_idx.info_type_id", "Type": "Int64"}, {"Name": "info", "Type": "String"}], "Positions": [3, 0, 2, 4, 1], "Project Input": true}, "Plans": [{"Node Type": "SettingQuotaAndLimits", "Description": "Set limits and quota after reading from storage", "Header": [{"Name": "movie_id", "Type": "Int64"}, {"Name": "info_type_id", "Type": "Int64"}, {"Name": "info", "Type": "String"}], "Plans": [{"Node Type": "ReadFromMergeTree", "Header": [{"Name": "movie_id", "Type": "Int64"}, {"Name": "info_type_id", "Type": "Int64"}, {"Name": "info", "Type": "String"}], "Read Type": "Default", "Parts": 2, "Granules": 169}]}]}]}]}]}, {"Node Type": "Expression", "Description": "(Joined actions + (Rename joined columns + (Projection + Before ORDER BY)))", "Header": [{"Name": "id", "Type": "Int64"}, {"Name": "--n.id", "Type": "Int64"}, {"Name": "gender", "Type": "String"}], "Expression": {"Inputs": [{"Name": "id", "Type": "Int64"}, {"Name": "gender", "Type": "String"}], "Actions": [{"Node Type": "INPUT", "Result Type": "INPUT", "Arguments": [0], "Removed Arguments": [], "Result": 0}, {"Node Type": "INPUT", "Result Type": "INPUT", "Arguments": [1], "Removed Arguments": [], "Result": 1}, {"Node Type": "ALIAS", "Result Type": "ALIAS", "Arguments": [0], "Removed Arguments": [0], "Result": 2}, {"Node Type": "ALIAS", "Result Type": "ALIAS", "Arguments": [1], "Removed Arguments": [1], "Result": 0}, {"Node Type": "ALIAS", "Result Type": "ALIAS", "Arguments": [2], "Removed Arguments": [], "Result": 1}], "Outputs": [{"Name": "id", "Type": "Int64"}, {"Name": "--n.id", "Type": "Int64"}, {"Name": "gender", "Type": "String"}], "Positions": [2, 1, 0], "Project Input": true}, "Plans": [{"Node Type": "SettingQuotaAndLimits", "Description": "Set limits and quota after reading from storage", "Header": [{"Name": "id", "Type": "Int64"}, {"Name": "gender", "Type": "String"}], "Plans": [{"Node Type": "ReadFromMergeTree", "Header": [{"Name": "id", "Type": "Int64"}, {"Name": "gender", "Type": "String"}], "Read Type": "Default", "Parts": 1, "Granules": 509}]}]}]}]}]}, {"Node Type": "Expression", "Description": "(Joined actions + (Rename joined columns + (Projection + Before ORDER BY)))", "Header": [{"Name": "id", "Type": "Int64"}, {"Name": "title", "Type": "String"}], "Expression": {"Inputs": [{"Name": "id", "Type": "Int64"}, {"Name": "title", "Type": "String"}], "Actions": [{"Node Type": "INPUT", "Result Type": "INPUT", "Arguments": [0], "Removed Arguments": [], "Result": 0}, {"Node Type": "INPUT", "Result Type": "INPUT", "Arguments": [1], "Removed Arguments": [], "Result": 1}, {"Node Type": "ALIAS", "Result Type": "ALIAS", "Arguments": [0], "Removed Arguments": [0], "Result": 2}, {"Node Type": "ALIAS", "Result Type": "ALIAS", "Arguments": [1], "Removed Arguments": [1], "Result": 0}], "Outputs": [{"Name": "id", "Type": "Int64"}, {"Name": "title", "Type": "String"}], "Positions": [2, 0], "Project Input": true}, "Plans": [{"Node Type": "SettingQuotaAndLimits", "Description": "Set limits and quota after reading from storage", "Header": [{"Name": "id", "Type": "Int64"}, {"Name": "title", "Type": "String"}], "Plans": [{"Node Type": "ReadFromMergeTree", "Header": [{"Name": "id", "Type": "Int64"}, {"Name": "title", "Type": "String"}], "Read Type": "Default", "Parts": 2, "Granules": 308}]}]}]}]}]}]}]}}]