[{"Plan": {"Node Type": "Expression", "Description": "(Projection + Before ORDER BY)", "Header": [{"Name": "movie_title", "Type": "String"}], "Expression": {"Inputs": [{"Name": "min(title)", "Type": "String"}], "Actions": [{"Node Type": "INPUT", "Result Type": "INPUT", "Arguments": [0], "Removed Arguments": [], "Result": 0}, {"Node Type": "ALIAS", "Result Type": "ALIAS", "Arguments": [0], "Removed Arguments": [0], "Result": 1}], "Outputs": [{"Name": "movie_title", "Type": "String"}], "Positions": [1], "Project Input": true}, "Plans": [{"Node Type": "Aggregating", "Header": [{"Name": "min(title)", "Type": "String"}], "Keys": [], "Aggregates": [{"Name": "min(title)", "Function": {"Name": "min", "Argument Types": ["String"], "Result Type": "String"}, "Arguments": ["title"], "Argument Positions": [0]}], "Plans": [{"Node Type": "Expression", "Description": "Before GROUP BY", "Header": [{"Name": "title", "Type": "String"}], "Expression": {"Inputs": [{"Name": "title", "Type": "String"}], "Actions": [{"Node Type": "INPUT", "Result Type": "INPUT", "Arguments": [0], "Removed Arguments": [0], "Result": 0}], "Outputs": [{"Name": "title", "Type": "String"}], "Positions": [0], "Project Input": true}, "Plans": [{"Node Type": "Filter", "Description": "WHERE", "Header": [{"Name": "title", "Type": "String"}], "Filter Column": "and(equals(country_code, '[sm]'), equals(keyword, 'character-name-in-title'), equals(--cn.id, company_id), equals(--mc.movie_id, id), equals(id, --mk.movie_id), equals(keyword_id, --k.id), equals(--mc.movie_id, --mk.movie_id))", "Removes Filter": true, "Expression": {"Inputs": [{"Name": "country_code", "Type": "String"}, {"Name": "--cn.id", "Type": "Int64"}, {"Name": "keyword", "Type": "String"}, {"Name": "--k.id", "Type": "Int64"}, {"Name": "company_id", "Type": "Int64"}, {"Name": "--mc.movie_id", "Type": "Int64"}, {"Name": "keyword_id", "Type": "Int64"}, {"Name": "--mk.movie_id", "Type": "Int64"}, {"Name": "id", "Type": "Int64"}, {"Name": "title", "Type": "String"}], "Actions": [{"Node Type": "INPUT", "Result Type": "INPUT", "Arguments": [0], "Removed Arguments": [], "Result": 0}, {"Node Type": "INPUT", "Result Type": "INPUT", "Arguments": [1], "Removed Arguments": [], "Result": 1}, {"Node Type": "INPUT", "Result Type": "INPUT", "Arguments": [2], "Removed Arguments": [], "Result": 2}, {"Node Type": "INPUT", "Result Type": "INPUT", "Arguments": [3], "Removed Arguments": [], "Result": 3}, {"Node Type": "INPUT", "Result Type": "INPUT", "Arguments": [4], "Removed Arguments": [], "Result": 4}, {"Node Type": "INPUT", "Result Type": "INPUT", "Arguments": [5], "Removed Arguments": [], "Result": 5}, {"Node Type": "INPUT", "Result Type": "INPUT", "Arguments": [6], "Removed Arguments": [], "Result": 6}, {"Node Type": "INPUT", "Result Type": "INPUT", "Arguments": [7], "Removed Arguments": [], "Result": 7}, {"Node Type": "INPUT", "Result Type": "INPUT", "Arguments": [8], "Removed Arguments": [], "Result": 8}, {"Node Type": "INPUT", "Result Type": "INPUT", "Arguments": [9], "Removed Arguments": [9], "Result": 9}, {"Node Type": "COLUMN", "Result Type": "COLUMN", "Column": "Const(String)", "Arguments": [], "Removed Arguments": [], "Result": 10}, {"Node Type": "COLUMN", "Result Type": "COLUMN", "Column": "Const(String)", "Arguments": [], "Removed Arguments": [], "Result": 11}, {"Node Type": "FUNCTION", "Result Type": "FUNCTION", "Function": "equals", "Compiled": false, "Arguments": [1, 4], "Removed Arguments": [1, 4], "Result": 12}, {"Node Type": "FUNCTION", "Result Type": "FUNCTION", "Function": "equals", "Compiled": false, "Arguments": [6, 3], "Removed Arguments": [6, 3], "Result": 4}, {"Node Type": "FUNCTION", "Result Type": "FUNCTION", "Function": "equals", "Compiled": false, "Arguments": [5, 8], "Removed Arguments": [5], "Result": 3}, {"Node Type": "FUNCTION", "Result Type": "FUNCTION", "Function": "equals", "Compiled": false, "Arguments": [8, 7], "Removed Arguments": [8, 7], "Result": 5}, {"Node Type": "FUNCTION", "Result Type": "FUNCTION", "Function": "equals", "Compiled": false, "Arguments": [0, 10], "Removed Arguments": [0, 10], "Result": 7}, {"Node Type": "FUNCTION", "Result Type": "FUNCTION", "Function": "equals", "Compiled": false, "Arguments": [2, 11], "Removed Arguments": [2, 11], "Result": 10}, {"Node Type": "FUNCTION", "Result Type": "FUNCTION", "Function": "and", "Compiled": false, "Arguments": [7, 10, 12, 3, 5, 4], "Removed Arguments": [7, 10, 12, 3, 5, 4], "Result": 11}], "Outputs": [{"Name": "title", "Type": "String"}, {"Name": "and(equals(country_code, '[sm]'), equals(keyword, 'character-name-in-title'), equals(--cn.id, company_id), equals(--mc.movie_id, id), equals(id, --mk.movie_id), equals(keyword_id, --k.id), equals(--mc.movie_id, --mk.movie_id))", "Type": "UInt8"}], "Positions": [9, 11], "Project Input": true}, "Plans": [{"Node Type": "Join", "Description": "JOIN", "Header": [{"Name": "country_code", "Type": "String"}, {"Name": "--cn.id", "Type": "Int64"}, {"Name": "keyword", "Type": "String"}, {"Name": "--k.id", "Type": "Int64"}, {"Name": "company_id", "Type": "Int64"}, {"Name": "--mc.movie_id", "Type": "Int64"}, {"Name": "keyword_id", "Type": "Int64"}, {"Name": "--mk.movie_id", "Type": "Int64"}, {"Name": "title", "Type": "String"}, {"Name": "id", "Type": "Int64"}], "Plans": [{"Node Type": "Filter", "Description": "( + (Before JOIN + (Projection + Before ORDER BY)))", "Header": [{"Name": "country_code", "Type": "String"}, {"Name": "--cn.id", "Type": "Int64"}, {"Name": "keyword", "Type": "String"}, {"Name": "--k.id", "Type": "Int64"}, {"Name": "company_id", "Type": "Int64"}, {"Name": "--mc.movie_id", "Type": "Int64"}, {"Name": "keyword_id", "Type": "Int64"}, {"Name": "--mk.movie_id", "Type": "Int64"}], "Filter Column": "equals(--mc.movie_id, --mk.movie_id)", "Removes Filter": true, "Expression": {"Inputs": [{"Name": "country_code", "Type": "String"}, {"Name": "--cn.id", "Type": "Int64"}, {"Name": "keyword", "Type": "String"}, {"Name": "--k.id", "Type": "Int64"}, {"Name": "company_id", "Type": "Int64"}, {"Name": "--mc.movie_id", "Type": "Int64"}, {"Name": "movie_id", "Type": "Int64"}, {"Name": "keyword_id", "Type": "Int64"}], "Actions": [{"Node Type": "INPUT", "Result Type": "INPUT", "Arguments": [0], "Removed Arguments": [0], "Result": 0}, {"Node Type": "INPUT", "Result Type": "INPUT", "Arguments": [1], "Removed Arguments": [1], "Result": 1}, {"Node Type": "INPUT", "Result Type": "INPUT", "Arguments": [2], "Removed Arguments": [2], "Result": 2}, {"Node Type": "INPUT", "Result Type": "INPUT", "Arguments": [3], "Removed Arguments": [3], "Result": 3}, {"Node Type": "INPUT", "Result Type": "INPUT", "Arguments": [4], "Removed Arguments": [4], "Result": 4}, {"Node Type": "INPUT", "Result Type": "INPUT", "Arguments": [5], "Removed Arguments": [], "Result": 5}, {"Node Type": "INPUT", "Result Type": "INPUT", "Arguments": [6], "Removed Arguments": [], "Result": 6}, {"Node Type": "INPUT", "Result Type": "INPUT", "Arguments": [7], "Removed Arguments": [7], "Result": 7}, {"Node Type": "ALIAS", "Result Type": "ALIAS", "Arguments": [6], "Removed Arguments": [6], "Result": 8}, {"Node Type": "FUNCTION", "Result Type": "FUNCTION", "Function": "equals", "Compiled": false, "Arguments": [5, 8], "Removed Arguments": [], "Result": 6}], "Outputs": [{"Name": "equals(--mc.movie_id, --mk.movie_id)", "Type": "UInt8"}, {"Name": "country_code", "Type": "String"}, {"Name": "--cn.id", "Type": "Int64"}, {"Name": "keyword", "Type": "String"}, {"Name": "--k.id", "Type": "Int64"}, {"Name": "company_id", "Type": "Int64"}, {"Name": "--mc.movie_id", "Type": "Int64"}, {"Name": "keyword_id", "Type": "Int64"}, {"Name": "--mk.movie_id", "Type": "Int64"}], "Positions": [6, 0, 1, 2, 3, 4, 5, 7, 8], "Project Input": true}, "Plans": [{"Node Type": "Filter", "Description": "WHERE", "Header": [{"Name": "country_code", "Type": "String"}, {"Name": "--cn.id", "Type": "Int64"}, {"Name": "keyword", "Type": "String"}, {"Name": "--k.id", "Type": "Int64"}, {"Name": "company_id", "Type": "Int64"}, {"Name": "--mc.movie_id", "Type": "Int64"}, {"Name": "movie_id", "Type": "Int64"}, {"Name": "keyword_id", "Type": "Int64"}], "Filter Column": "and(and(and(and(equals(--mc.movie_id, movie_id), equals(keyword_id, --k.id)), equals(--cn.id, company_id)), equals(keyword, 'character-name-in-title')), equals(country_code, '[sm]'))", "Removes Filter": true, "Expression": {"Inputs": [{"Name": "country_code", "Type": "String"}, {"Name": "--cn.id", "Type": "Int64"}, {"Name": "keyword", "Type": "String"}, {"Name": "--k.id", "Type": "Int64"}, {"Name": "company_id", "Type": "Int64"}, {"Name": "--mc.movie_id", "Type": "Int64"}, {"Name": "movie_id", "Type": "Int64"}, {"Name": "keyword_id", "Type": "Int64"}], "Actions": [{"Node Type": "INPUT", "Result Type": "INPUT", "Arguments": [0], "Removed Arguments": [], "Result": 0}, {"Node Type": "INPUT", "Result Type": "INPUT", "Arguments": [1], "Removed Arguments": [], "Result": 1}, {"Node Type": "INPUT", "Result Type": "INPUT", "Arguments": [2], "Removed Arguments": [], "Result": 2}, {"Node Type": "INPUT", "Result Type": "INPUT", "Arguments": [3], "Removed Arguments": [], "Result": 3}, {"Node Type": "INPUT", "Result Type": "INPUT", "Arguments": [4], "Removed Arguments": [], "Result": 4}, {"Node Type": "INPUT", "Result Type": "INPUT", "Arguments": [5], "Removed Arguments": [], "Result": 5}, {"Node Type": "INPUT", "Result Type": "INPUT", "Arguments": [6], "Removed Arguments": [], "Result": 6}, {"Node Type": "INPUT", "Result Type": "INPUT", "Arguments": [7], "Removed Arguments": [], "Result": 7}, {"Node Type": "COLUMN", "Result Type": "COLUMN", "Column": "Const(String)", "Arguments": [], "Removed Arguments": [], "Result": 8}, {"Node Type": "COLUMN", "Result Type": "COLUMN", "Column": "Const(String)", "Arguments": [], "Removed Arguments": [], "Result": 9}, {"Node Type": "FUNCTION", "Result Type": "FUNCTION", "Function": "equals", "Compiled": false, "Arguments": [1, 4], "Removed Arguments": [], "Result": 10}, {"Node Type": "FUNCTION", "Result Type": "FUNCTION", "Function": "equals", "Compiled": false, "Arguments": [5, 6], "Removed Arguments": [], "Result": 11}, {"Node Type": "FUNCTION", "Result Type": "FUNCTION", "Function": "equals", "Compiled": false, "Arguments": [7, 3], "Removed Arguments": [], "Result": 12}, {"Node Type": "FUNCTION", "Result Type": "FUNCTION", "Function": "equals", "Compiled": false, "Arguments": [2, 8], "Removed Arguments": [8], "Result": 13}, {"Node Type": "FUNCTION", "Result Type": "FUNCTION", "Function": "equals", "Compiled": false, "Arguments": [0, 9], "Removed Arguments": [9], "Result": 8}, {"Node Type": "FUNCTION", "Result Type": "FUNCTION", "Function": "and", "Compiled": false, "Arguments": [11, 12], "Removed Arguments": [11, 12], "Result": 9}, {"Node Type": "FUNCTION", "Result Type": "FUNCTION", "Function": "and", "Compiled": false, "Arguments": [9, 10], "Removed Arguments": [9, 10], "Result": 12}, {"Node Type": "FUNCTION", "Result Type": "FUNCTION", "Function": "and", "Compiled": false, "Arguments": [12, 13], "Removed Arguments": [12, 13], "Result": 10}, {"Node Type": "FUNCTION", "Result Type": "FUNCTION", "Function": "and", "Compiled": false, "Arguments": [10, 8], "Removed Arguments": [10, 8], "Result": 13}], "Outputs": [{"Name": "country_code", "Type": "String"}, {"Name": "--cn.id", "Type": "Int64"}, {"Name": "keyword", "Type": "String"}, {"Name": "--k.id", "Type": "Int64"}, {"Name": "company_id", "Type": "Int64"}, {"Name": "--mc.movie_id", "Type": "Int64"}, {"Name": "movie_id", "Type": "Int64"}, {"Name": "keyword_id", "Type": "Int64"}, {"Name": "and(and(and(and(equals(--mc.movie_id, movie_id), equals(keyword_id, --k.id)), equals(--cn.id, company_id)), equals(keyword, 'character-name-in-title')), equals(country_code, '[sm]'))", "Type": "UInt8"}], "Positions": [0, 1, 2, 3, 4, 5, 6, 7, 13], "Project Input": true}, "Plans": [{"Node Type": "Join", "Description": "JOIN", "Header": [{"Name": "country_code", "Type": "String"}, {"Name": "--cn.id", "Type": "Int64"}, {"Name": "keyword", "Type": "String"}, {"Name": "--k.id", "Type": "Int64"}, {"Name": "company_id", "Type": "Int64"}, {"Name": "--mc.movie_id", "Type": "Int64"}, {"Name": "movie_id", "Type": "Int64"}, {"Name": "keyword_id", "Type": "Int64"}], "Plans": [{"Node Type": "Expression", "Description": "(Before JOIN + (Projection + Before ORDER BY))", "Header": [{"Name": "country_code", "Type": "String"}, {"Name": "--cn.id", "Type": "Int64"}, {"Name": "keyword", "Type": "String"}, {"Name": "--k.id", "Type": "Int64"}, {"Name": "company_id", "Type": "Int64"}, {"Name": "--mc.movie_id", "Type": "Int64"}], "Expression": {"Inputs": [{"Name": "country_code", "Type": "String"}, {"Name": "--cn.id", "Type": "Int64"}, {"Name": "keyword", "Type": "String"}, {"Name": "--k.id", "Type": "Int64"}, {"Name": "movie_id", "Type": "Int64"}, {"Name": "company_id", "Type": "Int64"}], "Actions": [{"Node Type": "INPUT", "Result Type": "INPUT", "Arguments": [0], "Removed Arguments": [0], "Result": 0}, {"Node Type": "INPUT", "Result Type": "INPUT", "Arguments": [1], "Removed Arguments": [1], "Result": 1}, {"Node Type": "INPUT", "Result Type": "INPUT", "Arguments": [2], "Removed Arguments": [2], "Result": 2}, {"Node Type": "INPUT", "Result Type": "INPUT", "Arguments": [3], "Removed Arguments": [3], "Result": 3}, {"Node Type": "INPUT", "Result Type": "INPUT", "Arguments": [4], "Removed Arguments": [], "Result": 4}, {"Node Type": "INPUT", "Result Type": "INPUT", "Arguments": [5], "Removed Arguments": [5], "Result": 5}, {"Node Type": "ALIAS", "Result Type": "ALIAS", "Arguments": [4], "Removed Arguments": [4], "Result": 6}], "Outputs": [{"Name": "country_code", "Type": "String"}, {"Name": "--cn.id", "Type": "Int64"}, {"Name": "keyword", "Type": "String"}, {"Name": "--k.id", "Type": "Int64"}, {"Name": "company_id", "Type": "Int64"}, {"Name": "--mc.movie_id", "Type": "Int64"}], "Positions": [0, 1, 2, 3, 5, 6], "Project Input": true}, "Plans": [{"Node Type": "Filter", "Description": "WHERE", "Header": [{"Name": "country_code", "Type": "String"}, {"Name": "--cn.id", "Type": "Int64"}, {"Name": "keyword", "Type": "String"}, {"Name": "--k.id", "Type": "Int64"}, {"Name": "movie_id", "Type": "Int64"}, {"Name": "company_id", "Type": "Int64"}], "Filter Column": "and(and(equals(--cn.id, company_id), equals(keyword, 'character-name-in-title')), equals(country_code, '[sm]'))", "Removes Filter": true, "Expression": {"Inputs": [{"Name": "country_code", "Type": "String"}, {"Name": "--cn.id", "Type": "Int64"}, {"Name": "keyword", "Type": "String"}, {"Name": "--k.id", "Type": "Int64"}, {"Name": "movie_id", "Type": "Int64"}, {"Name": "company_id", "Type": "Int64"}], "Actions": [{"Node Type": "INPUT", "Result Type": "INPUT", "Arguments": [0], "Removed Arguments": [], "Result": 0}, {"Node Type": "INPUT", "Result Type": "INPUT", "Arguments": [1], "Removed Arguments": [], "Result": 1}, {"Node Type": "INPUT", "Result Type": "INPUT", "Arguments": [2], "Removed Arguments": [], "Result": 2}, {"Node Type": "INPUT", "Result Type": "INPUT", "Arguments": [3], "Removed Arguments": [3], "Result": 3}, {"Node Type": "INPUT", "Result Type": "INPUT", "Arguments": [4], "Removed Arguments": [4], "Result": 4}, {"Node Type": "INPUT", "Result Type": "INPUT", "Arguments": [5], "Removed Arguments": [], "Result": 5}, {"Node Type": "COLUMN", "Result Type": "COLUMN", "Column": "Const(String)", "Arguments": [], "Removed Arguments": [], "Result": 6}, {"Node Type": "COLUMN", "Result Type": "COLUMN", "Column": "Const(String)", "Arguments": [], "Removed Arguments": [], "Result": 7}, {"Node Type": "FUNCTION", "Result Type": "FUNCTION", "Function": "equals", "Compiled": false, "Arguments": [1, 5], "Removed Arguments": [], "Result": 8}, {"Node Type": "FUNCTION", "Result Type": "FUNCTION", "Function": "equals", "Compiled": false, "Arguments": [2, 6], "Removed Arguments": [6], "Result": 9}, {"Node Type": "FUNCTION", "Result Type": "FUNCTION", "Function": "equals", "Compiled": false, "Arguments": [0, 7], "Removed Arguments": [7], "Result": 6}, {"Node Type": "FUNCTION", "Result Type": "FUNCTION", "Function": "and", "Compiled": false, "Arguments": [8, 9], "Removed Arguments": [8, 9], "Result": 7}, {"Node Type": "FUNCTION", "Result Type": "FUNCTION", "Function": "and", "Compiled": false, "Arguments": [7, 6], "Removed Arguments": [7, 6], "Result": 9}], "Outputs": [{"Name": "country_code", "Type": "String"}, {"Name": "--cn.id", "Type": "Int64"}, {"Name": "keyword", "Type": "String"}, {"Name": "--k.id", "Type": "Int64"}, {"Name": "movie_id", "Type": "Int64"}, {"Name": "company_id", "Type": "Int64"}, {"Name": "and(and(equals(--cn.id, company_id), equals(keyword, 'character-name-in-title')), equals(country_code, '[sm]'))", "Type": "UInt8"}], "Positions": [0, 1, 2, 3, 4, 5, 9], "Project Input": true}, "Plans": [{"Node Type": "Join", "Description": "JOIN", "Header": [{"Name": "country_code", "Type": "String"}, {"Name": "--cn.id", "Type": "Int64"}, {"Name": "keyword", "Type": "String"}, {"Name": "--k.id", "Type": "Int64"}, {"Name": "movie_id", "Type": "Int64"}, {"Name": "company_id", "Type": "Int64"}], "Plans": [{"Node Type": "Expression", "Description": "(Before JOIN + (Projection + Before ORDER BY))", "Header": [{"Name": "country_code", "Type": "String"}, {"Name": "--cn.id", "Type": "Int64"}, {"Name": "keyword", "Type": "String"}, {"Name": "--k.id", "Type": "Int64"}], "Expression": {"Inputs": [{"Name": "country_code", "Type": "String"}, {"Name": "id", "Type": "Int64"}, {"Name": "k.id", "Type": "Int64"}, {"Name": "keyword", "Type": "String"}], "Actions": [{"Node Type": "INPUT", "Result Type": "INPUT", "Arguments": [0], "Removed Arguments": [0], "Result": 0}, {"Node Type": "INPUT", "Result Type": "INPUT", "Arguments": [1], "Removed Arguments": [], "Result": 1}, {"Node Type": "INPUT", "Result Type": "INPUT", "Arguments": [2], "Removed Arguments": [], "Result": 2}, {"Node Type": "INPUT", "Result Type": "INPUT", "Arguments": [3], "Removed Arguments": [3], "Result": 3}, {"Node Type": "ALIAS", "Result Type": "ALIAS", "Arguments": [1], "Removed Arguments": [1], "Result": 4}, {"Node Type": "ALIAS", "Result Type": "ALIAS", "Arguments": [2], "Removed Arguments": [2], "Result": 1}], "Outputs": [{"Name": "country_code", "Type": "String"}, {"Name": "--cn.id", "Type": "Int64"}, {"Name": "keyword", "Type": "String"}, {"Name": "--k.id", "Type": "Int64"}], "Positions": [0, 4, 3, 1], "Project Input": true}, "Plans": [{"Node Type": "Filter", "Description": "WHERE", "Header": [{"Name": "country_code", "Type": "String"}, {"Name": "id", "Type": "Int64"}, {"Name": "k.id", "Type": "Int64"}, {"Name": "keyword", "Type": "String"}], "Filter Column": "and(equals(country_code, '[sm]'), equals(keyword, 'character-name-in-title'))", "Removes Filter": true, "Expression": {"Inputs": [{"Name": "equals(country_code, '[sm]')", "Type": "UInt8"}, {"Name": "country_code", "Type": "String"}, {"Name": "id", "Type": "Int64"}, {"Name": "k.id", "Type": "Int64"}, {"Name": "keyword", "Type": "String"}], "Actions": [{"Node Type": "INPUT", "Result Type": "INPUT", "Arguments": [0], "Removed Arguments": [], "Result": 0}, {"Node Type": "INPUT", "Result Type": "INPUT", "Arguments": [1], "Removed Arguments": [1], "Result": 1}, {"Node Type": "INPUT", "Result Type": "INPUT", "Arguments": [2], "Removed Arguments": [2], "Result": 2}, {"Node Type": "INPUT", "Result Type": "INPUT", "Arguments": [3], "Removed Arguments": [3], "Result": 3}, {"Node Type": "INPUT", "Result Type": "INPUT", "Arguments": [4], "Removed Arguments": [], "Result": 4}, {"Node Type": "COLUMN", "Result Type": "COLUMN", "Column": "Const(String)", "Arguments": [], "Removed Arguments": [], "Result": 5}, {"Node Type": "FUNCTION", "Result Type": "FUNCTION", "Function": "equals", "Compiled": false, "Arguments": [4, 5], "Removed Arguments": [5], "Result": 6}, {"Node Type": "FUNCTION", "Result Type": "FUNCTION", "Function": "and", "Compiled": false, "Arguments": [0, 6], "Removed Arguments": [0, 6], "Result": 5}], "Outputs": [{"Name": "country_code", "Type": "String"}, {"Name": "id", "Type": "Int64"}, {"Name": "k.id", "Type": "Int64"}, {"Name": "keyword", "Type": "String"}, {"Name": "and(equals(country_code, '[sm]'), equals(keyword, 'character-name-in-title'))", "Type": "UInt8"}], "Positions": [1, 2, 3, 4, 5], "Project Input": true}, "Plans": [{"Node Type": "Join", "Description": "JOIN", "Header": [{"Name": "equals(country_code, '[sm]')", "Type": "UInt8"}, {"Name": "country_code", "Type": "String"}, {"Name": "id", "Type": "Int64"}, {"Name": "k.id", "Type": "Int64"}, {"Name": "keyword", "Type": "String"}], "Plans": [{"Node Type": "Expression", "Description": "Before JOIN", "Header": [{"Name": "equals(country_code, '[sm]')", "Type": "UInt8"}, {"Name": "country_code", "Type": "String"}, {"Name": "id", "Type": "Int64"}], "Expression": {"Inputs": [{"Name": "equals(country_code, '[sm]')", "Type": "UInt8"}, {"Name": "country_code", "Type": "String"}, {"Name": "id", "Type": "Int64"}], "Actions": [{"Node Type": "INPUT", "Result Type": "INPUT", "Arguments": [0], "Removed Arguments": [0], "Result": 0}, {"Node Type": "INPUT", "Result Type": "INPUT", "Arguments": [1], "Removed Arguments": [1], "Result": 1}, {"Node Type": "INPUT", "Result Type": "INPUT", "Arguments": [2], "Removed Arguments": [2], "Result": 2}], "Outputs": [{"Name": "equals(country_code, '[sm]')", "Type": "UInt8"}, {"Name": "country_code", "Type": "String"}, {"Name": "id", "Type": "Int64"}], "Positions": [0, 1, 2], "Project Input": false}, "Plans": [{"Node Type": "SettingQuotaAndLimits", "Description": "Set limits and quota after reading from storage", "Header": [{"Name": "equals(country_code, '[sm]')", "Type": "UInt8"}, {"Name": "country_code", "Type": "String"}, {"Name": "id", "Type": "Int64"}], "Plans": [{"Node Type": "ReadFromMergeTree", "Header": [{"Name": "equals(country_code, '[sm]')", "Type": "UInt8"}, {"Name": "country_code", "Type": "String"}, {"Name": "id", "Type": "Int64"}], "Read Type": "Default", "Parts": 1, "Granules": 29}]}]}, {"Node Type": "Expression", "Description": "(Joined actions + (Rename joined columns + (Projection + Before ORDER BY)))", "Header": [{"Name": "k.id", "Type": "Int64"}, {"Name": "keyword", "Type": "String"}], "Expression": {"Inputs": [{"Name": "id", "Type": "Int64"}, {"Name": "keyword", "Type": "String"}], "Actions": [{"Node Type": "INPUT", "Result Type": "INPUT", "Arguments": [0], "Removed Arguments": [], "Result": 0}, {"Node Type": "INPUT", "Result Type": "INPUT", "Arguments": [1], "Removed Arguments": [], "Result": 1}, {"Node Type": "ALIAS", "Result Type": "ALIAS", "Arguments": [0], "Removed Arguments": [0], "Result": 2}, {"Node Type": "ALIAS", "Result Type": "ALIAS", "Arguments": [1], "Removed Arguments": [1], "Result": 0}], "Outputs": [{"Name": "k.id", "Type": "Int64"}, {"Name": "keyword", "Type": "String"}], "Positions": [2, 0], "Project Input": true}, "Plans": [{"Node Type": "SettingQuotaAndLimits", "Description": "Set limits and quota after reading from storage", "Header": [{"Name": "id", "Type": "Int64"}, {"Name": "keyword", "Type": "String"}], "Plans": [{"Node Type": "ReadFromMergeTree", "Header": [{"Name": "id", "Type": "Int64"}, {"Name": "keyword", "Type": "String"}], "Read Type": "Default", "Parts": 1, "Granules": 16}]}]}]}]}]}, {"Node Type": "Expression", "Description": "(Joined actions + (Rename joined columns + (Projection + Before ORDER BY)))", "Header": [{"Name": "company_id", "Type": "Int64"}, {"Name": "movie_id", "Type": "Int64"}], "Expression": {"Inputs": [{"Name": "movie_id", "Type": "Int64"}, {"Name": "company_id", "Type": "Int64"}], "Actions": [{"Node Type": "INPUT", "Result Type": "INPUT", "Arguments": [0], "Removed Arguments": [], "Result": 0}, {"Node Type": "INPUT", "Result Type": "INPUT", "Arguments": [1], "Removed Arguments": [], "Result": 1}, {"Node Type": "ALIAS", "Result Type": "ALIAS", "Arguments": [0], "Removed Arguments": [0], "Result": 2}, {"Node Type": "ALIAS", "Result Type": "ALIAS", "Arguments": [1], "Removed Arguments": [1], "Result": 0}], "Outputs": [{"Name": "company_id", "Type": "Int64"}, {"Name": "movie_id", "Type": "Int64"}], "Positions": [0, 2], "Project Input": true}, "Plans": [{"Node Type": "SettingQuotaAndLimits", "Description": "Set limits and quota after reading from storage", "Header": [{"Name": "movie_id", "Type": "Int64"}, {"Name": "company_id", "Type": "Int64"}], "Plans": [{"Node Type": "ReadFromMergeTree", "Header": [{"Name": "movie_id", "Type": "Int64"}, {"Name": "company_id", "Type": "Int64"}], "Read Type": "Default", "Parts": 1, "Granules": 318}]}]}]}]}]}, {"Node Type": "Expression", "Description": "(Joined actions + (Rename joined columns + (Projection + Before ORDER BY)))", "Header": [{"Name": "movie_id", "Type": "Int64"}, {"Name": "keyword_id", "Type": "Int64"}, {"Name": "--mk.movie_id", "Type": "Int64"}], "Expression": {"Inputs": [{"Name": "movie_id", "Type": "Int64"}, {"Name": "keyword_id", "Type": "Int64"}], "Actions": [{"Node Type": "INPUT", "Result Type": "INPUT", "Arguments": [0], "Removed Arguments": [], "Result": 0}, {"Node Type": "INPUT", "Result Type": "INPUT", "Arguments": [1], "Removed Arguments": [], "Result": 1}, {"Node Type": "ALIAS", "Result Type": "ALIAS", "Arguments": [0], "Removed Arguments": [0], "Result": 2}, {"Node Type": "ALIAS", "Result Type": "ALIAS", "Arguments": [1], "Removed Arguments": [1], "Result": 0}, {"Node Type": "ALIAS", "Result Type": "ALIAS", "Arguments": [2], "Removed Arguments": [], "Result": 1}], "Outputs": [{"Name": "movie_id", "Type": "Int64"}, {"Name": "keyword_id", "Type": "Int64"}, {"Name": "--mk.movie_id", "Type": "Int64"}], "Positions": [2, 0, 1], "Project Input": true}, "Plans": [{"Node Type": "SettingQuotaAndLimits", "Description": "Set limits and quota after reading from storage", "Header": [{"Name": "movie_id", "Type": "Int64"}, {"Name": "keyword_id", "Type": "Int64"}], "Plans": [{"Node Type": "ReadFromMergeTree", "Header": [{"Name": "movie_id", "Type": "Int64"}, {"Name": "keyword_id", "Type": "Int64"}], "Read Type": "Default", "Parts": 1, "Granules": 553}]}]}]}]}]}, {"Node Type": "Expression", "Description": "(Joined actions + (Rename joined columns + (Projection + Before ORDER BY)))", "Header": [{"Name": "id", "Type": "Int64"}, {"Name": "title", "Type": "String"}], "Expression": {"Inputs": [{"Name": "id", "Type": "Int64"}, {"Name": "title", "Type": "String"}], "Actions": [{"Node Type": "INPUT", "Result Type": "INPUT", "Arguments": [0], "Removed Arguments": [], "Result": 0}, {"Node Type": "INPUT", "Result Type": "INPUT", "Arguments": [1], "Removed Arguments": [], "Result": 1}, {"Node Type": "ALIAS", "Result Type": "ALIAS", "Arguments": [0], "Removed Arguments": [0], "Result": 2}, {"Node Type": "ALIAS", "Result Type": "ALIAS", "Arguments": [1], "Removed Arguments": [1], "Result": 0}], "Outputs": [{"Name": "id", "Type": "Int64"}, {"Name": "title", "Type": "String"}], "Positions": [2, 0], "Project Input": true}, "Plans": [{"Node Type": "SettingQuotaAndLimits", "Description": "Set limits and quota after reading from storage", "Header": [{"Name": "id", "Type": "Int64"}, {"Name": "title", "Type": "String"}], "Plans": [{"Node Type": "ReadFromMergeTree", "Header": [{"Name": "id", "Type": "Int64"}, {"Name": "title", "Type": "String"}], "Read Type": "Default", "Parts": 2, "Granules": 308}]}]}]}]}]}]}]}}]