[{"Plan": {"Node Type": "Expression", "Description": "(Projection + Before ORDER BY)", "Header": [{"Name": "rating", "Type": "String"}, {"Name": "movie_title", "Type": "String"}], "Expression": {"Inputs": [{"Name": "min(--mi_idx.info)", "Type": "String"}, {"Name": "min(title)", "Type": "String"}], "Actions": [{"Node Type": "INPUT", "Result Type": "INPUT", "Arguments": [0], "Removed Arguments": [], "Result": 0}, {"Node Type": "INPUT", "Result Type": "INPUT", "Arguments": [1], "Removed Arguments": [], "Result": 1}, {"Node Type": "ALIAS", "Result Type": "ALIAS", "Arguments": [0], "Removed Arguments": [0], "Result": 2}, {"Node Type": "ALIAS", "Result Type": "ALIAS", "Arguments": [1], "Removed Arguments": [1], "Result": 0}], "Outputs": [{"Name": "rating", "Type": "String"}, {"Name": "movie_title", "Type": "String"}], "Positions": [2, 0], "Project Input": true}, "Plans": [{"Node Type": "Aggregating", "Header": [{"Name": "min(--mi_idx.info)", "Type": "String"}, {"Name": "min(title)", "Type": "String"}], "Keys": [], "Aggregates": [{"Name": "min(--mi_idx.info)", "Function": {"Name": "min", "Argument Types": ["String"], "Result Type": "String"}, "Arguments": ["--mi_idx.info"], "Argument Positions": [0]}, {"Name": "min(title)", "Function": {"Name": "min", "Argument Types": ["String"], "Result Type": "String"}, "Arguments": ["title"], "Argument Positions": [1]}], "Plans": [{"Node Type": "Expression", "Description": "Before GROUP BY", "Header": [{"Name": "--mi_idx.info", "Type": "String"}, {"Name": "title", "Type": "String"}], "Expression": {"Inputs": [{"Name": "--mi_idx.info", "Type": "String"}, {"Name": "title", "Type": "String"}], "Actions": [{"Node Type": "INPUT", "Result Type": "INPUT", "Arguments": [0], "Removed Arguments": [0], "Result": 0}, {"Node Type": "INPUT", "Result Type": "INPUT", "Arguments": [1], "Removed Arguments": [1], "Result": 1}], "Outputs": [{"Name": "--mi_idx.info", "Type": "String"}, {"Name": "title", "Type": "String"}], "Positions": [0, 1], "Project Input": true}, "Plans": [{"Node Type": "Filter", "Description": "WHERE", "Header": [{"Name": "--mi_idx.info", "Type": "String"}, {"Name": "title", "Type": "String"}], "Filter Column": "and(equals(--it.info, 'rating'), like(keyword, '%sequel%'), greater(--mi_idx.info, '9.0'), greater(production_year, 2010), equals(id, --mi_idx.movie_id), equals(id, --mk.movie_id), equals(--mk.movie_id, --mi_idx.movie_id), equals(--k.id, keyword_id), equals(--it.id, info_type_id))", "Removes Filter": true, "Expression": {"Inputs": [{"Name": "--it.id", "Type": "Int64"}, {"Name": "--it.info", "Type": "String"}, {"Name": "keyword", "Type": "String"}, {"Name": "--k.id", "Type": "Int64"}, {"Name": "info_type_id", "Type": "Int64"}, {"Name": "--mi_idx.movie_id", "Type": "Int64"}, {"Name": "--mi_idx.info", "Type": "String"}, {"Name": "keyword_id", "Type": "Int64"}, {"Name": "--mk.movie_id", "Type": "Int64"}, {"Name": "id", "Type": "Int64"}, {"Name": "title", "Type": "String"}, {"Name": "production_year", "Type": "Int64"}], "Actions": [{"Node Type": "INPUT", "Result Type": "INPUT", "Arguments": [0], "Removed Arguments": [], "Result": 0}, {"Node Type": "INPUT", "Result Type": "INPUT", "Arguments": [1], "Removed Arguments": [], "Result": 1}, {"Node Type": "INPUT", "Result Type": "INPUT", "Arguments": [2], "Removed Arguments": [], "Result": 2}, {"Node Type": "INPUT", "Result Type": "INPUT", "Arguments": [3], "Removed Arguments": [], "Result": 3}, {"Node Type": "INPUT", "Result Type": "INPUT", "Arguments": [4], "Removed Arguments": [], "Result": 4}, {"Node Type": "INPUT", "Result Type": "INPUT", "Arguments": [5], "Removed Arguments": [], "Result": 5}, {"Node Type": "INPUT", "Result Type": "INPUT", "Arguments": [6], "Removed Arguments": [], "Result": 6}, {"Node Type": "INPUT", "Result Type": "INPUT", "Arguments": [7], "Removed Arguments": [], "Result": 7}, {"Node Type": "INPUT", "Result Type": "INPUT", "Arguments": [8], "Removed Arguments": [], "Result": 8}, {"Node Type": "INPUT", "Result Type": "INPUT", "Arguments": [9], "Removed Arguments": [], "Result": 9}, {"Node Type": "INPUT", "Result Type": "INPUT", "Arguments": [10], "Removed Arguments": [10], "Result": 10}, {"Node Type": "INPUT", "Result Type": "INPUT", "Arguments": [11], "Removed Arguments": [], "Result": 11}, {"Node Type": "COLUMN", "Result Type": "COLUMN", "Column": "Const(String)", "Arguments": [], "Removed Arguments": [], "Result": 12}, {"Node Type": "COLUMN", "Result Type": "COLUMN", "Column": "Const(String)", "Arguments": [], "Removed Arguments": [], "Result": 13}, {"Node Type": "COLUMN", "Result Type": "COLUMN", "Column": "Const(String)", "Arguments": [], "Removed Arguments": [], "Result": 14}, {"Node Type": "COLUMN", "Result Type": "COLUMN", "Column": "Const(UInt16)", "Arguments": [], "Removed Arguments": [], "Result": 15}, {"Node Type": "FUNCTION", "Result Type": "FUNCTION", "Function": "equals", "Compiled": false, "Arguments": [0, 4], "Removed Arguments": [0, 4], "Result": 16}, {"Node Type": "FUNCTION", "Result Type": "FUNCTION", "Function": "equals", "Compiled": false, "Arguments": [3, 7], "Removed Arguments": [3, 7], "Result": 4}, {"Node Type": "FUNCTION", "Result Type": "FUNCTION", "Function": "equals", "Compiled": false, "Arguments": [9, 5], "Removed Arguments": [5], "Result": 7}, {"Node Type": "FUNCTION", "Result Type": "FUNCTION", "Function": "equals", "Compiled": false, "Arguments": [9, 8], "Removed Arguments": [9, 8], "Result": 5}, {"Node Type": "FUNCTION", "Result Type": "FUNCTION", "Function": "equals", "Compiled": false, "Arguments": [1, 12], "Removed Arguments": [1, 12], "Result": 8}, {"Node Type": "FUNCTION", "Result Type": "FUNCTION", "Function": "like", "Compiled": false, "Arguments": [2, 13], "Removed Arguments": [2, 13], "Result": 12}, {"Node Type": "FUNCTION", "Result Type": "FUNCTION", "Function": "greater", "Compiled": false, "Arguments": [6, 14], "Removed Arguments": [14], "Result": 13}, {"Node Type": "FUNCTION", "Result Type": "FUNCTION", "Function": "greater", "Compiled": false, "Arguments": [11, 15], "Removed Arguments": [11, 15], "Result": 14}, {"Node Type": "FUNCTION", "Result Type": "FUNCTION", "Function": "and", "Compiled": false, "Arguments": [8, 12, 13, 14, 7, 5, 4, 16], "Removed Arguments": [8, 12, 13, 14, 7, 5, 4, 16], "Result": 15}], "Outputs": [{"Name": "--mi_idx.info", "Type": "String"}, {"Name": "title", "Type": "String"}, {"Name": "and(equals(--it.info, 'rating'), like(keyword, '%sequel%'), greater(--mi_idx.info, '9.0'), greater(production_year, 2010), equals(id, --mi_idx.movie_id), equals(id, --mk.movie_id), equals(--mk.movie_id, --mi_idx.movie_id), equals(--k.id, keyword_id), equals(--it.id, info_type_id))", "Type": "UInt8"}], "Positions": [6, 10, 15], "Project Input": true}, "Plans": [{"Node Type": "Join", "Description": "JOIN", "Header": [{"Name": "--it.id", "Type": "Int64"}, {"Name": "--it.info", "Type": "String"}, {"Name": "keyword", "Type": "String"}, {"Name": "--k.id", "Type": "Int64"}, {"Name": "info_type_id", "Type": "Int64"}, {"Name": "--mi_idx.movie_id", "Type": "Int64"}, {"Name": "--mi_idx.info", "Type": "String"}, {"Name": "keyword_id", "Type": "Int64"}, {"Name": "--mk.movie_id", "Type": "Int64"}, {"Name": "title", "Type": "String"}, {"Name": "production_year", "Type": "Int64"}, {"Name": "id", "Type": "Int64"}], "Plans": [{"Node Type": "Filter", "Description": "( + (Before JOIN + (Projection + Before ORDER BY)))", "Header": [{"Name": "--it.id", "Type": "Int64"}, {"Name": "--it.info", "Type": "String"}, {"Name": "keyword", "Type": "String"}, {"Name": "--k.id", "Type": "Int64"}, {"Name": "info_type_id", "Type": "Int64"}, {"Name": "--mi_idx.movie_id", "Type": "Int64"}, {"Name": "--mi_idx.info", "Type": "String"}, {"Name": "keyword_id", "Type": "Int64"}, {"Name": "--mk.movie_id", "Type": "Int64"}], "Filter Column": "equals(--mk.movie_id, --mi_idx.movie_id)", "Removes Filter": true, "Expression": {"Inputs": [{"Name": "--it.id", "Type": "Int64"}, {"Name": "--it.info", "Type": "String"}, {"Name": "keyword", "Type": "String"}, {"Name": "--k.id", "Type": "Int64"}, {"Name": "info_type_id", "Type": "Int64"}, {"Name": "--mi_idx.movie_id", "Type": "Int64"}, {"Name": "--mi_idx.info", "Type": "String"}, {"Name": "movie_id", "Type": "Int64"}, {"Name": "keyword_id", "Type": "Int64"}], "Actions": [{"Node Type": "INPUT", "Result Type": "INPUT", "Arguments": [0], "Removed Arguments": [0], "Result": 0}, {"Node Type": "INPUT", "Result Type": "INPUT", "Arguments": [1], "Removed Arguments": [1], "Result": 1}, {"Node Type": "INPUT", "Result Type": "INPUT", "Arguments": [2], "Removed Arguments": [2], "Result": 2}, {"Node Type": "INPUT", "Result Type": "INPUT", "Arguments": [3], "Removed Arguments": [3], "Result": 3}, {"Node Type": "INPUT", "Result Type": "INPUT", "Arguments": [4], "Removed Arguments": [4], "Result": 4}, {"Node Type": "INPUT", "Result Type": "INPUT", "Arguments": [5], "Removed Arguments": [], "Result": 5}, {"Node Type": "INPUT", "Result Type": "INPUT", "Arguments": [6], "Removed Arguments": [6], "Result": 6}, {"Node Type": "INPUT", "Result Type": "INPUT", "Arguments": [7], "Removed Arguments": [], "Result": 7}, {"Node Type": "INPUT", "Result Type": "INPUT", "Arguments": [8], "Removed Arguments": [8], "Result": 8}, {"Node Type": "ALIAS", "Result Type": "ALIAS", "Arguments": [7], "Removed Arguments": [7], "Result": 9}, {"Node Type": "FUNCTION", "Result Type": "FUNCTION", "Function": "equals", "Compiled": false, "Arguments": [9, 5], "Removed Arguments": [], "Result": 7}], "Outputs": [{"Name": "equals(--mk.movie_id, --mi_idx.movie_id)", "Type": "UInt8"}, {"Name": "--it.id", "Type": "Int64"}, {"Name": "--it.info", "Type": "String"}, {"Name": "keyword", "Type": "String"}, {"Name": "--k.id", "Type": "Int64"}, {"Name": "info_type_id", "Type": "Int64"}, {"Name": "--mi_idx.movie_id", "Type": "Int64"}, {"Name": "--mi_idx.info", "Type": "String"}, {"Name": "keyword_id", "Type": "Int64"}, {"Name": "--mk.movie_id", "Type": "Int64"}], "Positions": [7, 0, 1, 2, 3, 4, 5, 6, 8, 9], "Project Input": true}, "Plans": [{"Node Type": "Filter", "Description": "WHERE", "Header": [{"Name": "--it.id", "Type": "Int64"}, {"Name": "--it.info", "Type": "String"}, {"Name": "keyword", "Type": "String"}, {"Name": "--k.id", "Type": "Int64"}, {"Name": "info_type_id", "Type": "Int64"}, {"Name": "--mi_idx.movie_id", "Type": "Int64"}, {"Name": "--mi_idx.info", "Type": "String"}, {"Name": "movie_id", "Type": "Int64"}, {"Name": "keyword_id", "Type": "Int64"}], "Filter Column": "and(and(and(and(and(equals(--it.id, info_type_id), equals(--k.id, keyword_id)), equals(movie_id, --mi_idx.movie_id)), greater(--mi_idx.info, '9.0')), like(keyword, '%sequel%')), equals(--it.info, 'rating'))", "Removes Filter": true, "Expression": {"Inputs": [{"Name": "--it.id", "Type": "Int64"}, {"Name": "--it.info", "Type": "String"}, {"Name": "keyword", "Type": "String"}, {"Name": "--k.id", "Type": "Int64"}, {"Name": "info_type_id", "Type": "Int64"}, {"Name": "--mi_idx.movie_id", "Type": "Int64"}, {"Name": "--mi_idx.info", "Type": "String"}, {"Name": "movie_id", "Type": "Int64"}, {"Name": "keyword_id", "Type": "Int64"}], "Actions": [{"Node Type": "INPUT", "Result Type": "INPUT", "Arguments": [0], "Removed Arguments": [], "Result": 0}, {"Node Type": "INPUT", "Result Type": "INPUT", "Arguments": [1], "Removed Arguments": [], "Result": 1}, {"Node Type": "INPUT", "Result Type": "INPUT", "Arguments": [2], "Removed Arguments": [], "Result": 2}, {"Node Type": "INPUT", "Result Type": "INPUT", "Arguments": [3], "Removed Arguments": [], "Result": 3}, {"Node Type": "INPUT", "Result Type": "INPUT", "Arguments": [4], "Removed Arguments": [], "Result": 4}, {"Node Type": "INPUT", "Result Type": "INPUT", "Arguments": [5], "Removed Arguments": [], "Result": 5}, {"Node Type": "INPUT", "Result Type": "INPUT", "Arguments": [6], "Removed Arguments": [], "Result": 6}, {"Node Type": "INPUT", "Result Type": "INPUT", "Arguments": [7], "Removed Arguments": [], "Result": 7}, {"Node Type": "INPUT", "Result Type": "INPUT", "Arguments": [8], "Removed Arguments": [], "Result": 8}, {"Node Type": "COLUMN", "Result Type": "COLUMN", "Column": "Const(String)", "Arguments": [], "Removed Arguments": [], "Result": 9}, {"Node Type": "COLUMN", "Result Type": "COLUMN", "Column": "Const(String)", "Arguments": [], "Removed Arguments": [], "Result": 10}, {"Node Type": "COLUMN", "Result Type": "COLUMN", "Column": "Const(String)", "Arguments": [], "Removed Arguments": [], "Result": 11}, {"Node Type": "FUNCTION", "Result Type": "FUNCTION", "Function": "equals", "Compiled": false, "Arguments": [0, 4], "Removed Arguments": [], "Result": 12}, {"Node Type": "FUNCTION", "Result Type": "FUNCTION", "Function": "equals", "Compiled": false, "Arguments": [7, 5], "Removed Arguments": [], "Result": 13}, {"Node Type": "FUNCTION", "Result Type": "FUNCTION", "Function": "equals", "Compiled": false, "Arguments": [3, 8], "Removed Arguments": [], "Result": 14}, {"Node Type": "FUNCTION", "Result Type": "FUNCTION", "Function": "greater", "Compiled": false, "Arguments": [6, 9], "Removed Arguments": [9], "Result": 15}, {"Node Type": "FUNCTION", "Result Type": "FUNCTION", "Function": "like", "Compiled": false, "Arguments": [2, 10], "Removed Arguments": [10], "Result": 9}, {"Node Type": "FUNCTION", "Result Type": "FUNCTION", "Function": "equals", "Compiled": false, "Arguments": [1, 11], "Removed Arguments": [11], "Result": 10}, {"Node Type": "FUNCTION", "Result Type": "FUNCTION", "Function": "and", "Compiled": false, "Arguments": [12, 14], "Removed Arguments": [12, 14], "Result": 11}, {"Node Type": "FUNCTION", "Result Type": "FUNCTION", "Function": "and", "Compiled": false, "Arguments": [11, 13], "Removed Arguments": [11, 13], "Result": 14}, {"Node Type": "FUNCTION", "Result Type": "FUNCTION", "Function": "and", "Compiled": false, "Arguments": [14, 15], "Removed Arguments": [14, 15], "Result": 13}, {"Node Type": "FUNCTION", "Result Type": "FUNCTION", "Function": "and", "Compiled": false, "Arguments": [13, 9], "Removed Arguments": [13, 9], "Result": 15}, {"Node Type": "FUNCTION", "Result Type": "FUNCTION", "Function": "and", "Compiled": false, "Arguments": [15, 10], "Removed Arguments": [15, 10], "Result": 9}], "Outputs": [{"Name": "--it.id", "Type": "Int64"}, {"Name": "--it.info", "Type": "String"}, {"Name": "keyword", "Type": "String"}, {"Name": "--k.id", "Type": "Int64"}, {"Name": "info_type_id", "Type": "Int64"}, {"Name": "--mi_idx.movie_id", "Type": "Int64"}, {"Name": "--mi_idx.info", "Type": "String"}, {"Name": "movie_id", "Type": "Int64"}, {"Name": "keyword_id", "Type": "Int64"}, {"Name": "and(and(and(and(and(equals(--it.id, info_type_id), equals(--k.id, keyword_id)), equals(movie_id, --mi_idx.movie_id)), greater(--mi_idx.info, '9.0')), like(keyword, '%sequel%')), equals(--it.info, 'rating'))", "Type": "UInt8"}], "Positions": [0, 1, 2, 3, 4, 5, 6, 7, 8, 9], "Project Input": true}, "Plans": [{"Node Type": "Join", "Description": "JOIN", "Header": [{"Name": "--it.id", "Type": "Int64"}, {"Name": "--it.info", "Type": "String"}, {"Name": "keyword", "Type": "String"}, {"Name": "--k.id", "Type": "Int64"}, {"Name": "info_type_id", "Type": "Int64"}, {"Name": "--mi_idx.movie_id", "Type": "Int64"}, {"Name": "--mi_idx.info", "Type": "String"}, {"Name": "movie_id", "Type": "Int64"}, {"Name": "keyword_id", "Type": "Int64"}], "Plans": [{"Node Type": "Expression", "Description": "(Before JOIN + (Projection + Before ORDER BY))", "Header": [{"Name": "--it.id", "Type": "Int64"}, {"Name": "--it.info", "Type": "String"}, {"Name": "keyword", "Type": "String"}, {"Name": "--k.id", "Type": "Int64"}, {"Name": "info_type_id", "Type": "Int64"}, {"Name": "--mi_idx.movie_id", "Type": "Int64"}, {"Name": "--mi_idx.info", "Type": "String"}], "Expression": {"Inputs": [{"Name": "--it.id", "Type": "Int64"}, {"Name": "--it.info", "Type": "String"}, {"Name": "keyword", "Type": "String"}, {"Name": "--k.id", "Type": "Int64"}, {"Name": "movie_id", "Type": "Int64"}, {"Name": "info_type_id", "Type": "Int64"}, {"Name": "info", "Type": "String"}], "Actions": [{"Node Type": "INPUT", "Result Type": "INPUT", "Arguments": [0], "Removed Arguments": [0], "Result": 0}, {"Node Type": "INPUT", "Result Type": "INPUT", "Arguments": [1], "Removed Arguments": [1], "Result": 1}, {"Node Type": "INPUT", "Result Type": "INPUT", "Arguments": [2], "Removed Arguments": [2], "Result": 2}, {"Node Type": "INPUT", "Result Type": "INPUT", "Arguments": [3], "Removed Arguments": [3], "Result": 3}, {"Node Type": "INPUT", "Result Type": "INPUT", "Arguments": [4], "Removed Arguments": [], "Result": 4}, {"Node Type": "INPUT", "Result Type": "INPUT", "Arguments": [5], "Removed Arguments": [5], "Result": 5}, {"Node Type": "INPUT", "Result Type": "INPUT", "Arguments": [6], "Removed Arguments": [], "Result": 6}, {"Node Type": "ALIAS", "Result Type": "ALIAS", "Arguments": [4], "Removed Arguments": [4], "Result": 7}, {"Node Type": "ALIAS", "Result Type": "ALIAS", "Arguments": [6], "Removed Arguments": [6], "Result": 4}], "Outputs": [{"Name": "--it.id", "Type": "Int64"}, {"Name": "--it.info", "Type": "String"}, {"Name": "keyword", "Type": "String"}, {"Name": "--k.id", "Type": "Int64"}, {"Name": "info_type_id", "Type": "Int64"}, {"Name": "--mi_idx.movie_id", "Type": "Int64"}, {"Name": "--mi_idx.info", "Type": "String"}], "Positions": [0, 1, 2, 3, 5, 7, 4], "Project Input": true}, "Plans": [{"Node Type": "Filter", "Description": "WHERE", "Header": [{"Name": "--it.id", "Type": "Int64"}, {"Name": "--it.info", "Type": "String"}, {"Name": "keyword", "Type": "String"}, {"Name": "--k.id", "Type": "Int64"}, {"Name": "movie_id", "Type": "Int64"}, {"Name": "info_type_id", "Type": "Int64"}, {"Name": "info", "Type": "String"}], "Filter Column": "and(and(and(equals(--it.id, info_type_id), greater(info, '9.0')), like(keyword, '%sequel%')), equals(--it.info, 'rating'))", "Removes Filter": true, "Expression": {"Inputs": [{"Name": "--it.id", "Type": "Int64"}, {"Name": "--it.info", "Type": "String"}, {"Name": "keyword", "Type": "String"}, {"Name": "--k.id", "Type": "Int64"}, {"Name": "movie_id", "Type": "Int64"}, {"Name": "info_type_id", "Type": "Int64"}, {"Name": "info", "Type": "String"}], "Actions": [{"Node Type": "INPUT", "Result Type": "INPUT", "Arguments": [0], "Removed Arguments": [], "Result": 0}, {"Node Type": "INPUT", "Result Type": "INPUT", "Arguments": [1], "Removed Arguments": [], "Result": 1}, {"Node Type": "INPUT", "Result Type": "INPUT", "Arguments": [2], "Removed Arguments": [], "Result": 2}, {"Node Type": "INPUT", "Result Type": "INPUT", "Arguments": [3], "Removed Arguments": [3], "Result": 3}, {"Node Type": "INPUT", "Result Type": "INPUT", "Arguments": [4], "Removed Arguments": [4], "Result": 4}, {"Node Type": "INPUT", "Result Type": "INPUT", "Arguments": [5], "Removed Arguments": [], "Result": 5}, {"Node Type": "INPUT", "Result Type": "INPUT", "Arguments": [6], "Removed Arguments": [], "Result": 6}, {"Node Type": "COLUMN", "Result Type": "COLUMN", "Column": "Const(String)", "Arguments": [], "Removed Arguments": [], "Result": 7}, {"Node Type": "COLUMN", "Result Type": "COLUMN", "Column": "Const(String)", "Arguments": [], "Removed Arguments": [], "Result": 8}, {"Node Type": "COLUMN", "Result Type": "COLUMN", "Column": "Const(String)", "Arguments": [], "Removed Arguments": [], "Result": 9}, {"Node Type": "FUNCTION", "Result Type": "FUNCTION", "Function": "equals", "Compiled": false, "Arguments": [0, 5], "Removed Arguments": [], "Result": 10}, {"Node Type": "FUNCTION", "Result Type": "FUNCTION", "Function": "greater", "Compiled": false, "Arguments": [6, 7], "Removed Arguments": [7], "Result": 11}, {"Node Type": "FUNCTION", "Result Type": "FUNCTION", "Function": "like", "Compiled": false, "Arguments": [2, 8], "Removed Arguments": [8], "Result": 7}, {"Node Type": "FUNCTION", "Result Type": "FUNCTION", "Function": "equals", "Compiled": false, "Arguments": [1, 9], "Removed Arguments": [9], "Result": 8}, {"Node Type": "FUNCTION", "Result Type": "FUNCTION", "Function": "and", "Compiled": false, "Arguments": [10, 11], "Removed Arguments": [10, 11], "Result": 9}, {"Node Type": "FUNCTION", "Result Type": "FUNCTION", "Function": "and", "Compiled": false, "Arguments": [9, 7], "Removed Arguments": [9, 7], "Result": 11}, {"Node Type": "FUNCTION", "Result Type": "FUNCTION", "Function": "and", "Compiled": false, "Arguments": [11, 8], "Removed Arguments": [11, 8], "Result": 7}], "Outputs": [{"Name": "--it.id", "Type": "Int64"}, {"Name": "--it.info", "Type": "String"}, {"Name": "keyword", "Type": "String"}, {"Name": "--k.id", "Type": "Int64"}, {"Name": "movie_id", "Type": "Int64"}, {"Name": "info_type_id", "Type": "Int64"}, {"Name": "info", "Type": "String"}, {"Name": "and(and(and(equals(--it.id, info_type_id), greater(info, '9.0')), like(keyword, '%sequel%')), equals(--it.info, 'rating'))", "Type": "UInt8"}], "Positions": [0, 1, 2, 3, 4, 5, 6, 7], "Project Input": true}, "Plans": [{"Node Type": "Join", "Description": "JOIN", "Header": [{"Name": "--it.id", "Type": "Int64"}, {"Name": "--it.info", "Type": "String"}, {"Name": "keyword", "Type": "String"}, {"Name": "--k.id", "Type": "Int64"}, {"Name": "movie_id", "Type": "Int64"}, {"Name": "info", "Type": "String"}, {"Name": "info_type_id", "Type": "Int64"}], "Plans": [{"Node Type": "Expression", "Description": "(Before JOIN + (Projection + Before ORDER BY))", "Header": [{"Name": "--it.id", "Type": "Int64"}, {"Name": "--it.info", "Type": "String"}, {"Name": "keyword", "Type": "String"}, {"Name": "--k.id", "Type": "Int64"}], "Expression": {"Inputs": [{"Name": "info", "Type": "String"}, {"Name": "id", "Type": "Int64"}, {"Name": "k.id", "Type": "Int64"}, {"Name": "keyword", "Type": "String"}], "Actions": [{"Node Type": "INPUT", "Result Type": "INPUT", "Arguments": [0], "Removed Arguments": [], "Result": 0}, {"Node Type": "INPUT", "Result Type": "INPUT", "Arguments": [1], "Removed Arguments": [], "Result": 1}, {"Node Type": "INPUT", "Result Type": "INPUT", "Arguments": [2], "Removed Arguments": [], "Result": 2}, {"Node Type": "INPUT", "Result Type": "INPUT", "Arguments": [3], "Removed Arguments": [3], "Result": 3}, {"Node Type": "ALIAS", "Result Type": "ALIAS", "Arguments": [0], "Removed Arguments": [0], "Result": 4}, {"Node Type": "ALIAS", "Result Type": "ALIAS", "Arguments": [1], "Removed Arguments": [1], "Result": 0}, {"Node Type": "ALIAS", "Result Type": "ALIAS", "Arguments": [2], "Removed Arguments": [2], "Result": 1}], "Outputs": [{"Name": "--it.id", "Type": "Int64"}, {"Name": "--it.info", "Type": "String"}, {"Name": "keyword", "Type": "String"}, {"Name": "--k.id", "Type": "Int64"}], "Positions": [0, 4, 3, 1], "Project Input": true}, "Plans": [{"Node Type": "Filter", "Description": "WHERE", "Header": [{"Name": "info", "Type": "String"}, {"Name": "id", "Type": "Int64"}, {"Name": "k.id", "Type": "Int64"}, {"Name": "keyword", "Type": "String"}], "Filter Column": "and(equals(info, 'rating'), like(keyword, '%sequel%'))", "Removes Filter": true, "Expression": {"Inputs": [{"Name": "equals(info, 'rating')", "Type": "UInt8"}, {"Name": "info", "Type": "String"}, {"Name": "id", "Type": "Int64"}, {"Name": "k.id", "Type": "Int64"}, {"Name": "keyword", "Type": "String"}], "Actions": [{"Node Type": "INPUT", "Result Type": "INPUT", "Arguments": [0], "Removed Arguments": [], "Result": 0}, {"Node Type": "INPUT", "Result Type": "INPUT", "Arguments": [1], "Removed Arguments": [1], "Result": 1}, {"Node Type": "INPUT", "Result Type": "INPUT", "Arguments": [2], "Removed Arguments": [2], "Result": 2}, {"Node Type": "INPUT", "Result Type": "INPUT", "Arguments": [3], "Removed Arguments": [3], "Result": 3}, {"Node Type": "INPUT", "Result Type": "INPUT", "Arguments": [4], "Removed Arguments": [], "Result": 4}, {"Node Type": "COLUMN", "Result Type": "COLUMN", "Column": "Const(String)", "Arguments": [], "Removed Arguments": [], "Result": 5}, {"Node Type": "FUNCTION", "Result Type": "FUNCTION", "Function": "like", "Compiled": false, "Arguments": [4, 5], "Removed Arguments": [5], "Result": 6}, {"Node Type": "FUNCTION", "Result Type": "FUNCTION", "Function": "and", "Compiled": false, "Arguments": [0, 6], "Removed Arguments": [0, 6], "Result": 5}], "Outputs": [{"Name": "info", "Type": "String"}, {"Name": "id", "Type": "Int64"}, {"Name": "k.id", "Type": "Int64"}, {"Name": "keyword", "Type": "String"}, {"Name": "and(equals(info, 'rating'), like(keyword, '%sequel%'))", "Type": "UInt8"}], "Positions": [1, 2, 3, 4, 5], "Project Input": true}, "Plans": [{"Node Type": "Join", "Description": "JOIN", "Header": [{"Name": "equals(info, 'rating')", "Type": "UInt8"}, {"Name": "info", "Type": "String"}, {"Name": "id", "Type": "Int64"}, {"Name": "k.id", "Type": "Int64"}, {"Name": "keyword", "Type": "String"}], "Plans": [{"Node Type": "Expression", "Description": "Before JOIN", "Header": [{"Name": "equals(info, 'rating')", "Type": "UInt8"}, {"Name": "info", "Type": "String"}, {"Name": "id", "Type": "Int64"}], "Expression": {"Inputs": [{"Name": "equals(info, 'rating')", "Type": "UInt8"}, {"Name": "info", "Type": "String"}, {"Name": "id", "Type": "Int64"}], "Actions": [{"Node Type": "INPUT", "Result Type": "INPUT", "Arguments": [0], "Removed Arguments": [0], "Result": 0}, {"Node Type": "INPUT", "Result Type": "INPUT", "Arguments": [1], "Removed Arguments": [1], "Result": 1}, {"Node Type": "INPUT", "Result Type": "INPUT", "Arguments": [2], "Removed Arguments": [2], "Result": 2}], "Outputs": [{"Name": "equals(info, 'rating')", "Type": "UInt8"}, {"Name": "info", "Type": "String"}, {"Name": "id", "Type": "Int64"}], "Positions": [0, 1, 2], "Project Input": false}, "Plans": [{"Node Type": "SettingQuotaAndLimits", "Description": "Set limits and quota after reading from storage", "Header": [{"Name": "equals(info, 'rating')", "Type": "UInt8"}, {"Name": "info", "Type": "String"}, {"Name": "id", "Type": "Int64"}], "Plans": [{"Node Type": "ReadFromMergeTree", "Header": [{"Name": "equals(info, 'rating')", "Type": "UInt8"}, {"Name": "info", "Type": "String"}, {"Name": "id", "Type": "Int64"}], "Read Type": "Default", "Parts": 1, "Granules": 1}]}]}, {"Node Type": "Expression", "Description": "(Joined actions + (Rename joined columns + (Projection + Before ORDER BY)))", "Header": [{"Name": "k.id", "Type": "Int64"}, {"Name": "keyword", "Type": "String"}], "Expression": {"Inputs": [{"Name": "id", "Type": "Int64"}, {"Name": "keyword", "Type": "String"}], "Actions": [{"Node Type": "INPUT", "Result Type": "INPUT", "Arguments": [0], "Removed Arguments": [], "Result": 0}, {"Node Type": "INPUT", "Result Type": "INPUT", "Arguments": [1], "Removed Arguments": [], "Result": 1}, {"Node Type": "ALIAS", "Result Type": "ALIAS", "Arguments": [0], "Removed Arguments": [0], "Result": 2}, {"Node Type": "ALIAS", "Result Type": "ALIAS", "Arguments": [1], "Removed Arguments": [1], "Result": 0}], "Outputs": [{"Name": "k.id", "Type": "Int64"}, {"Name": "keyword", "Type": "String"}], "Positions": [2, 0], "Project Input": true}, "Plans": [{"Node Type": "SettingQuotaAndLimits", "Description": "Set limits and quota after reading from storage", "Header": [{"Name": "id", "Type": "Int64"}, {"Name": "keyword", "Type": "String"}], "Plans": [{"Node Type": "ReadFromMergeTree", "Header": [{"Name": "id", "Type": "Int64"}, {"Name": "keyword", "Type": "String"}], "Read Type": "Default", "Parts": 1, "Granules": 16}]}]}]}]}]}, {"Node Type": "Expression", "Description": "(Joined actions + (Rename joined columns + (Projection + Before ORDER BY)))", "Header": [{"Name": "info_type_id", "Type": "Int64"}, {"Name": "movie_id", "Type": "Int64"}, {"Name": "info", "Type": "String"}], "Expression": {"Inputs": [{"Name": "movie_id", "Type": "Int64"}, {"Name": "info_type_id", "Type": "Int64"}, {"Name": "info", "Type": "String"}], "Actions": [{"Node Type": "INPUT", "Result Type": "INPUT", "Arguments": [0], "Removed Arguments": [], "Result": 0}, {"Node Type": "INPUT", "Result Type": "INPUT", "Arguments": [1], "Removed Arguments": [], "Result": 1}, {"Node Type": "INPUT", "Result Type": "INPUT", "Arguments": [2], "Removed Arguments": [], "Result": 2}, {"Node Type": "ALIAS", "Result Type": "ALIAS", "Arguments": [0], "Removed Arguments": [0], "Result": 3}, {"Node Type": "ALIAS", "Result Type": "ALIAS", "Arguments": [1], "Removed Arguments": [1], "Result": 0}, {"Node Type": "ALIAS", "Result Type": "ALIAS", "Arguments": [2], "Removed Arguments": [2], "Result": 1}], "Outputs": [{"Name": "info_type_id", "Type": "Int64"}, {"Name": "movie_id", "Type": "Int64"}, {"Name": "info", "Type": "String"}], "Positions": [0, 3, 1], "Project Input": true}, "Plans": [{"Node Type": "SettingQuotaAndLimits", "Description": "Set limits and quota after reading from storage", "Header": [{"Name": "movie_id", "Type": "Int64"}, {"Name": "info_type_id", "Type": "Int64"}, {"Name": "info", "Type": "String"}], "Plans": [{"Node Type": "ReadFromMergeTree", "Header": [{"Name": "movie_id", "Type": "Int64"}, {"Name": "info_type_id", "Type": "Int64"}, {"Name": "info", "Type": "String"}], "Read Type": "Default", "Parts": 2, "Granules": 169}]}]}]}]}]}, {"Node Type": "Expression", "Description": "(Joined actions + (Rename joined columns + (Projection + Before ORDER BY)))", "Header": [{"Name": "movie_id", "Type": "Int64"}, {"Name": "keyword_id", "Type": "Int64"}, {"Name": "--mk.movie_id", "Type": "Int64"}], "Expression": {"Inputs": [{"Name": "movie_id", "Type": "Int64"}, {"Name": "keyword_id", "Type": "Int64"}], "Actions": [{"Node Type": "INPUT", "Result Type": "INPUT", "Arguments": [0], "Removed Arguments": [], "Result": 0}, {"Node Type": "INPUT", "Result Type": "INPUT", "Arguments": [1], "Removed Arguments": [], "Result": 1}, {"Node Type": "ALIAS", "Result Type": "ALIAS", "Arguments": [0], "Removed Arguments": [0], "Result": 2}, {"Node Type": "ALIAS", "Result Type": "ALIAS", "Arguments": [1], "Removed Arguments": [1], "Result": 0}, {"Node Type": "ALIAS", "Result Type": "ALIAS", "Arguments": [2], "Removed Arguments": [], "Result": 1}], "Outputs": [{"Name": "movie_id", "Type": "Int64"}, {"Name": "keyword_id", "Type": "Int64"}, {"Name": "--mk.movie_id", "Type": "Int64"}], "Positions": [2, 0, 1], "Project Input": true}, "Plans": [{"Node Type": "SettingQuotaAndLimits", "Description": "Set limits and quota after reading from storage", "Header": [{"Name": "movie_id", "Type": "Int64"}, {"Name": "keyword_id", "Type": "Int64"}], "Plans": [{"Node Type": "ReadFromMergeTree", "Header": [{"Name": "movie_id", "Type": "Int64"}, {"Name": "keyword_id", "Type": "Int64"}], "Read Type": "Default", "Parts": 1, "Granules": 553}]}]}]}]}]}, {"Node Type": "Expression", "Description": "(Joined actions + (Rename joined columns + (Projection + Before ORDER BY)))", "Header": [{"Name": "id", "Type": "Int64"}, {"Name": "title", "Type": "String"}, {"Name": "production_year", "Type": "Int64"}], "Expression": {"Inputs": [{"Name": "id", "Type": "Int64"}, {"Name": "title", "Type": "String"}, {"Name": "production_year", "Type": "Int64"}], "Actions": [{"Node Type": "INPUT", "Result Type": "INPUT", "Arguments": [0], "Removed Arguments": [], "Result": 0}, {"Node Type": "INPUT", "Result Type": "INPUT", "Arguments": [1], "Removed Arguments": [], "Result": 1}, {"Node Type": "INPUT", "Result Type": "INPUT", "Arguments": [2], "Removed Arguments": [], "Result": 2}, {"Node Type": "ALIAS", "Result Type": "ALIAS", "Arguments": [0], "Removed Arguments": [0], "Result": 3}, {"Node Type": "ALIAS", "Result Type": "ALIAS", "Arguments": [1], "Removed Arguments": [1], "Result": 0}, {"Node Type": "ALIAS", "Result Type": "ALIAS", "Arguments": [2], "Removed Arguments": [2], "Result": 1}], "Outputs": [{"Name": "id", "Type": "Int64"}, {"Name": "title", "Type": "String"}, {"Name": "production_year", "Type": "Int64"}], "Positions": [3, 0, 1], "Project Input": true}, "Plans": [{"Node Type": "SettingQuotaAndLimits", "Description": "Set limits and quota after reading from storage", "Header": [{"Name": "id", "Type": "Int64"}, {"Name": "title", "Type": "String"}, {"Name": "production_year", "Type": "Int64"}], "Plans": [{"Node Type": "ReadFromMergeTree", "Header": [{"Name": "id", "Type": "Int64"}, {"Name": "title", "Type": "String"}, {"Name": "production_year", "Type": "Int64"}], "Read Type": "Default", "Parts": 2, "Granules": 308}]}]}]}]}]}]}]}}]