[{"Plan": {"Node Type": "Expression", "Description": "(Projection + Before ORDER BY)", "Header": [{"Name": "american_movie", "Type": "String"}], "Expression": {"Inputs": [{"Name": "min(title)", "Type": "String"}], "Actions": [{"Node Type": "INPUT", "Result Type": "INPUT", "Arguments": [0], "Removed Arguments": [], "Result": 0}, {"Node Type": "ALIAS", "Result Type": "ALIAS", "Arguments": [0], "Removed Arguments": [0], "Result": 1}], "Outputs": [{"Name": "american_movie", "Type": "String"}], "Positions": [1], "Project Input": true}, "Plans": [{"Node Type": "Aggregating", "Header": [{"Name": "min(title)", "Type": "String"}], "Keys": [], "Aggregates": [{"Name": "min(title)", "Function": {"Name": "min", "Argument Types": ["String"], "Result Type": "String"}, "Arguments": ["title"], "Argument Positions": [0]}], "Plans": [{"Node Type": "Expression", "Description": "Before GROUP BY", "Header": [{"Name": "title", "Type": "String"}], "Expression": {"Inputs": [{"Name": "title", "Type": "String"}], "Actions": [{"Node Type": "INPUT", "Result Type": "INPUT", "Arguments": [0], "Removed Arguments": [0], "Result": 0}], "Outputs": [{"Name": "title", "Type": "String"}], "Positions": [0], "Project Input": true}, "Plans": [{"Node Type": "Filter", "Description": "WHERE", "Header": [{"Name": "title", "Type": "String"}], "Filter Column": "and(equals(kind, 'production companies'), notLike(--mc.note, '%(TV)%'), like(--mc.note, '%(USA)%'), in(--mi.info, ('Sweden', 'Norway', 'Germany', 'Denmark', 'Swedish', 'Denish', 'Norwegian', 'German', 'USA', 'American')), greater(production_year, 1990), equals(id, --mi.movie_id), equals(id, --mc.movie_id), equals(--mc.movie_id, --mi.movie_id), equals(--ct.id, company_type_id), equals(--it.id, info_type_id))", "Removes Filter": true, "Expression": {"Inputs": [{"Name": "kind", "Type": "String"}, {"Name": "--ct.id", "Type": "Int64"}, {"Name": "--it.id", "Type": "Int64"}, {"Name": "company_type_id", "Type": "Int64"}, {"Name": "--mc.movie_id", "Type": "Int64"}, {"Name": "--mc.note", "Type": "String"}, {"Name": "info_type_id", "Type": "Int64"}, {"Name": "--mi.movie_id", "Type": "Int64"}, {"Name": "--mi.info", "Type": "String"}, {"Name": "id", "Type": "Int64"}, {"Name": "title", "Type": "String"}, {"Name": "production_year", "Type": "Int64"}], "Actions": [{"Node Type": "INPUT", "Result Type": "INPUT", "Arguments": [0], "Removed Arguments": [], "Result": 0}, {"Node Type": "INPUT", "Result Type": "INPUT", "Arguments": [1], "Removed Arguments": [], "Result": 1}, {"Node Type": "INPUT", "Result Type": "INPUT", "Arguments": [2], "Removed Arguments": [], "Result": 2}, {"Node Type": "INPUT", "Result Type": "INPUT", "Arguments": [3], "Removed Arguments": [], "Result": 3}, {"Node Type": "INPUT", "Result Type": "INPUT", "Arguments": [4], "Removed Arguments": [], "Result": 4}, {"Node Type": "INPUT", "Result Type": "INPUT", "Arguments": [5], "Removed Arguments": [], "Result": 5}, {"Node Type": "INPUT", "Result Type": "INPUT", "Arguments": [6], "Removed Arguments": [], "Result": 6}, {"Node Type": "INPUT", "Result Type": "INPUT", "Arguments": [7], "Removed Arguments": [], "Result": 7}, {"Node Type": "INPUT", "Result Type": "INPUT", "Arguments": [8], "Removed Arguments": [], "Result": 8}, {"Node Type": "INPUT", "Result Type": "INPUT", "Arguments": [9], "Removed Arguments": [], "Result": 9}, {"Node Type": "INPUT", "Result Type": "INPUT", "Arguments": [10], "Removed Arguments": [10], "Result": 10}, {"Node Type": "INPUT", "Result Type": "INPUT", "Arguments": [11], "Removed Arguments": [], "Result": 11}, {"Node Type": "COLUMN", "Result Type": "COLUMN", "Column": "Const(String)", "Arguments": [], "Removed Arguments": [], "Result": 12}, {"Node Type": "COLUMN", "Result Type": "COLUMN", "Column": "Const(String)", "Arguments": [], "Removed Arguments": [], "Result": 13}, {"Node Type": "COLUMN", "Result Type": "COLUMN", "Column": "Const(String)", "Arguments": [], "Removed Arguments": [], "Result": 14}, {"Node Type": "COLUMN", "Result Type": "COLUMN", "Column": "Const(Set)", "Arguments": [], "Removed Arguments": [], "Result": 15}, {"Node Type": "COLUMN", "Result Type": "COLUMN", "Column": "Const(UInt16)", "Arguments": [], "Removed Arguments": [], "Result": 16}, {"Node Type": "FUNCTION", "Result Type": "FUNCTION", "Function": "equals", "Compiled": false, "Arguments": [1, 3], "Removed Arguments": [1, 3], "Result": 17}, {"Node Type": "FUNCTION", "Result Type": "FUNCTION", "Function": "equals", "Compiled": false, "Arguments": [2, 6], "Removed Arguments": [2, 6], "Result": 3}, {"Node Type": "FUNCTION", "Result Type": "FUNCTION", "Function": "equals", "Compiled": false, "Arguments": [9, 7], "Removed Arguments": [7], "Result": 6}, {"Node Type": "FUNCTION", "Result Type": "FUNCTION", "Function": "equals", "Compiled": false, "Arguments": [9, 4], "Removed Arguments": [9, 4], "Result": 7}, {"Node Type": "FUNCTION", "Result Type": "FUNCTION", "Function": "equals", "Compiled": false, "Arguments": [0, 12], "Removed Arguments": [0, 12], "Result": 4}, {"Node Type": "FUNCTION", "Result Type": "FUNCTION", "Function": "notLike", "Compiled": false, "Arguments": [5, 13], "Removed Arguments": [13], "Result": 12}, {"Node Type": "FUNCTION", "Result Type": "FUNCTION", "Function": "like", "Compiled": false, "Arguments": [5, 14], "Removed Arguments": [5, 14], "Result": 13}, {"Node Type": "FUNCTION", "Result Type": "FUNCTION", "Function": "in", "Compiled": false, "Arguments": [8, 15], "Removed Arguments": [8, 15], "Result": 14}, {"Node Type": "FUNCTION", "Result Type": "FUNCTION", "Function": "greater", "Compiled": false, "Arguments": [11, 16], "Removed Arguments": [11, 16], "Result": 15}, {"Node Type": "FUNCTION", "Result Type": "FUNCTION", "Function": "and", "Compiled": false, "Arguments": [4, 12, 13, 14, 15, 6, 7, 17, 3], "Removed Arguments": [4, 12, 13, 14, 15, 6, 7, 17, 3], "Result": 16}], "Outputs": [{"Name": "title", "Type": "String"}, {"Name": "and(equals(kind, 'production companies'), notLike(--mc.note, '%(TV)%'), like(--mc.note, '%(USA)%'), in(--mi.info, ('Sweden', 'Norway', 'Germany', 'Denmark', 'Swedish', 'Denish', 'Norwegian', 'German', 'USA', 'American')), greater(production_year, 1990), equals(id, --mi.movie_id), equals(id, --mc.movie_id), equals(--mc.movie_id, --mi.movie_id), equals(--ct.id, company_type_id), equals(--it.id, info_type_id))", "Type": "UInt8"}], "Positions": [10, 16], "Project Input": true}, "Plans": [{"Node Type": "Join", "Description": "JOIN", "Header": [{"Name": "kind", "Type": "String"}, {"Name": "--ct.id", "Type": "Int64"}, {"Name": "--it.id", "Type": "Int64"}, {"Name": "company_type_id", "Type": "Int64"}, {"Name": "--mc.movie_id", "Type": "Int64"}, {"Name": "--mc.note", "Type": "String"}, {"Name": "info_type_id", "Type": "Int64"}, {"Name": "--mi.movie_id", "Type": "Int64"}, {"Name": "--mi.info", "Type": "String"}, {"Name": "title", "Type": "String"}, {"Name": "production_year", "Type": "Int64"}, {"Name": "id", "Type": "Int64"}], "Plans": [{"Node Type": "Filter", "Description": "( + (Before JOIN + (Projection + Before ORDER BY)))", "Header": [{"Name": "kind", "Type": "String"}, {"Name": "--ct.id", "Type": "Int64"}, {"Name": "--it.id", "Type": "Int64"}, {"Name": "company_type_id", "Type": "Int64"}, {"Name": "--mc.movie_id", "Type": "Int64"}, {"Name": "--mc.note", "Type": "String"}, {"Name": "info_type_id", "Type": "Int64"}, {"Name": "--mi.movie_id", "Type": "Int64"}, {"Name": "--mi.info", "Type": "String"}], "Filter Column": "equals(--mc.movie_id, --mi.movie_id)", "Removes Filter": true, "Expression": {"Inputs": [{"Name": "kind", "Type": "String"}, {"Name": "--ct.id", "Type": "Int64"}, {"Name": "--it.id", "Type": "Int64"}, {"Name": "company_type_id", "Type": "Int64"}, {"Name": "--mc.movie_id", "Type": "Int64"}, {"Name": "--mc.note", "Type": "String"}, {"Name": "movie_id", "Type": "Int64"}, {"Name": "info_type_id", "Type": "Int64"}, {"Name": "info", "Type": "String"}], "Actions": [{"Node Type": "INPUT", "Result Type": "INPUT", "Arguments": [0], "Removed Arguments": [0], "Result": 0}, {"Node Type": "INPUT", "Result Type": "INPUT", "Arguments": [1], "Removed Arguments": [1], "Result": 1}, {"Node Type": "INPUT", "Result Type": "INPUT", "Arguments": [2], "Removed Arguments": [2], "Result": 2}, {"Node Type": "INPUT", "Result Type": "INPUT", "Arguments": [3], "Removed Arguments": [3], "Result": 3}, {"Node Type": "INPUT", "Result Type": "INPUT", "Arguments": [4], "Removed Arguments": [], "Result": 4}, {"Node Type": "INPUT", "Result Type": "INPUT", "Arguments": [5], "Removed Arguments": [5], "Result": 5}, {"Node Type": "INPUT", "Result Type": "INPUT", "Arguments": [6], "Removed Arguments": [], "Result": 6}, {"Node Type": "INPUT", "Result Type": "INPUT", "Arguments": [7], "Removed Arguments": [7], "Result": 7}, {"Node Type": "INPUT", "Result Type": "INPUT", "Arguments": [8], "Removed Arguments": [], "Result": 8}, {"Node Type": "ALIAS", "Result Type": "ALIAS", "Arguments": [6], "Removed Arguments": [6], "Result": 9}, {"Node Type": "ALIAS", "Result Type": "ALIAS", "Arguments": [8], "Removed Arguments": [8], "Result": 6}, {"Node Type": "FUNCTION", "Result Type": "FUNCTION", "Function": "equals", "Compiled": false, "Arguments": [4, 9], "Removed Arguments": [], "Result": 8}], "Outputs": [{"Name": "equals(--mc.movie_id, --mi.movie_id)", "Type": "UInt8"}, {"Name": "kind", "Type": "String"}, {"Name": "--ct.id", "Type": "Int64"}, {"Name": "--it.id", "Type": "Int64"}, {"Name": "company_type_id", "Type": "Int64"}, {"Name": "--mc.movie_id", "Type": "Int64"}, {"Name": "--mc.note", "Type": "String"}, {"Name": "info_type_id", "Type": "Int64"}, {"Name": "--mi.movie_id", "Type": "Int64"}, {"Name": "--mi.info", "Type": "String"}], "Positions": [8, 0, 1, 2, 3, 4, 5, 7, 9, 6], "Project Input": true}, "Plans": [{"Node Type": "Filter", "Description": "WHERE", "Header": [{"Name": "kind", "Type": "String"}, {"Name": "--ct.id", "Type": "Int64"}, {"Name": "--it.id", "Type": "Int64"}, {"Name": "company_type_id", "Type": "Int64"}, {"Name": "--mc.movie_id", "Type": "Int64"}, {"Name": "--mc.note", "Type": "String"}, {"Name": "movie_id", "Type": "Int64"}, {"Name": "info_type_id", "Type": "Int64"}, {"Name": "info", "Type": "String"}], "Filter Column": "and(and(and(and(and(and(equals(--it.id, info_type_id), equals(--ct.id, company_type_id)), equals(--mc.movie_id, movie_id)), in(info, ('Sweden', 'Norway', 'Germany', 'Denmark', 'Swedish', 'Denish', 'Norwegian', 'German', 'USA', 'American'))), like(--mc.note, '%(USA)%')), notLike(--mc.note, '%(TV)%')), equals(kind, 'production companies'))", "Removes Filter": true, "Expression": {"Inputs": [{"Name": "kind", "Type": "String"}, {"Name": "--ct.id", "Type": "Int64"}, {"Name": "--it.id", "Type": "Int64"}, {"Name": "company_type_id", "Type": "Int64"}, {"Name": "--mc.movie_id", "Type": "Int64"}, {"Name": "--mc.note", "Type": "String"}, {"Name": "movie_id", "Type": "Int64"}, {"Name": "info_type_id", "Type": "Int64"}, {"Name": "info", "Type": "String"}], "Actions": [{"Node Type": "INPUT", "Result Type": "INPUT", "Arguments": [0], "Removed Arguments": [], "Result": 0}, {"Node Type": "INPUT", "Result Type": "INPUT", "Arguments": [1], "Removed Arguments": [], "Result": 1}, {"Node Type": "INPUT", "Result Type": "INPUT", "Arguments": [2], "Removed Arguments": [], "Result": 2}, {"Node Type": "INPUT", "Result Type": "INPUT", "Arguments": [3], "Removed Arguments": [], "Result": 3}, {"Node Type": "INPUT", "Result Type": "INPUT", "Arguments": [4], "Removed Arguments": [], "Result": 4}, {"Node Type": "INPUT", "Result Type": "INPUT", "Arguments": [5], "Removed Arguments": [], "Result": 5}, {"Node Type": "INPUT", "Result Type": "INPUT", "Arguments": [6], "Removed Arguments": [], "Result": 6}, {"Node Type": "INPUT", "Result Type": "INPUT", "Arguments": [7], "Removed Arguments": [], "Result": 7}, {"Node Type": "INPUT", "Result Type": "INPUT", "Arguments": [8], "Removed Arguments": [], "Result": 8}, {"Node Type": "COLUMN", "Result Type": "COLUMN", "Column": "Const(Set)", "Arguments": [], "Removed Arguments": [], "Result": 9}, {"Node Type": "COLUMN", "Result Type": "COLUMN", "Column": "Const(String)", "Arguments": [], "Removed Arguments": [], "Result": 10}, {"Node Type": "COLUMN", "Result Type": "COLUMN", "Column": "Const(String)", "Arguments": [], "Removed Arguments": [], "Result": 11}, {"Node Type": "COLUMN", "Result Type": "COLUMN", "Column": "Const(String)", "Arguments": [], "Removed Arguments": [], "Result": 12}, {"Node Type": "FUNCTION", "Result Type": "FUNCTION", "Function": "equals", "Compiled": false, "Arguments": [1, 3], "Removed Arguments": [], "Result": 13}, {"Node Type": "FUNCTION", "Result Type": "FUNCTION", "Function": "equals", "Compiled": false, "Arguments": [4, 6], "Removed Arguments": [], "Result": 14}, {"Node Type": "FUNCTION", "Result Type": "FUNCTION", "Function": "equals", "Compiled": false, "Arguments": [2, 7], "Removed Arguments": [], "Result": 15}, {"Node Type": "FUNCTION", "Result Type": "FUNCTION", "Function": "in", "Compiled": false, "Arguments": [8, 9], "Removed Arguments": [9], "Result": 16}, {"Node Type": "FUNCTION", "Result Type": "FUNCTION", "Function": "like", "Compiled": false, "Arguments": [5, 10], "Removed Arguments": [10], "Result": 9}, {"Node Type": "FUNCTION", "Result Type": "FUNCTION", "Function": "notLike", "Compiled": false, "Arguments": [5, 11], "Removed Arguments": [11], "Result": 10}, {"Node Type": "FUNCTION", "Result Type": "FUNCTION", "Function": "equals", "Compiled": false, "Arguments": [0, 12], "Removed Arguments": [12], "Result": 11}, {"Node Type": "FUNCTION", "Result Type": "FUNCTION", "Function": "and", "Compiled": false, "Arguments": [15, 13], "Removed Arguments": [15, 13], "Result": 12}, {"Node Type": "FUNCTION", "Result Type": "FUNCTION", "Function": "and", "Compiled": false, "Arguments": [12, 14], "Removed Arguments": [12, 14], "Result": 13}, {"Node Type": "FUNCTION", "Result Type": "FUNCTION", "Function": "and", "Compiled": false, "Arguments": [13, 16], "Removed Arguments": [13, 16], "Result": 14}, {"Node Type": "FUNCTION", "Result Type": "FUNCTION", "Function": "and", "Compiled": false, "Arguments": [14, 9], "Removed Arguments": [14, 9], "Result": 16}, {"Node Type": "FUNCTION", "Result Type": "FUNCTION", "Function": "and", "Compiled": false, "Arguments": [16, 10], "Removed Arguments": [16, 10], "Result": 9}, {"Node Type": "FUNCTION", "Result Type": "FUNCTION", "Function": "and", "Compiled": false, "Arguments": [9, 11], "Removed Arguments": [9, 11], "Result": 10}], "Outputs": [{"Name": "kind", "Type": "String"}, {"Name": "--ct.id", "Type": "Int64"}, {"Name": "--it.id", "Type": "Int64"}, {"Name": "company_type_id", "Type": "Int64"}, {"Name": "--mc.movie_id", "Type": "Int64"}, {"Name": "--mc.note", "Type": "String"}, {"Name": "movie_id", "Type": "Int64"}, {"Name": "info_type_id", "Type": "Int64"}, {"Name": "info", "Type": "String"}, {"Name": "and(and(and(and(and(and(equals(--it.id, info_type_id), equals(--ct.id, company_type_id)), equals(--mc.movie_id, movie_id)), in(info, ('Sweden', 'Norway', 'Germany', 'Denmark', 'Swedish', 'Denish', 'Norwegian', 'German', 'USA', 'American'))), like(--mc.note, '%(USA)%')), notLike(--mc.note, '%(TV)%')), equals(kind, 'production companies'))", "Type": "UInt8"}], "Positions": [0, 1, 2, 3, 4, 5, 6, 7, 8, 10], "Project Input": true}, "Plans": [{"Node Type": "Join", "Description": "JOIN", "Header": [{"Name": "kind", "Type": "String"}, {"Name": "--ct.id", "Type": "Int64"}, {"Name": "--it.id", "Type": "Int64"}, {"Name": "company_type_id", "Type": "Int64"}, {"Name": "--mc.movie_id", "Type": "Int64"}, {"Name": "--mc.note", "Type": "String"}, {"Name": "movie_id", "Type": "Int64"}, {"Name": "info", "Type": "String"}, {"Name": "info_type_id", "Type": "Int64"}], "Plans": [{"Node Type": "Expression", "Description": "(Before JOIN + (Projection + Before ORDER BY))", "Header": [{"Name": "kind", "Type": "String"}, {"Name": "--ct.id", "Type": "Int64"}, {"Name": "--it.id", "Type": "Int64"}, {"Name": "company_type_id", "Type": "Int64"}, {"Name": "--mc.movie_id", "Type": "Int64"}, {"Name": "--mc.note", "Type": "String"}], "Expression": {"Inputs": [{"Name": "kind", "Type": "String"}, {"Name": "--ct.id", "Type": "Int64"}, {"Name": "--it.id", "Type": "Int64"}, {"Name": "movie_id", "Type": "Int64"}, {"Name": "company_type_id", "Type": "Int64"}, {"Name": "note", "Type": "String"}], "Actions": [{"Node Type": "INPUT", "Result Type": "INPUT", "Arguments": [0], "Removed Arguments": [0], "Result": 0}, {"Node Type": "INPUT", "Result Type": "INPUT", "Arguments": [1], "Removed Arguments": [1], "Result": 1}, {"Node Type": "INPUT", "Result Type": "INPUT", "Arguments": [2], "Removed Arguments": [2], "Result": 2}, {"Node Type": "INPUT", "Result Type": "INPUT", "Arguments": [3], "Removed Arguments": [], "Result": 3}, {"Node Type": "INPUT", "Result Type": "INPUT", "Arguments": [4], "Removed Arguments": [4], "Result": 4}, {"Node Type": "INPUT", "Result Type": "INPUT", "Arguments": [5], "Removed Arguments": [], "Result": 5}, {"Node Type": "ALIAS", "Result Type": "ALIAS", "Arguments": [3], "Removed Arguments": [3], "Result": 6}, {"Node Type": "ALIAS", "Result Type": "ALIAS", "Arguments": [5], "Removed Arguments": [5], "Result": 3}], "Outputs": [{"Name": "kind", "Type": "String"}, {"Name": "--ct.id", "Type": "Int64"}, {"Name": "--it.id", "Type": "Int64"}, {"Name": "company_type_id", "Type": "Int64"}, {"Name": "--mc.movie_id", "Type": "Int64"}, {"Name": "--mc.note", "Type": "String"}], "Positions": [0, 1, 2, 4, 6, 3], "Project Input": true}, "Plans": [{"Node Type": "Filter", "Description": "WHERE", "Header": [{"Name": "kind", "Type": "String"}, {"Name": "--ct.id", "Type": "Int64"}, {"Name": "--it.id", "Type": "Int64"}, {"Name": "movie_id", "Type": "Int64"}, {"Name": "company_type_id", "Type": "Int64"}, {"Name": "note", "Type": "String"}], "Filter Column": "and(and(and(equals(--ct.id, company_type_id), like(note, '%(USA)%')), notLike(note, '%(TV)%')), equals(kind, 'production companies'))", "Removes Filter": true, "Expression": {"Inputs": [{"Name": "kind", "Type": "String"}, {"Name": "--ct.id", "Type": "Int64"}, {"Name": "--it.id", "Type": "Int64"}, {"Name": "movie_id", "Type": "Int64"}, {"Name": "company_type_id", "Type": "Int64"}, {"Name": "note", "Type": "String"}], "Actions": [{"Node Type": "INPUT", "Result Type": "INPUT", "Arguments": [0], "Removed Arguments": [], "Result": 0}, {"Node Type": "INPUT", "Result Type": "INPUT", "Arguments": [1], "Removed Arguments": [], "Result": 1}, {"Node Type": "INPUT", "Result Type": "INPUT", "Arguments": [2], "Removed Arguments": [2], "Result": 2}, {"Node Type": "INPUT", "Result Type": "INPUT", "Arguments": [3], "Removed Arguments": [3], "Result": 3}, {"Node Type": "INPUT", "Result Type": "INPUT", "Arguments": [4], "Removed Arguments": [], "Result": 4}, {"Node Type": "INPUT", "Result Type": "INPUT", "Arguments": [5], "Removed Arguments": [], "Result": 5}, {"Node Type": "COLUMN", "Result Type": "COLUMN", "Column": "Const(String)", "Arguments": [], "Removed Arguments": [], "Result": 6}, {"Node Type": "COLUMN", "Result Type": "COLUMN", "Column": "Const(String)", "Arguments": [], "Removed Arguments": [], "Result": 7}, {"Node Type": "COLUMN", "Result Type": "COLUMN", "Column": "Const(String)", "Arguments": [], "Removed Arguments": [], "Result": 8}, {"Node Type": "FUNCTION", "Result Type": "FUNCTION", "Function": "equals", "Compiled": false, "Arguments": [1, 4], "Removed Arguments": [], "Result": 9}, {"Node Type": "FUNCTION", "Result Type": "FUNCTION", "Function": "like", "Compiled": false, "Arguments": [5, 6], "Removed Arguments": [6], "Result": 10}, {"Node Type": "FUNCTION", "Result Type": "FUNCTION", "Function": "notLike", "Compiled": false, "Arguments": [5, 7], "Removed Arguments": [7], "Result": 6}, {"Node Type": "FUNCTION", "Result Type": "FUNCTION", "Function": "equals", "Compiled": false, "Arguments": [0, 8], "Removed Arguments": [8], "Result": 7}, {"Node Type": "FUNCTION", "Result Type": "FUNCTION", "Function": "and", "Compiled": false, "Arguments": [9, 10], "Removed Arguments": [9, 10], "Result": 8}, {"Node Type": "FUNCTION", "Result Type": "FUNCTION", "Function": "and", "Compiled": false, "Arguments": [8, 6], "Removed Arguments": [8, 6], "Result": 10}, {"Node Type": "FUNCTION", "Result Type": "FUNCTION", "Function": "and", "Compiled": false, "Arguments": [10, 7], "Removed Arguments": [10, 7], "Result": 6}], "Outputs": [{"Name": "kind", "Type": "String"}, {"Name": "--ct.id", "Type": "Int64"}, {"Name": "--it.id", "Type": "Int64"}, {"Name": "movie_id", "Type": "Int64"}, {"Name": "company_type_id", "Type": "Int64"}, {"Name": "note", "Type": "String"}, {"Name": "and(and(and(equals(--ct.id, company_type_id), like(note, '%(USA)%')), notLike(note, '%(TV)%')), equals(kind, 'production companies'))", "Type": "UInt8"}], "Positions": [0, 1, 2, 3, 4, 5, 6], "Project Input": true}, "Plans": [{"Node Type": "Join", "Description": "JOIN", "Header": [{"Name": "kind", "Type": "String"}, {"Name": "--ct.id", "Type": "Int64"}, {"Name": "--it.id", "Type": "Int64"}, {"Name": "movie_id", "Type": "Int64"}, {"Name": "note", "Type": "String"}, {"Name": "company_type_id", "Type": "Int64"}], "Plans": [{"Node Type": "Expression", "Description": "(Before JOIN + (Projection + Before ORDER BY))", "Header": [{"Name": "kind", "Type": "String"}, {"Name": "--ct.id", "Type": "Int64"}, {"Name": "--it.id", "Type": "Int64"}], "Expression": {"Inputs": [{"Name": "kind", "Type": "String"}, {"Name": "id", "Type": "Int64"}, {"Name": "it.id", "Type": "Int64"}], "Actions": [{"Node Type": "INPUT", "Result Type": "INPUT", "Arguments": [0], "Removed Arguments": [0], "Result": 0}, {"Node Type": "INPUT", "Result Type": "INPUT", "Arguments": [1], "Removed Arguments": [], "Result": 1}, {"Node Type": "INPUT", "Result Type": "INPUT", "Arguments": [2], "Removed Arguments": [], "Result": 2}, {"Node Type": "ALIAS", "Result Type": "ALIAS", "Arguments": [1], "Removed Arguments": [1], "Result": 3}, {"Node Type": "ALIAS", "Result Type": "ALIAS", "Arguments": [2], "Removed Arguments": [2], "Result": 1}], "Outputs": [{"Name": "kind", "Type": "String"}, {"Name": "--ct.id", "Type": "Int64"}, {"Name": "--it.id", "Type": "Int64"}], "Positions": [0, 3, 1], "Project Input": true}, "Plans": [{"Node Type": "Join", "Description": "JOIN", "Header": [{"Name": "kind", "Type": "String"}, {"Name": "id", "Type": "Int64"}, {"Name": "it.id", "Type": "Int64"}], "Plans": [{"Node Type": "Expression", "Description": "Before JOIN", "Header": [{"Name": "kind", "Type": "String"}, {"Name": "id", "Type": "Int64"}], "Expression": {"Inputs": [{"Name": "kind", "Type": "String"}, {"Name": "id", "Type": "Int64"}], "Actions": [{"Node Type": "INPUT", "Result Type": "INPUT", "Arguments": [0], "Removed Arguments": [0], "Result": 0}, {"Node Type": "INPUT", "Result Type": "INPUT", "Arguments": [1], "Removed Arguments": [1], "Result": 1}], "Outputs": [{"Name": "kind", "Type": "String"}, {"Name": "id", "Type": "Int64"}], "Positions": [0, 1], "Project Input": false}, "Plans": [{"Node Type": "SettingQuotaAndLimits", "Description": "Set limits and quota after reading from storage", "Header": [{"Name": "kind", "Type": "String"}, {"Name": "id", "Type": "Int64"}], "Plans": [{"Node Type": "ReadFromMergeTree", "Header": [{"Name": "kind", "Type": "String"}, {"Name": "id", "Type": "Int64"}], "Read Type": "Default", "Parts": 1, "Granules": 1}]}]}, {"Node Type": "Expression", "Description": "(Joined actions + (Rename joined columns + (Projection + Before ORDER BY)))", "Header": [{"Name": "it.id", "Type": "Int64"}], "Expression": {"Inputs": [{"Name": "id", "Type": "Int64"}], "Actions": [{"Node Type": "INPUT", "Result Type": "INPUT", "Arguments": [0], "Removed Arguments": [], "Result": 0}, {"Node Type": "ALIAS", "Result Type": "ALIAS", "Arguments": [0], "Removed Arguments": [0], "Result": 1}], "Outputs": [{"Name": "it.id", "Type": "Int64"}], "Positions": [1], "Project Input": true}, "Plans": [{"Node Type": "SettingQuotaAndLimits", "Description": "Set limits and quota after reading from storage", "Header": [{"Name": "id", "Type": "Int64"}], "Plans": [{"Node Type": "ReadFromMergeTree", "Header": [{"Name": "id", "Type": "Int64"}], "Read Type": "Default", "Parts": 1, "Granules": 1}]}]}]}]}, {"Node Type": "Expression", "Description": "(Joined actions + (Rename joined columns + (Projection + Before ORDER BY)))", "Header": [{"Name": "company_type_id", "Type": "Int64"}, {"Name": "movie_id", "Type": "Int64"}, {"Name": "note", "Type": "String"}], "Expression": {"Inputs": [{"Name": "movie_id", "Type": "Int64"}, {"Name": "company_type_id", "Type": "Int64"}, {"Name": "note", "Type": "String"}], "Actions": [{"Node Type": "INPUT", "Result Type": "INPUT", "Arguments": [0], "Removed Arguments": [], "Result": 0}, {"Node Type": "INPUT", "Result Type": "INPUT", "Arguments": [1], "Removed Arguments": [], "Result": 1}, {"Node Type": "INPUT", "Result Type": "INPUT", "Arguments": [2], "Removed Arguments": [], "Result": 2}, {"Node Type": "ALIAS", "Result Type": "ALIAS", "Arguments": [0], "Removed Arguments": [0], "Result": 3}, {"Node Type": "ALIAS", "Result Type": "ALIAS", "Arguments": [1], "Removed Arguments": [1], "Result": 0}, {"Node Type": "ALIAS", "Result Type": "ALIAS", "Arguments": [2], "Removed Arguments": [2], "Result": 1}], "Outputs": [{"Name": "company_type_id", "Type": "Int64"}, {"Name": "movie_id", "Type": "Int64"}, {"Name": "note", "Type": "String"}], "Positions": [0, 3, 1], "Project Input": true}, "Plans": [{"Node Type": "SettingQuotaAndLimits", "Description": "Set limits and quota after reading from storage", "Header": [{"Name": "movie_id", "Type": "Int64"}, {"Name": "company_type_id", "Type": "Int64"}, {"Name": "note", "Type": "String"}], "Plans": [{"Node Type": "ReadFromMergeTree", "Header": [{"Name": "movie_id", "Type": "Int64"}, {"Name": "company_type_id", "Type": "Int64"}, {"Name": "note", "Type": "String"}], "Read Type": "Default", "Parts": 1, "Granules": 318}]}]}]}]}]}, {"Node Type": "Expression", "Description": "(Joined actions + (Rename joined columns + (Projection + Before ORDER BY)))", "Header": [{"Name": "movie_id", "Type": "Int64"}, {"Name": "info_type_id", "Type": "Int64"}, {"Name": "--mi.movie_id", "Type": "Int64"}, {"Name": "info", "Type": "String"}], "Expression": {"Inputs": [{"Name": "movie_id", "Type": "Int64"}, {"Name": "info_type_id", "Type": "Int64"}, {"Name": "info", "Type": "String"}], "Actions": [{"Node Type": "INPUT", "Result Type": "INPUT", "Arguments": [0], "Removed Arguments": [], "Result": 0}, {"Node Type": "INPUT", "Result Type": "INPUT", "Arguments": [1], "Removed Arguments": [], "Result": 1}, {"Node Type": "INPUT", "Result Type": "INPUT", "Arguments": [2], "Removed Arguments": [], "Result": 2}, {"Node Type": "ALIAS", "Result Type": "ALIAS", "Arguments": [0], "Removed Arguments": [0], "Result": 3}, {"Node Type": "ALIAS", "Result Type": "ALIAS", "Arguments": [1], "Removed Arguments": [1], "Result": 0}, {"Node Type": "ALIAS", "Result Type": "ALIAS", "Arguments": [2], "Removed Arguments": [2], "Result": 1}, {"Node Type": "ALIAS", "Result Type": "ALIAS", "Arguments": [3], "Removed Arguments": [], "Result": 2}], "Outputs": [{"Name": "movie_id", "Type": "Int64"}, {"Name": "info_type_id", "Type": "Int64"}, {"Name": "--mi.movie_id", "Type": "Int64"}, {"Name": "info", "Type": "String"}], "Positions": [3, 0, 2, 1], "Project Input": true}, "Plans": [{"Node Type": "SettingQuotaAndLimits", "Description": "Set limits and quota after reading from storage", "Header": [{"Name": "movie_id", "Type": "Int64"}, {"Name": "info_type_id", "Type": "Int64"}, {"Name": "info", "Type": "String"}], "Plans": [{"Node Type": "ReadFromMergeTree", "Header": [{"Name": "movie_id", "Type": "Int64"}, {"Name": "info_type_id", "Type": "Int64"}, {"Name": "info", "Type": "String"}], "Read Type": "Default", "Parts": 2, "Granules": 1749}]}]}]}]}]}, {"Node Type": "Expression", "Description": "(Joined actions + (Rename joined columns + (Projection + Before ORDER BY)))", "Header": [{"Name": "id", "Type": "Int64"}, {"Name": "title", "Type": "String"}, {"Name": "production_year", "Type": "Int64"}], "Expression": {"Inputs": [{"Name": "id", "Type": "Int64"}, {"Name": "title", "Type": "String"}, {"Name": "production_year", "Type": "Int64"}], "Actions": [{"Node Type": "INPUT", "Result Type": "INPUT", "Arguments": [0], "Removed Arguments": [], "Result": 0}, {"Node Type": "INPUT", "Result Type": "INPUT", "Arguments": [1], "Removed Arguments": [], "Result": 1}, {"Node Type": "INPUT", "Result Type": "INPUT", "Arguments": [2], "Removed Arguments": [], "Result": 2}, {"Node Type": "ALIAS", "Result Type": "ALIAS", "Arguments": [0], "Removed Arguments": [0], "Result": 3}, {"Node Type": "ALIAS", "Result Type": "ALIAS", "Arguments": [1], "Removed Arguments": [1], "Result": 0}, {"Node Type": "ALIAS", "Result Type": "ALIAS", "Arguments": [2], "Removed Arguments": [2], "Result": 1}], "Outputs": [{"Name": "id", "Type": "Int64"}, {"Name": "title", "Type": "String"}, {"Name": "production_year", "Type": "Int64"}], "Positions": [3, 0, 1], "Project Input": true}, "Plans": [{"Node Type": "SettingQuotaAndLimits", "Description": "Set limits and quota after reading from storage", "Header": [{"Name": "id", "Type": "Int64"}, {"Name": "title", "Type": "String"}, {"Name": "production_year", "Type": "Int64"}], "Plans": [{"Node Type": "ReadFromMergeTree", "Header": [{"Name": "id", "Type": "Int64"}, {"Name": "title", "Type": "String"}, {"Name": "production_year", "Type": "Int64"}], "Read Type": "Default", "Parts": 2, "Granules": 308}]}]}]}]}]}]}]}}]